Date,Adj Close,Close,High,Low,Open,Volume
2010-01-04,1.3257817029953003,1.8860000371932983,1.8899999856948853,1.8009999990463257,1.8300000429153442,5387000
2010-01-05,1.335623025894165,1.899999976158142,1.9240000247955322,1.809999942779541,1.8949999809265137,3011000
2010-01-06,1.3461672067642212,1.9149999618530273,1.9299999475479126,1.8589999675750732,1.8949999809265137,5331000
2010-01-07,1.3377323150634766,1.902999997138977,1.9170000553131104,1.8650000095367432,1.9040000438690186,2718000
2010-01-08,1.3475735187530518,1.9170000553131104,1.9299999475479126,1.8849999904632568,1.8899999856948853,2899000
2010-01-11,1.3560092449188232,1.9290000200271606,1.9550000429153442,1.902999997138977,1.9199999570846558,5127000
2010-01-12,1.335623025894165,1.899999976158142,1.9140000343322754,1.8739999532699585,1.9140000343322754,9167000
2010-01-13,1.2948518991470337,1.8420000076293945,1.8960000276565552,1.8250000476837158,1.8960000276565552,9439000
2010-01-14,1.2955543994903564,1.843000054359436,1.8869999647140503,1.815000057220459,1.8480000495910645,10654000
2010-01-15,1.282198429107666,1.8240000009536743,1.8559999465942383,1.815000057220459,1.8559999465942383,1587000
2010-01-19,1.2519710063934326,1.781000018119812,1.815000057220459,1.7300000190734863,1.7899999618530273,3813000
2010-01-20,1.2625151872634888,1.7960000038146973,1.8009999990463257,1.74399995803833,1.7710000276565552,1938000
2010-01-21,1.2646243572235107,1.7990000247955322,1.8489999771118164,1.7790000438690186,1.7869999408721924,3386000
2010-01-22,1.2343966960906982,1.75600004196167,1.805999994277954,1.7380000352859497,1.7879999876022339,9235000
2010-01-25,1.240723967552185,1.7649999856948853,1.7799999713897705,1.746000051498413,1.7669999599456787,2614000
2010-01-26,1.248456358909607,1.7760000228881836,1.7999999523162842,1.684000015258789,1.7029999494552612,7654000
2010-01-27,1.2238528728485107,1.7410000562667847,1.7949999570846558,1.725000023841858,1.7640000581741333,6963000
2010-01-28,1.2456446886062622,1.7719999551773071,1.7740000486373901,1.725000023841858,1.7549999952316284,144576000
2010-01-29,1.2217434644699097,1.7380000352859497,1.7860000133514404,1.725000023841858,1.7719999551773071,33570000
2010-02-01,1.230178952217102,1.75,1.7690000534057617,1.7289999723434448,1.7380000352859497,5095000
2010-02-02,1.2442387342453003,1.7699999809265137,1.7799999713897705,1.7350000143051147,1.7510000467300415,17729000
2010-02-03,1.2386150360107422,1.7619999647140503,1.7690000534057617,1.7480000257492065,1.753999948501587,12857000
2010-02-04,1.2104960680007935,1.722000002861023,1.7580000162124634,1.7059999704360962,1.7380000352859497,13767000
2010-02-05,1.2090905904769897,1.7200000286102295,1.7319999933242798,1.659999966621399,1.725000023841858,5387000
2010-02-08,1.1957342624664307,1.7009999752044678,1.7289999723434448,1.687000036239624,1.7079999446868896,4983000
2010-02-09,1.1943281888961792,1.6990000009536743,1.7380000352859497,1.6820000410079956,1.7039999961853027,1896000
2010-02-10,1.1809718608856201,1.6799999475479126,1.694000005722046,1.6510000228881836,1.6859999895095825,5780000
2010-02-11,1.2041691541671753,1.7130000591278076,1.725000023841858,1.649999976158142,1.6759999990463257,3700000
2010-02-12,1.2203378677368164,1.7359999418258667,1.7389999628067017,1.6790000200271606,1.6979999542236328,1632000
2010-02-16,1.2287733554840088,1.7480000257492065,1.7510000467300415,1.7269999980926514,1.7400000095367432,4227000
2010-02-17,1.2238528728485107,1.7410000562667847,1.7599999904632568,1.7170000076293945,1.7599999904632568,5077000
2010-02-18,1.226664423942566,1.7450000047683716,1.75,1.7300000190734863,1.746999979019165,4619000
2010-02-19,1.2322882413864136,1.753000020980835,1.7619999647140503,1.7359999418258667,1.75,3746000
2010-02-22,1.2196348905563354,1.7350000143051147,1.7589999437332153,1.7230000495910645,1.75,8465000
2010-02-23,1.2217434644699097,1.7380000352859497,1.7489999532699585,1.7130000591278076,1.7350000143051147,18202000
2010-02-24,1.247050404548645,1.7740000486373901,1.7869999408721924,1.7410000562667847,1.75,8523000
2010-02-25,1.2716538906097412,1.809000015258789,1.8389999866485596,1.7690000534057617,1.7999999523162842,23197000
2010-02-26,1.2758712768554688,1.815000057220459,1.819000005722046,1.7960000038146973,1.8049999475479126,2807000
2010-03-01,1.2864158153533936,1.8300000429153442,1.8799999952316284,1.812000036239624,1.8700000047683716,8722000
2010-03-02,1.3159403800964355,1.871999979019165,1.8739999532699585,1.819000005722046,1.819000005722046,9810000
2010-03-03,1.3292967081069946,1.8910000324249268,1.99399995803833,1.875,1.875,10634000
2010-03-04,1.3398410081863403,1.906000018119812,1.9240000247955322,1.850000023841858,1.9010000228881836,3966000
2010-03-05,1.3609296083450317,1.9359999895095825,1.965999960899353,1.9049999713897705,1.9049999713897705,3767000
2010-03-08,1.3574151992797852,1.930999994277954,1.9520000219345093,1.909000039100647,1.9479999542236328,2220000
2010-03-09,1.3602268695831299,1.934999942779541,2.0,1.9149999618530273,1.944000005722046,9227000
2010-03-10,1.38764226436615,1.9739999771118164,1.9980000257492065,1.9359999895095825,1.9459999799728394,5449000
2010-03-11,1.3960775136947632,1.9859999418258667,1.996999979019165,1.9789999723434448,1.9789999723434448,3947000
2010-03-12,1.3813155889511108,1.965000033378601,2.0,1.944000005722046,1.9900000095367432,4984000
2010-03-15,1.3651474714279175,1.9420000314712524,1.9559999704360962,1.902999997138977,1.9559999704360962,1792000
2010-03-16,1.3707709312438965,1.9500000476837158,1.968000054359436,1.9160000085830688,1.9420000314712524,1623000
2010-03-17,1.3981863260269165,1.9889999628067017,1.9989999532699585,1.9559999704360962,1.9589999914169312,3094000
2010-03-18,1.4045132398605347,1.9980000257492065,2.0,1.9479999542236328,1.99399995803833,2112000
2010-03-19,1.4136518239974976,2.010999917984009,2.0280001163482666,1.968999981880188,2.010999917984009,6365000
2010-03-22,1.4017012119293213,1.99399995803833,2.015000104904175,1.9700000286102295,1.9869999885559082,4734000
2010-03-23,1.4213842153549194,2.0220000743865967,2.0299999713897705,1.9950000047683716,1.9980000257492065,2819000
2010-03-24,1.3792070150375366,1.9620000123977661,2.0199999809265137,1.9570000171661377,2.0199999809265137,1535000
2010-03-25,1.3813155889511108,1.965000033378601,1.975000023841858,1.930999994277954,1.975000023841858,5835000
2010-03-26,1.3995931148529053,1.9910000562667847,2.0199999809265137,1.965999960899353,1.965999960899353,5250000
2010-03-29,1.4213842153549194,2.0220000743865967,2.0399999618530273,1.99399995803833,2.009000062942505,2961000
2010-03-30,1.4326316118240356,2.0380001068115234,2.0510001182556152,1.996000051498413,2.0280001163482666,3539000
2010-03-31,1.4452847242355347,2.055999994277954,2.068000078201294,2.0169999599456787,2.0390000343322754,6620000
2010-04-01,1.4410667419433594,2.049999952316284,2.0799999237060547,2.009000062942505,2.069000005722046,3246000
2010-04-05,1.4241966009140015,2.0260000228881836,2.069999933242798,1.9789999723434448,2.069000005722046,6120000
2010-04-06,1.4537204504013062,2.068000078201294,2.0829999446868896,2.0,2.005000114440918,2358000
2010-04-07,1.4396611452102661,2.0480000972747803,2.0739998817443848,2.0399999618530273,2.058000087738037,1446000
2010-04-08,1.4129483699798584,2.009999990463257,2.0480000972747803,2.007999897003174,2.0480000972747803,1402000
2010-04-09,1.406622052192688,2.000999927520752,2.0139999389648438,1.9830000400543213,2.009999990463257,1983000
2010-04-12,1.407325029373169,2.002000093460083,2.015000104904175,1.9670000076293945,1.9919999837875366,2867000
2010-04-13,1.4164639711380005,2.015000104904175,2.0239999294281006,1.975000023841858,1.9859999418258667,2367000
2010-04-14,1.5148777961730957,2.1549999713897705,2.1559998989105225,2.049999952316284,2.062999963760376,4783000
2010-04-15,1.5436993837356567,2.196000099182129,2.200000047683716,2.1600000858306885,2.1600000858306885,6148000
2010-04-16,1.53807532787323,2.187999963760376,2.197999954223633,2.1670000553131104,2.197000026702881,3439000
2010-04-19,1.539481282234192,2.190000057220459,2.2039999961853027,2.130000114440918,2.1679999828338623,4867000
2010-04-20,1.5725204944610596,2.236999988555908,2.2880001068115234,2.2179999351501465,2.246999979019165,8506000
2010-04-21,1.5352634191513062,2.184000015258789,2.2829999923706055,2.1459999084472656,2.25,5402000
2010-04-22,1.5134717226028442,2.1530001163482666,2.186000108718872,2.0969998836517334,2.184000015258789,6441000
2010-04-23,1.5106598138809204,2.1489999294281006,2.1619999408721924,2.1080000400543213,2.1429998874664307,1886000
2010-04-26,1.5317490100860596,2.178999900817871,2.203000068664551,2.130000114440918,2.134999990463257,2550000
2010-04-27,1.476215124130249,2.0999999046325684,2.186000108718872,2.0820000171661377,2.186000108718872,2506000
2010-04-28,1.4769179821014404,2.1010000705718994,2.128999948501587,2.068000078201294,2.118000030517578,3139000
2010-04-29,1.5043336153030396,2.140000104904175,2.180000066757202,2.132999897003174,2.132999897003174,3185000
2010-04-30,1.441770315170288,2.0510001182556152,2.1689999103546143,2.0490000247955322,2.1570000648498535,3603000
2010-05-03,1.4846506118774414,2.111999988555908,2.1470000743865967,2.0390000343322754,2.065000057220459,4239000
2010-05-04,1.4094340801239014,2.005000114440918,2.0969998836517334,1.9919999837875366,2.0969998836517334,5540000
2010-05-05,1.377097725868225,1.9589999914169312,2.00600004196167,1.9199999570846558,1.99399995803833,6266000
2010-05-06,1.3496818542480469,1.9199999570846558,1.9579999446868896,1.8550000190734863,1.9570000171661377,9155000
2010-05-07,1.3560092449188232,1.9290000200271606,1.9500000476837158,1.8380000591278076,1.9240000247955322,6025000
2010-05-10,1.4579378366470337,2.0739998817443848,2.0910000801086426,2.0,2.0,8944000
2010-05-11,1.4523142576217651,2.065999984741211,2.0799999237060547,2.0169999599456787,2.0329999923706055,2174000
2010-05-12,1.4565322399139404,2.072000026702881,2.0920000076293945,2.049999952316284,2.055999994277954,3533000
2010-05-13,1.4382550716400146,2.0460000038146973,2.0829999446868896,2.0320000648498535,2.0829999446868896,2919000
2010-05-14,1.42208731174469,2.0230000019073486,2.0490000247955322,1.972000002861023,2.0409998893737793,5049000
2010-05-17,1.4424734115600586,2.052000045776367,2.052000045776367,1.9919999837875366,2.0250000953674316,2929000
2010-05-18,1.4115426540374756,2.007999897003174,2.0880000591278076,1.99399995803833,2.059999942779541,3384000
2010-05-19,1.407325029373169,2.002000093460083,2.0280001163482666,1.8930000066757202,1.9839999675750732,5790000
2010-05-20,1.4129483699798584,2.009999990463257,2.0299999713897705,1.944000005722046,1.9769999980926514,11123000
2010-05-21,1.392562747001648,1.9809999465942383,2.0250000953674316,1.9539999961853027,1.9900000095367432,8233000
2010-05-24,1.3630391359329224,1.9390000104904175,2.0,1.930999994277954,1.975000023841858,4802000
2010-05-25,1.351791501045227,1.9229999780654907,1.934000015258789,1.8519999980926514,1.899999976158142,6804000
2010-05-26,1.407325029373169,2.002000093460083,2.0420000553131104,1.9479999542236328,1.9559999704360962,9462000
2010-05-27,1.5001155138015747,2.134000062942505,2.1549999713897705,2.0290000438690186,2.0369999408721924,10657000
2010-05-28,1.4516115188598633,2.065000057220459,2.1489999294281006,2.0299999713897705,2.1429998874664307,7955000
2010-06-01,1.4333343505859375,2.0390000343322754,2.0989999771118164,2.0339999198913574,2.065999984741211,4561000
2010-06-02,1.4839476346969604,2.1110000610351562,2.1110000610351562,2.0339999198913574,2.0339999198913574,8618000
2010-06-03,1.5226105451583862,2.1659998893737793,2.200000047683716,2.1059999465942383,2.1059999465942383,6463000
2010-06-04,1.462859034538269,2.0810000896453857,2.1440000534057617,2.058000087738037,2.140000104904175,3157000
2010-06-07,1.4600470066070557,2.0769999027252197,2.109999895095825,2.055000066757202,2.0880000591278076,7353000
2010-06-08,1.4825412034988403,2.1089999675750732,2.109999895095825,2.062000036239624,2.0940001010894775,11924000
2010-06-09,1.4811359643936157,2.1070001125335693,2.190000057220459,2.0959999561309814,2.125,8025000
2010-06-10,1.5324523448944092,2.180000066757202,2.197000026702881,2.1489999294281006,2.1500000953674316,10099000
2010-06-11,1.5415905714035034,2.193000078201294,2.197999954223633,2.1429998874664307,2.1500000953674316,7929000
2010-06-14,1.5120662450790405,2.1510000228881836,2.2160000801086426,2.13100004196167,2.2149999141693115,13409000
2010-06-15,1.5640852451324463,2.2249999046325684,2.2699999809265137,2.1570000648498535,2.174999952316284,12082000
2010-06-16,1.6083711385726929,2.2880001068115234,2.3489999771118164,2.2049999237060547,2.2219998836517334,26923000
2010-06-17,1.6414107084274292,2.3350000381469727,2.36899995803833,2.302999973297119,2.3289999961853027,20536000
2010-06-18,1.619618535041809,2.303999900817871,2.3529999256134033,2.2809998989105225,2.3289999961853027,12720000
2010-06-21,1.6161038875579834,2.2990000247955322,2.3399999141693115,2.23799991607666,2.3389999866485596,7111000
2010-06-22,1.5647882223129272,2.2260000705718994,2.303999900817871,2.2100000381469727,2.2890000343322754,12008000
2010-06-23,1.5844706296920776,2.253999948501587,2.2699999809265137,2.1510000228881836,2.25,11441000
2010-06-24,1.4930859804153442,2.124000072479248,2.2679998874664307,2.072999954223633,2.265000104904175,17771000
2010-06-25,1.5092544555664062,2.1470000743865967,2.2070000171661377,2.11299991607666,2.1440000534057617,95883000
2010-06-28,1.528936505317688,2.174999952316284,2.186000108718872,2.052000045776367,2.1540000438690186,9663000
2010-06-29,1.4741063117980957,2.0969998836517334,2.128999948501587,2.0360000133514404,2.128000020980835,13274000
2010-06-30,1.4804335832595825,2.1059999465942383,2.13100004196167,2.066999912261963,2.0889999866485596,13444000
2010-07-01,1.50503671169281,2.1410000324249268,2.1549999713897705,2.068000078201294,2.131999969482422,11503000
2010-07-02,1.5162842273712158,2.1570000648498535,2.1689999103546143,2.127000093460083,2.1480000019073486,5534000
2010-07-06,1.467076301574707,2.0869998931884766,2.2209999561309814,2.075000047683716,2.180999994277954,10588000
2010-07-07,1.5233134031295776,2.1670000553131104,2.1689999103546143,2.049999952316284,2.075000047683716,9493000
2010-07-08,1.5317490100860596,2.178999900817871,2.200000047683716,2.134999990463257,2.1760001182556152,2914000
2010-07-09,1.5472140312194824,2.2009999752044678,2.2009999752044678,2.1500000953674316,2.1740000247955322,3255000
2010-07-12,1.5535407066345215,2.2100000381469727,2.23799991607666,2.1449999809265137,2.184999942779541,4995000
2010-07-13,1.5802526473999023,2.247999906539917,2.25,2.2139999866485596,2.2309999465942383,6589000
2010-07-14,1.5668972730636597,2.2290000915527344,2.2860000133514404,2.2219998836517334,2.25,5384000
2010-07-15,1.6104799509048462,2.2909998893737793,2.299999952316284,2.190999984741211,2.2249999046325684,8355000
2010-07-16,1.545807957649231,2.1989998817443848,2.2950000762939453,2.197999954223633,2.2690000534057617,6599000
2010-07-19,1.5654906034469604,2.2269999980926514,2.236999988555908,2.177999973297119,2.2049999237060547,5262000
2010-07-20,1.546510934829712,2.200000047683716,2.2090001106262207,2.1600000858306885,2.203000068664551,7122000
2010-07-21,1.530342936515808,2.177000045776367,2.2360000610351562,2.171999931335449,2.2170000076293945,5036000
2010-07-22,1.6062625646591187,2.2850000858306885,2.2939999103546143,2.188999891281128,2.203000068664551,8397000
2010-07-23,1.6083711385726929,2.2880001068115234,2.312999963760376,2.25,2.2899999618530273,6317000
2010-07-26,1.602747917175293,2.2799999713897705,2.2950000762939453,2.190999984741211,2.2890000343322754,6892000
2010-07-27,1.5760353803634644,2.242000102996826,2.305999994277954,2.2230000495910645,2.2850000858306885,9720000
2010-07-28,1.5324523448944092,2.180000066757202,2.255000114440918,2.177000045776367,2.23799991607666,3550000
2010-07-29,1.530342936515808,2.177000045776367,2.1989998817443848,2.135999917984009,2.190999984741211,5103000
2010-07-30,1.529639720916748,2.1760001182556152,2.190999984741211,2.1089999675750732,2.1579999923706055,2775000
2010-08-02,1.5345606803894043,2.183000087738037,2.2799999713897705,2.1600000858306885,2.197999954223633,10105000
2010-08-03,1.5183926820755005,2.1600000858306885,2.190000057220459,2.13700008392334,2.171999931335449,4176000
2010-08-04,1.5704121589660645,2.2339999675750732,2.244999885559082,2.125,2.1689999103546143,6168000
2010-08-05,1.5985296964645386,2.2739999294281006,2.2750000953674316,2.2109999656677246,2.2109999656677246,4639000
2010-08-06,1.5879857540130615,2.259000062942505,2.2730000019073486,2.239000082015991,2.25600004196167,2716000
2010-08-09,1.6097773313522339,2.2899999618530273,2.2929999828338623,2.247999906539917,2.2679998874664307,2267000
2010-08-10,1.5675995349884033,2.2300000190734863,2.2820000648498535,2.2200000286102295,2.257999897003174,3722000
2010-08-11,1.42208731174469,2.0230000019073486,2.075000047683716,1.9279999732971191,2.053999900817871,23300000
2010-08-12,1.434740424156189,2.0409998893737793,2.0889999866485596,2.0199999809265137,2.0450000762939453,18324000
2010-08-13,1.405216097831726,1.9989999532699585,2.055000066757202,1.9950000047683716,2.0380001068115234,39578000
2010-08-16,1.4248989820480347,2.0269999504089355,2.0299999713897705,1.9709999561309814,1.9989999532699585,14858000
2010-08-17,1.431928277015686,2.0369999408721924,2.071000099182129,2.0290000438690186,2.0390000343322754,7749000
2010-08-18,1.4586414098739624,2.075000047683716,2.0820000171661377,2.009000062942505,2.0320000648498535,8339000
2010-08-19,1.441770315170288,2.0510001182556152,2.0850000381469727,2.0380001068115234,2.066999912261963,5891000
2010-08-20,1.4361461400985718,2.0429999828338623,2.055000066757202,2.0290000438690186,2.0290000438690186,4158000
2010-08-23,1.4340375661849976,2.0399999618530273,2.056999921798706,2.0220000743865967,2.0439999103546143,5772000
2010-08-24,1.422790288925171,2.0239999294281006,2.0480000972747803,1.9950000047683716,2.0,10926000
2010-08-25,1.4263049364089966,2.0290000438690186,2.0420000553131104,1.9709999561309814,2.0250000953674316,11221000
2010-08-26,1.448096752166748,2.059999942779541,2.1019999980926514,2.0260000228881836,2.052000045776367,7769000
2010-08-27,1.427710771560669,2.0309998989105225,2.065000057220459,2.000999927520752,2.062000036239624,10518000
2010-08-30,1.4059189558029175,2.0,2.0360000133514404,1.9930000305175781,2.0209999084472656,5904000
2010-08-31,1.4164639711380005,2.015000104904175,2.0250000953674316,1.9700000286102295,1.9800000190734863,6339000
2010-09-01,1.476215124130249,2.0999999046325684,2.135999917984009,2.0160000324249268,2.0299999713897705,11095000
2010-09-02,1.4797296524047852,2.1050000190734863,2.124000072479248,2.0829999446868896,2.121000051498413,3047000
2010-09-03,1.4748096466064453,2.0980000495910645,2.121000051498413,2.072999954223633,2.117000102996826,5240000
2010-09-07,1.4466907978057861,2.058000087738037,2.0989999771118164,2.046999931335449,2.0789999961853027,4393000
2010-09-08,1.4115426540374756,2.007999897003174,2.069000005722046,1.9789999723434448,2.055999994277954,10604000
2010-09-09,1.3827219009399414,1.9670000076293945,2.0299999713897705,1.9490000009536743,2.013000011444092,15500000
2010-09-10,1.3110198974609375,1.8650000095367432,1.965000033378601,1.840999960899353,1.9539999961853027,25537000
2010-09-13,1.3321086168289185,1.8949999809265137,1.906999945640564,1.8760000467300415,1.8769999742507935,11641000
2010-09-14,1.3988895416259766,1.9900000095367432,2.0179998874664307,1.8609999418258667,1.8830000162124634,12115000
2010-09-15,1.3433557748794556,1.9110000133514404,2.010999917984009,1.8910000324249268,1.9800000190734863,11064000
2010-09-16,1.3531973361968994,1.9249999523162842,1.965000033378601,1.899999976158142,1.9010000228881836,8576000
2010-09-17,1.4087305068969727,2.003999948501587,2.0320000648498535,1.9299999475479126,1.940000057220459,15408000
2010-09-20,1.4502049684524536,2.062999963760376,2.0980000495910645,1.9789999723434448,2.0139999389648438,12498000
2010-09-21,1.4600470066070557,2.0769999027252197,2.191999912261963,2.0429999828338623,2.075000047683716,9719000
2010-09-22,1.4593441486358643,2.0759999752044678,2.1449999809265137,2.069999933242798,2.0799999237060547,14238000
2010-09-23,1.4994127750396729,2.132999897003174,2.1649999618530273,2.0220000743865967,2.065000057220459,10337000
2010-09-24,1.5169868469238281,2.1579999923706055,2.177999973297119,2.131999969482422,2.138000011444092,7934000
2010-09-27,1.5429964065551758,2.194999933242798,2.2109999656677246,2.1730000972747803,2.197999954223633,6663000
2010-09-28,1.5675995349884033,2.2300000190734863,2.242000102996826,2.180999994277954,2.2100000381469727,6547000
2010-09-29,1.569709062576294,2.2330000400543213,2.25,2.2119998931884766,2.2300000190734863,3880000
2010-09-30,1.5823619365692139,2.250999927520752,2.299999952316284,2.2339999675750732,2.23799991607666,10464000
2010-10-01,1.5907981395721436,2.263000011444092,2.2660000324249268,2.234999895095825,2.26200008392334,6330000
2010-10-04,1.5683027505874634,2.2309999465942383,2.263000011444092,2.191999912261963,2.259999990463257,7856000
2010-10-05,1.578143835067749,2.244999885559082,2.26200008392334,2.2249999046325684,2.24399995803833,4099000
2010-10-06,1.5661935806274414,2.2279999256134033,2.2690000534057617,2.184000015258789,2.242000102996826,10263000
2010-10-07,1.6083711385726929,2.2880001068115234,2.296999931335449,2.2260000705718994,2.2339999675750732,8158000
2010-10-08,1.5605703592300415,2.2200000286102295,2.2709999084472656,2.2049999237060547,2.265000104904175,11144000
2010-10-11,1.5704121589660645,2.2339999675750732,2.246000051498413,2.2070000171661377,2.2260000705718994,3876000
2010-10-12,1.5479167699813843,2.2019999027252197,2.239000082015991,2.1740000247955322,2.239000082015991,8550000
2010-10-13,1.546510934829712,2.200000047683716,2.2239999771118164,2.1540000438690186,2.2209999561309814,9490000
2010-10-14,1.5760353803634644,2.242000102996826,2.25,2.178999900817871,2.203000068664551,8488000
2010-10-15,1.595015525817871,2.2690000534057617,2.2720000743865967,2.190999984741211,2.255000114440918,8650000
2010-10-18,1.5985296964645386,2.2739999294281006,2.2780001163482666,2.240999937057495,2.2760000228881836,4626000
2010-10-19,1.5739260911941528,2.239000082015991,2.2720000743865967,2.2100000381469727,2.236999988555908,5217000
2010-10-20,1.5535407066345215,2.2100000381469727,2.265000104904175,2.2079999446868896,2.253999948501587,3061000
2010-10-21,1.5429964065551758,2.194999933242798,2.2209999561309814,2.190000057220459,2.2200000286102295,3467000
2010-10-22,1.5802526473999023,2.247999906539917,2.249000072479248,2.194999933242798,2.200000047683716,5244000
2010-10-25,1.60696542263031,2.2860000133514404,2.312000036239624,2.240999937057495,2.25,6475000
2010-10-26,1.6463313102722168,2.3420000076293945,2.3480000495910645,2.2639999389648438,2.2799999713897705,14787000
2010-10-27,1.6660144329071045,2.369999885559082,2.375,2.319000005722046,2.3410000801086426,11251000
2010-10-28,1.6470345258712769,2.3429999351501465,2.4049999713897705,2.309000015258789,2.3959999084472656,13518000
2010-10-29,1.734904170036316,2.4679999351501465,2.494999885559082,2.3359999656677246,2.3510000705718994,13607000
2010-11-01,1.6751525402069092,2.382999897003174,2.4730000495910645,2.377000093460083,2.450000047683716,8575000
2010-11-02,1.6927262544631958,2.4079999923706055,2.444000005722046,2.38700008392334,2.4100000858306885,4040000
2010-11-03,1.734904170036316,2.4679999351501465,2.4769999980926514,2.3959999084472656,2.4119999408721924,5849000
2010-11-04,1.7777851819992065,2.5290000438690186,2.5369999408721924,2.4670000076293945,2.496000051498413,9831000
2010-11-05,1.7834080457687378,2.5369999408721924,2.569999933242798,2.515000104904175,2.5360000133514404,6295000
2010-11-08,1.7749730348587036,2.5250000953674316,2.558000087738037,2.493000030517578,2.515000104904175,3744000
2010-11-09,1.7454488277435303,2.4830000400543213,2.5450000762939453,2.4779999256134033,2.5329999923706055,4079000
2010-11-10,1.7299833297729492,2.4609999656677246,2.493000030517578,2.437999963760376,2.484999895095825,2680000
2010-11-11,1.7468549013137817,2.484999895095825,2.509999990463257,2.384999990463257,2.440000057220459,12118000
2010-11-12,1.8080123662948608,2.572000026702881,2.5810000896453857,2.4560000896453857,2.4809999465942383,10075000
2010-11-15,1.7693496942520142,2.5169999599456787,2.5959999561309814,2.507999897003174,2.5950000286102295,4987000
2010-11-16,1.7503693103790283,2.490000009536743,2.506999969482422,2.441999912261963,2.502000093460083,5697000
2010-11-17,1.7292808294296265,2.4600000381469727,2.5199999809265137,2.450000047683716,2.486999988555908,6378000
2010-11-18,1.762319564819336,2.506999969482422,2.5160000324249268,2.4679999351501465,2.4769999980926514,6640000
2010-11-19,1.7763782739639282,2.5269999504089355,2.5329999923706055,2.4839999675750732,2.493000030517578,3454000
2010-11-22,1.8283981084823608,2.6010000705718994,2.6010000705718994,2.5329999923706055,2.5329999923706055,9078000
2010-11-23,1.8262887001037598,2.5980000495910645,2.6059999465942383,2.565999984741211,2.5899999141693115,6454000
2010-11-24,1.8487836122512817,2.630000114440918,2.640000104904175,2.6070001125335693,2.611999988555908,8239000
2010-11-26,1.8986937999725342,2.7009999752044678,2.7049999237060547,2.617000102996826,2.625,6268000
2010-11-29,1.8923672437667847,2.691999912261963,2.7100000381469727,2.635999917984009,2.7070000171661377,10205000
2010-11-30,1.835428237915039,2.6110000610351562,2.7249999046325684,2.6089999675750732,2.691999912261963,54355000
2010-12-01,1.8881486654281616,2.686000108718872,2.700000047683716,2.628999948501587,2.6480000019073486,16522000
2010-12-02,1.9971083402633667,2.8410000801086426,2.8480000495910645,2.683000087738037,2.696000099182129,19060000
2010-12-03,1.8663578033447266,2.6549999713897705,2.799999952316284,2.6449999809265137,2.799999952316284,26279000
2010-12-06,1.887446403503418,2.684999942779541,2.688999891281128,2.628999948501587,2.684999942779541,8971000
2010-12-07,1.7475565671920776,2.4860000610351562,2.5290000438690186,2.447999954223633,2.4760000705718994,117381000
2010-12-08,1.7855174541473389,2.5399999618530273,2.5739998817443848,2.4860000610351562,2.499000072479248,49077000
2010-12-09,1.8565162420272827,2.6410000324249268,2.6510000228881836,2.556999921798706,2.5739998817443848,34051000
2010-12-10,1.855812668800354,2.640000104904175,2.6700000762939453,2.615999937057495,2.6700000762939453,14052000
2010-12-13,1.8734339475631714,2.6579999923706055,2.6700000762939453,2.634999990463257,2.6600000858306885,12177000
2010-12-14,1.8529939651489258,2.628999948501587,2.674999952316284,2.5969998836517334,2.6649999618530273,9460000
2010-12-15,1.8607466220855713,2.640000104904175,2.687000036239624,2.5910000801086426,2.630000114440918,18005000
2010-12-16,1.9481452703475952,2.7639999389648438,2.765000104904175,2.6419999599456787,2.6600000858306885,24425000
2010-12-17,1.9855021238327026,2.816999912261963,2.8399999141693115,2.753000020980835,2.7720000743865967,36401000
2010-12-20,1.960127830505371,2.7809998989105225,2.8440001010894775,2.7699999809265137,2.7890000343322754,14602000
2010-12-21,1.965061902999878,2.7880001068115234,2.809000015258789,2.7669999599456787,2.7950000762939453,14950000
2010-12-22,1.9833869934082031,2.813999891281128,2.819000005722046,2.739000082015991,2.7950000762939453,9600000
2010-12-23,1.9826816320419312,2.812999963760376,2.8459999561309814,2.7909998893737793,2.812999963760376,5885000
2010-12-27,2.0270864963531494,2.875999927520752,2.8940000534057617,2.7820000648498535,2.809999942779541,13311000
2010-12-28,1.994664192199707,2.8299999237060547,2.880000114440918,2.822000026702881,2.877000093460083,5836000
2010-12-29,2.017923355102539,2.86299991607666,2.867000102996826,2.815000057220459,2.8450000286102295,6296000
2010-12-30,2.0355443954467773,2.888000011444092,2.8929998874664307,2.8350000381469727,2.864000082015991,6815000
2010-12-31,2.002417802810669,2.8410000801086426,2.890000104904175,2.8289999961853027,2.890000104904175,6177000
2011-01-03,1.9594230651855469,2.7799999713897705,2.869999885559082,2.7679998874664307,2.869999885559082,14436000
2011-01-04,1.973520040512085,2.799999952316284,2.8299999237060547,2.697000026702881,2.7799999713897705,16262000
2011-01-05,1.9728152751922607,2.7990000247955322,2.816999912261963,2.7750000953674316,2.7850000858306885,9537000
2011-01-06,2.0101699829101562,2.8519999980926514,2.8529999256134033,2.7769999504089355,2.803999900817871,9598000
2011-01-07,1.9932550191879272,2.828000068664551,2.8510000705718994,2.7780001163482666,2.8469998836517334,8774000
2011-01-10,2.036954641342163,2.890000104904175,2.9100000858306885,2.7929999828338623,2.8259999752044678,15385000
2011-01-11,2.060917377471924,2.9240000247955322,2.9260001182556152,2.884000062942505,2.9140000343322754,13549000
2011-01-12,1.9855021238327026,2.816999912261963,2.933000087738037,2.802000045776367,2.927999973297119,15599000
2011-01-13,1.998189091682434,2.8350000381469727,2.865999937057495,2.802000045776367,2.8399999141693115,9645000
2011-01-14,2.0447075366973877,2.9010000228881836,2.9059998989105225,2.799999952316284,2.8340001106262207,9776000
2011-01-18,1.955898642539978,2.7750000953674316,2.7890000343322754,2.7230000495910645,2.765000104904175,100182000
2011-01-19,1.9566044807434082,2.7760000228881836,2.8499999046325684,2.750999927520752,2.799999952316284,29795000
2011-01-20,1.9523745775222778,2.7699999809265137,2.7820000648498535,2.7279999256134033,2.7690000534057617,20963000
2011-01-21,1.957308292388916,2.7769999504089355,2.816999912261963,2.7660000324249268,2.7990000247955322,12490000
2011-01-24,1.9798632860183716,2.809000015258789,2.822000026702881,2.757999897003174,2.822000026702881,21495000
2011-01-25,1.9749294519424438,2.802000045776367,2.815000057220459,2.740000009536743,2.815000057220459,14548000
2011-01-26,1.9911401271820068,2.825000047683716,2.8380000591278076,2.7799999713897705,2.812999963760376,15209000
2011-01-27,2.0595083236694336,2.921999931335449,2.944000005722046,2.8420000076293945,2.8420000076293945,37302000
2011-01-28,1.9770439863204956,2.805000066757202,2.936000108718872,2.7869999408721924,2.930000066757202,13722000
2011-01-31,2.023561954498291,2.871000051498413,2.888000011444092,2.7950000762939453,2.803999900817871,13104000
2011-02-01,2.0489354133605957,2.9070000648498535,2.950000047683716,2.875999927520752,2.8919999599456787,15835000
2011-02-02,2.0299055576324463,2.880000114440918,2.940000057220459,2.869999885559082,2.9019999504089355,11300000
2011-02-03,2.0729002952575684,2.940999984741211,2.9579999446868896,2.859999895095825,2.878000020980835,12326000
2011-02-04,2.1990644931793213,3.119999885559082,3.121999979019165,2.9719998836517334,2.9790000915527344,25500000
2011-02-07,2.1701672077178955,3.0789999961853027,3.1480000019073486,3.055999994277954,3.117000102996826,9762000
2011-02-08,2.2491071224212646,3.190999984741211,3.2249999046325684,3.0999999046325684,3.140000104904175,34684000
2011-02-09,2.3097240924835205,3.2769999504089355,3.2950000762939453,3.174999952316284,3.193000078201294,42916000
2011-02-10,2.289283275604248,3.247999906539917,3.299999952316284,3.2149999141693115,3.2990000247955322,35043000
2011-02-11,2.346372604370117,3.3289999961853027,3.3350000381469727,3.2320001125335693,3.253000020980835,27725000
2011-02-14,2.399235725402832,3.4040000438690186,3.434999942779541,3.3580000400543213,3.3580000400543213,25997000
2011-02-15,2.375976085662842,3.371000051498413,3.4260001182556152,3.3420000076293945,3.3889999389648438,19788000
2011-02-16,2.4232006072998047,3.437999963760376,3.4600000381469727,3.38100004196167,3.3910000324249268,12605000
2011-02-17,2.370338201522827,3.36299991607666,3.441999912261963,3.3310000896453857,3.433000087738037,34387000
2011-02-18,2.3858437538146973,3.384999990463257,3.4070000648498535,3.36299991607666,3.377000093460083,15639000
2011-02-22,2.297740936279297,3.259999990463257,3.3239998817443848,3.2130000591278076,3.3239998817443848,20118000
2011-02-23,2.208932399749756,3.134000062942505,3.299999952316284,3.0920000076293945,3.2980000972747803,33272000
2011-02-24,2.3950068950653076,3.3980000019073486,3.4119999408721924,3.1659998893737793,3.184999942779541,35331000
2011-02-25,2.42179012298584,3.436000108718872,3.4590001106262207,3.380000114440918,3.4240000247955322,19132000
2011-02-28,2.39571213722229,3.3989999294281006,3.453000068664551,3.3489999771118164,3.434000015258789,16263000
2011-03-01,2.2603845596313477,3.2070000171661377,3.246999979019165,3.184000015258789,3.2249999046325684,101318000
2011-03-02,2.2878735065460205,3.246000051498413,3.253999948501587,3.2039999961853027,3.2109999656677246,26617000
2011-03-03,2.3259336948394775,3.299999952316284,3.308000087738037,3.234999895095825,3.2790000438690186,32848000
2011-03-04,2.3111329078674316,3.2790000438690186,3.315000057220459,3.250999927520752,3.305999994277954,20498000
2011-03-07,2.2540411949157715,3.197999954223633,3.299999952316284,3.1570000648498535,3.299999952316284,16709000
2011-03-08,2.2829391956329346,3.239000082015991,3.255000114440918,3.1589999198913574,3.191999912261963,19603000
2011-03-09,2.1849684715270996,3.0999999046325684,3.188999891281128,3.0940001010894775,3.1740000247955322,43929000
2011-03-10,2.1856720447540283,3.1010000705718994,3.111999988555908,3.015000104904175,3.0810000896453857,36191000
2011-03-11,2.201179265975952,3.122999906539917,3.1519999504089355,3.071000099182129,3.0980000495910645,13135000
2011-03-14,2.1849684715270996,3.0999999046325684,3.117000102996826,3.072000026702881,3.1089999675750732,16414000
2011-03-15,2.1899020671844482,3.1070001125335693,3.128000020980835,2.984999895095825,3.0239999294281006,19796000
2011-03-16,2.088850736618042,2.9560000896453857,3.1089999675750732,2.940000057220459,3.0950000286102295,28724000
2011-03-17,2.0718917846679688,2.931999921798706,3.0309998989105225,2.8269999027252197,3.0269999504089355,38143000
2011-03-18,2.1425561904907227,3.0320000648498535,3.0490000247955322,2.9860000610351562,3.006999969482422,30697000
2011-03-21,2.189901828765869,3.0989999771118164,3.115000009536743,3.058000087738037,3.0799999237060547,19947000
2011-03-22,2.1701157093048096,3.071000099182129,3.130000114440918,3.0450000762939453,3.115000009536743,15176000
2011-03-23,2.1913156509399414,3.1010000705718994,3.1019999980926514,3.0350000858306885,3.072000026702881,12364000
2011-03-24,2.195554733276367,3.1070001125335693,3.132999897003174,3.059999942779541,3.127000093460083,13371000
2011-03-25,2.1800074577331543,3.0850000381469727,3.11899995803833,3.0769999027252197,3.115000009536743,9122000
2011-03-28,2.189901828765869,3.0989999771118164,3.1500000953674316,3.0739998817443848,3.0869998931884766,10740000
2011-03-29,2.188488721847534,3.0969998836517334,3.1110000610351562,3.061000108718872,3.1059999465942383,14708000
2011-03-30,2.225234270095825,3.1489999294281006,3.1589999198913574,3.061000108718872,3.1500000953674316,17353000
2011-03-31,2.19767427444458,3.109999895095825,3.180000066757202,3.0810000896453857,3.1530001163482666,15803000
2011-04-01,2.2273547649383545,3.1519999504089355,3.190000057220459,3.1059999465942383,3.1500000953674316,16029000
2011-04-04,2.162341833114624,3.059999942779541,3.1589999198913574,2.996000051498413,3.1589999198913574,18790000
2011-04-05,2.2379536628723145,3.1670000553131104,3.240000009536743,3.061000108718872,3.075000047683716,20444000
2011-04-06,2.3156845569610596,3.2769999504089355,3.2860000133514404,3.1740000247955322,3.2139999866485596,21373000
2011-04-07,2.2944858074188232,3.246999979019165,3.296999931335449,3.2309999465942383,3.2869999408721924,16580000
2011-04-08,2.3015522956848145,3.256999969482422,3.313999891281128,3.2269999980926514,3.2860000133514404,8340000
2011-04-11,2.277526378631592,3.2230000495910645,3.263000011444092,3.1740000247955322,3.2300000190734863,8896000
2011-04-12,2.216754674911499,3.13700008392334,3.2160000801086426,3.0880000591278076,3.2019999027252197,18839000
2011-04-13,2.247141122817993,3.180000066757202,3.2290000915527344,3.13100004196167,3.187000036239624,8770000
2011-04-14,2.195554733276367,3.1070001125335693,3.178999900817871,3.069999933242798,3.1530001163482666,11746000
2011-04-15,2.2429001331329346,3.1740000247955322,3.184000015258789,3.058000087738037,3.0999999046325684,12119000
2011-04-18,2.2330071926116943,3.1600000858306885,3.1700000762939453,3.052999973297119,3.1389999389648438,8052000
2011-04-19,2.2450201511383057,3.177000045776367,3.1989998817443848,3.1440000534057617,3.1559998989105225,7237000
2011-04-20,2.3008456230163574,3.25600004196167,3.26200008392334,3.194000005722046,3.2179999351501465,11153000
2011-04-21,2.303673028945923,3.259999990463257,3.305999994277954,3.252000093460083,3.2880001068115234,8335000
2011-04-25,2.2782328128814697,3.2239999771118164,3.2699999809265137,3.200000047683716,3.253999948501587,6000000
2011-04-26,2.286005735397339,3.234999895095825,3.257999897003174,3.184999942779541,3.257999897003174,11000000
2011-04-27,2.359497308731079,3.3389999866485596,3.3499999046325684,3.2160000801086426,3.2260000705718994,9822000
2011-04-28,2.324164628982544,3.2890000343322754,3.381999969482422,3.2860000133514404,3.3299999237060547,7214000
2011-04-29,2.364443302154541,3.3459999561309814,3.3499999046325684,3.2720000743865967,3.2939999103546143,8180000
2011-05-02,2.3425374031066895,3.315000057220459,3.374000072479248,3.2920000553131104,3.374000072479248,7082000
2011-05-03,2.2725794315338135,3.2160000801086426,3.3429999351501465,3.2130000591278076,3.3289999961853027,11762000
2011-05-04,2.2994322776794434,3.253999948501587,3.260999917984009,3.191999912261963,3.2249999046325684,7482000
2011-05-05,2.34889817237854,3.3239998817443848,3.3399999141693115,3.2079999446868896,3.25,8190000
2011-05-06,2.4669082164764404,3.490999937057495,3.5,3.361999988555908,3.384999990463257,19072000
2011-05-09,2.5057735443115234,3.5460000038146973,3.563999891281128,3.4649999141693115,3.5,13743000
2011-05-10,2.530505418777466,3.5810000896453857,3.618000030517578,3.561000108718872,3.5759999752044678,16750000
2011-05-11,2.534745931625366,3.5869998931884766,3.6070001125335693,3.552999973297119,3.5810000896453857,13834000
2011-05-12,2.477508544921875,3.50600004196167,3.6070001125335693,3.4830000400543213,3.5959999561309814,20255000
2011-05-13,2.4654948711395264,3.489000082015991,3.5409998893737793,3.48799991607666,3.50600004196167,10121000
2011-05-16,2.420975923538208,3.4260001182556152,3.497999906539917,3.4140000343322754,3.4700000286102295,7560000
2011-05-17,2.421682596206665,3.427000045776367,3.444000005722046,3.381999969482422,3.4100000858306885,12570000
2011-05-18,2.4471213817596436,3.4630000591278076,3.4749999046325684,3.365999937057495,3.438999891281128,6843000
2011-05-19,2.459840774536133,3.4809999465942383,3.50600004196167,3.4630000591278076,3.4700000286102295,7067000
2011-05-20,2.4301624298095703,3.438999891281128,3.5209999084472656,3.430000066757202,3.4839999675750732,13164000
2011-05-23,2.263392925262451,3.203000068664551,3.3929998874664307,3.177999973297119,3.3919999599456787,24924000
2011-05-24,2.2407801151275635,3.1710000038146973,3.2309999465942383,3.1480000019073486,3.2130000591278076,28000000
2011-05-25,2.4379358291625977,3.450000047683716,3.4679999351501465,3.260999917984009,3.2799999713897705,67195000
2011-05-26,2.452775478363037,3.4709999561309814,3.484999895095825,3.365000009536743,3.4539999961853027,18410000
2011-05-27,2.473973512649536,3.500999927520752,3.51200008392334,3.4170000553131104,3.4800000190734863,17129000
2011-05-31,2.3877627849578857,3.378999948501587,3.4070000648498535,3.3469998836517334,3.385999917984009,107163000
2011-06-01,2.38634991645813,3.377000093460083,3.424999952316284,3.365000009536743,3.384000062942505,33826000
2011-06-02,2.3686845302581787,3.3519999980926514,3.4149999618530273,3.2980000972747803,3.38100004196167,23147000
2011-06-03,2.394829750061035,3.3889999389648438,3.4140000343322754,3.309999942779541,3.371999979019165,40817000
2011-06-06,2.355257987976074,3.3329999446868896,3.4010000228881836,3.3259999752044678,3.4010000228881836,13823000
2011-06-07,2.4061362743377686,3.4049999713897705,3.424999952316284,3.3399999141693115,3.380000114440918,49845000
2011-06-08,2.360909938812256,3.3410000801086426,3.4170000553131104,3.325000047683716,3.380000114440918,17524000
2011-06-09,2.418856382369995,3.4230000972747803,3.4639999866485596,3.375,3.430000066757202,32459000
2011-06-10,2.38634991645813,3.377000093460083,3.438999891281128,3.3380000591278076,3.427999973297119,14248000
2011-06-13,2.3651506900787354,3.3469998836517334,3.430999994277954,3.2980000972747803,3.377000093460083,23053000
2011-06-14,2.418148994445801,3.421999931335449,3.446000099182129,3.375,3.375999927520752,21844000
2011-06-15,2.3777644634246826,3.3559999465942383,3.430000066757202,3.3489999771118164,3.4140000343322754,19194000
2011-06-16,2.364302635192871,3.3369998931884766,3.3469998836517334,3.2660000324249268,3.3410000801086426,21770000
2011-06-17,2.302661895751953,3.25,3.384000062942505,3.2190001010894775,3.368000030517578,20208000
2011-06-20,2.3203749656677246,3.2750000953674316,3.315000057220459,3.2190001010894775,3.246000051498413,19129000
2011-06-21,2.413898468017578,3.4070000648498535,3.440000057220459,3.2850000858306885,3.2960000038146973,18439000
2011-06-22,2.550640821456909,3.5999999046325684,3.628999948501587,3.3550000190734863,3.3980000019073486,38382000
2011-06-23,2.5378873348236084,3.5820000171661377,3.6070001125335693,3.4830000400543213,3.5480000972747803,38113000
2011-06-24,2.5166335105895996,3.552000045776367,3.5829999446868896,3.5,3.578000068664551,102656000
2011-06-27,2.5116724967956543,3.5450000762939453,3.6019999980926514,3.5,3.555000066757202,18084000
2011-06-28,2.6179490089416504,3.694999933242798,3.73799991607666,3.5810000896453857,3.5810000896453857,31148000
2011-06-29,2.671795606613159,3.7709999084472656,3.7790000438690186,3.6640000343322754,3.7260000705718994,25680000
2011-06-30,2.692342758178711,3.799999952316284,3.869999885559082,3.7149999141693115,3.7799999713897705,26329000
2011-07-01,2.7391045093536377,3.865999937057495,3.8989999294281006,3.821000099182129,3.822000026702881,19479000
2011-07-05,2.7603600025177,3.8959999084472656,3.9079999923706055,3.8510000705718994,3.875,9519000
2011-07-06,2.76886248588562,3.9079999923706055,3.9079999923706055,3.8289999961853027,3.867000102996826,12312000
2011-07-07,2.7391045093536377,3.865999937057495,3.944999933242798,3.8540000915527344,3.9130001068115234,23121000
2011-07-08,2.6895086765289307,3.7960000038146973,3.821000099182129,3.703000068664551,3.821000099182129,20213000
2011-07-11,2.6491241455078125,3.739000082015991,3.812000036239624,3.7100000381469727,3.740999937057495,14573000
2011-07-12,2.508838415145874,3.5409998893737793,3.7239999771118164,3.500999927520752,3.7190001010894775,34677000
2011-07-13,2.5067129135131836,3.5380001068115234,3.627000093460083,3.505000114440918,3.575000047683716,19458000
2011-07-14,2.4925434589385986,3.5179998874664307,3.6489999294281006,3.509999990463257,3.5450000762939453,22356000
2011-07-15,2.515923500061035,3.5510001182556152,3.5950000286102295,3.494999885559082,3.5369999408721924,13745000
2011-07-18,2.479789972305298,3.5,3.571000099182129,3.440000057220459,3.5280001163482666,11983000
2011-07-19,2.5648107528686523,3.619999885559082,3.6459999084472656,3.5139999389648438,3.5299999713897705,17896000
2011-07-20,2.555600643157959,3.6070001125335693,3.700000047683716,3.5920000076293945,3.627000093460083,14829000
2011-07-21,2.6044881343841553,3.6760001182556152,3.7190001010894775,3.572999954223633,3.5899999141693115,20498000
2011-07-22,2.626450538635254,3.7070000171661377,3.739000082015991,3.628000020980835,3.671999931335449,14929000
2011-07-25,2.5570173263549805,3.6089999675750732,3.6640000343322754,3.5889999866485596,3.6640000343322754,14361000
2011-07-26,2.597402572631836,3.6659998893737793,3.694999933242798,3.621000051498413,3.628999948501587,27251000
2011-07-27,2.382723808288574,3.36299991607666,3.6649999618530273,3.3429999351501465,3.6449999809265137,40519000
2011-07-28,2.4542832374572754,3.4639999866485596,3.4800000190734863,3.240999937057495,3.3889999389648438,47042000
2011-07-29,2.382723808288574,3.36299991607666,3.430000066757202,3.2829999923706055,3.361999988555908,38414000
2011-08-01,2.35225772857666,3.319999933242798,3.4100000858306885,3.2950000762939453,3.4000000953674316,23795000
2011-08-02,2.2707784175872803,3.2049999237060547,3.38100004196167,3.2039999961853027,3.2850000858306885,21037000
2011-08-03,2.322500467300415,3.2780001163482666,3.2839999198913574,3.131999969482422,3.2079999446868896,17009000
2011-08-04,2.1892998218536377,3.0899999141693115,3.25,3.0859999656677246,3.2209999561309814,26030000
2011-08-05,2.0787715911865234,2.934000015258789,3.249000072479248,2.9089999198913574,3.127000093460083,43748000
2011-08-08,1.9264417886734009,2.7190001010894775,2.9000000953674316,2.6419999599456787,2.8610000610351562,43697000
2011-08-09,2.0993189811706543,2.9630000591278076,2.9690001010894775,2.743000030517578,2.7720000743865967,42112000
2011-08-10,2.072394847869873,2.924999952316284,3.0369999408721924,2.8580000400543213,2.9260001182556152,30432000
2011-08-11,2.1758387088775635,3.071000099182129,3.115000009536743,2.9600000381469727,2.9600000381469727,27065000
2011-08-12,2.199218988418579,3.1040000915527344,3.200000047683716,3.0899999141693115,3.1489999294281006,25743000
2011-08-15,2.2396047115325928,3.1610000133514404,3.240000009536743,3.11899995803833,3.11899995803833,17067000
2011-08-16,2.1942601203918457,3.0969998836517334,3.1679999828338623,3.065999984741211,3.134000062942505,17459000
2011-08-17,2.1751303672790527,3.069999933242798,3.203000068664551,3.061000108718872,3.132999897003174,19023000
2011-08-18,2.0270512104034424,2.8610000610351562,2.990000009536743,2.828000068664551,2.9809999465942383,23055000
2011-08-19,2.0043787956237793,2.8289999961853027,2.9749999046325684,2.815000057220459,2.86299991607666,12609000
2011-08-22,1.9583263397216797,2.7639999389648438,2.890000104904175,2.7309999465942383,2.878999948501587,25793000
2011-08-23,2.0731046199798584,2.9260001182556152,2.930000066757202,2.7260000705718994,2.7820000648498535,35977000
2011-08-24,2.2863659858703613,3.2269999980926514,3.3459999561309814,3.138000011444092,3.2019999027252197,69346000
2011-08-25,2.187882661819458,3.0880000591278076,3.2269999980926514,3.0810000896453857,3.2109999656677246,25065000
2011-08-26,2.2332277297973633,3.1519999504089355,3.1530001163482666,2.9700000286102295,3.058000087738037,20916000
2011-08-29,2.327460527420044,3.2850000858306885,3.2899999618530273,3.174999952316284,3.197000026702881,13459000
2011-08-30,2.3472988605499268,3.312999963760376,3.377000093460083,3.2269999980926514,3.255000114440918,17145000
2011-08-31,2.345881223678589,3.311000108718872,3.450000047683716,3.2739999294281006,3.3299999237060547,22913000
2011-09-01,2.23606276512146,3.1559998989105225,3.315000057220459,3.1480000019073486,3.3010001182556152,31135000
2011-09-02,2.2055954933166504,3.11299991607666,3.1540000438690186,3.0510001182556152,3.0840001106262207,16862000
2011-09-06,2.2289769649505615,3.1459999084472656,3.1480000019073486,3.0220000743865967,3.0490000247955322,11800000
2011-09-07,2.3168323040008545,3.2699999809265137,3.3239998817443848,3.2139999866485596,3.2209999561309814,14595000
2011-09-08,2.3444643020629883,3.309000015258789,3.3350000381469727,3.2100000381469727,3.2170000076293945,19383000
2011-09-09,2.288491725921631,3.2300000190734863,3.325000047683716,3.200000047683716,3.2709999084472656,19032000
2011-09-12,2.375638246536255,3.3529999256134033,3.368000030517578,3.180000066757202,3.184999942779541,20470000
2011-09-13,2.4316108226776123,3.431999921798706,3.4489998817443848,3.309999942779541,3.3529999256134033,20511000
2011-09-14,2.5903170108795166,3.6559998989105225,3.677000045776367,3.440000057220459,3.450000047683716,47206000
2011-09-15,2.610927104949951,3.6740000247955322,3.760999917984009,3.621000051498413,3.680999994277954,29980000
2011-09-16,2.593160629272461,3.6489999294281006,3.686000108718872,3.5920000076293945,3.6570000648498535,18030000
2011-09-19,2.65427565574646,3.734999895095825,3.7990000247955322,3.5409998893737793,3.5989999771118164,41148000
2011-09-20,2.5810790061950684,3.631999969482422,3.7769999504089355,3.627000093460083,3.75,27096000
2011-09-21,2.5569164752960205,3.5980000495910645,3.7990000247955322,3.5880000591278076,3.6549999713897705,32939000
2011-09-22,2.4147868156433105,3.3980000019073486,3.500999927520752,3.296999931335449,3.484999895095825,35534000
2011-09-23,2.473060369491577,3.4800000190734863,3.505000114440918,3.3389999866485596,3.38700008392334,20868000
2011-09-26,2.4233150482177734,3.4100000858306885,3.507999897003174,3.3559999465942383,3.4820001125335693,25446000
2011-09-27,2.4510300159454346,3.4489998817443848,3.515000104904175,3.436000108718872,3.4679999351501465,23268000
2011-09-28,2.3458542823791504,3.3010001182556152,3.3589999675750732,3.2890000343322754,3.302000045776367,106504000
2011-09-29,2.357224464416504,3.316999912261963,3.3559999465942383,3.2269999980926514,3.3340001106262207,49076000
2011-09-30,2.328798294067383,3.2769999504089355,3.3380000591278076,3.243000030517578,3.312000036239624,51674000
2011-10-03,2.266260862350464,3.188999891281128,3.322999954223633,3.1670000553131104,3.2790000438690186,36639000
2011-10-04,2.2982404232025146,3.2339999675750732,3.2730000019073486,3.0859999656677246,3.193000078201294,37205000
2011-10-05,2.3174281120300293,3.260999917984009,3.2699999809265137,3.1600000858306885,3.2269999980926514,35119000
2011-10-06,2.3415913581848145,3.2950000762939453,3.315000057220459,3.2290000915527344,3.2750000953674316,24844000
2011-10-07,2.336615800857544,3.2880001068115234,3.3429999351501465,3.253000020980835,3.315000057220459,18240000
2011-10-10,2.392045021057129,3.365999937057495,3.4059998989105225,3.299999952316284,3.299999952316284,37583000
2011-10-11,2.3685946464538574,3.3329999446868896,3.3910000324249268,3.299999952316284,3.361999988555908,13002000
2011-10-12,2.3913354873657227,3.365000009536743,3.385999917984009,3.2909998893737793,3.3540000915527344,28894000
2011-10-13,2.4204723834991455,3.4059998989105225,3.493000030517578,3.328000068664551,3.3389999866485596,60207000
2011-10-14,2.5370185375213623,3.569999933242798,3.5810000896453857,3.4779999256134033,3.497999906539917,35004000
2011-10-17,2.491537570953369,3.50600004196167,3.569000005722046,3.4809999465942383,3.5350000858306885,21298000
2011-10-18,2.5469682216644287,3.5840001106262207,3.5969998836517334,3.490999937057495,3.493000030517578,13948000
2011-10-19,2.4609789848327637,3.4630000591278076,3.5450000762939453,3.450000047683716,3.5439999103546143,30312000
2011-10-20,2.4147868156433105,3.3980000019073486,3.4820001125335693,3.312000036239624,3.453000068664551,27141000
2011-10-21,2.4048378467559814,3.384000062942505,3.450000047683716,3.3420000076293945,3.431999921798706,27170000
2011-10-24,2.512146472930908,3.5350000858306885,3.561000108718872,3.4000000953674316,3.4079999923706055,25690000
2011-10-25,2.447476863861084,3.444000005722046,3.5360000133514404,3.436000108718872,3.4839999675750732,24614000
2011-10-26,2.399862766265869,3.377000093460083,3.513000011444092,3.364000082015991,3.4790000915527344,23137000
2011-10-27,2.399152994155884,3.375999927520752,3.4749999046325684,3.3469998836517334,3.4070000648498535,43170000
2011-10-28,2.3870716094970703,3.3589999675750732,3.3989999294281006,3.1089999675750732,3.371000051498413,71596000
2011-10-31,2.399862766265869,3.377000093460083,3.4189999103546143,3.2980000972747803,3.302000045776367,35767000
2011-11-01,2.3451430797576904,3.299999952316284,3.3420000076293945,3.2279999256134033,3.2690000534057617,16196000
2011-11-02,2.3167173862457275,3.259999990463257,3.3499999046325684,3.240000009536743,3.3429999351501465,21439000
2011-11-03,2.4396588802337646,3.433000087738037,3.450000047683716,3.2809998989105225,3.3510000705718994,31449000
2011-11-04,2.4432132244110107,3.437999963760376,3.4700000286102295,3.361999988555908,3.361999988555908,17113000
2011-11-07,2.457425355911255,3.4579999446868896,3.4600000381469727,3.3610000610351562,3.434000015258789,17289000
2011-11-08,2.468085765838623,3.4730000495910645,3.4860000610351562,3.38700008392334,3.4730000495910645,9475000
2011-11-09,2.3614883422851562,3.322999954223633,3.4539999961853027,3.306999921798706,3.4049999713897705,15446000
2011-11-10,2.3529608249664307,3.311000108718872,3.375999927520752,3.2890000343322754,3.365999937057495,9560000
2011-11-11,2.436816453933716,3.428999900817871,3.438999891281128,3.3239998817443848,3.3340001106262207,11553000
2011-11-14,2.351539134979248,3.309000015258789,3.430999994277954,3.2829999923706055,3.4119999408721924,16063000
2011-11-15,2.3444321155548096,3.2990000247955322,3.3519999980926514,3.2709999084472656,3.296999931335449,16231000
2011-11-16,2.2811856269836426,3.2100000381469727,3.3299999237060547,3.187000036239624,3.2769999504089355,17180000
2011-11-17,2.217226266860962,3.119999885559082,3.2119998931884766,3.0950000286102295,3.2039999961853027,17349000
2011-11-18,2.1219992637634277,2.9860000610351562,3.1579999923706055,2.9509999752044678,3.1470000743865967,32279000
2011-11-21,2.0928635597229004,2.944999933242798,2.9739999771118164,2.878999948501587,2.937000036239624,36389000
2011-11-22,2.090020179748535,2.940999984741211,3.0220000743865967,2.9100000858306885,2.9609999656677246,24014000
2011-11-23,2.058751106262207,2.8970000743865967,2.937999963760376,2.867000102996826,2.9000000953674316,23819000
2011-11-25,2.0210869312286377,2.8440001010894775,2.9130001068115234,2.8310000896453857,2.8959999084472656,8951000
2011-11-28,2.031036376953125,2.8580000400543213,2.9539999961853027,2.812000036239624,2.933000087738037,47653000
2011-11-29,2.051645040512085,2.88700008392334,2.936000108718872,2.8519999980926514,2.865000009536743,31500000
2011-11-30,2.1262640953063965,2.992000102996826,3.010999917984009,2.8980000019073486,2.943000078201294,36586000
2011-12-01,2.1255533695220947,2.990999937057495,3.0380001068115234,2.9119999408721924,2.9820001125335693,48612000
2011-12-02,2.214383363723755,3.115999937057495,3.1640000343322754,3.0160000324249268,3.0280001163482666,57689000
2011-12-05,2.2058563232421875,3.1040000915527344,3.194000005722046,3.078000068664551,3.1519999504089355,28980000
2011-12-06,2.1895110607147217,3.0810000896453857,3.119999885559082,3.00600004196167,3.0929999351501465,27058000
2011-12-07,2.2186474800109863,3.121999979019165,3.1389999389648438,3.0439999103546143,3.063999891281128,25019000
2011-12-08,2.1802730560302734,3.068000078201294,3.1640000343322754,3.059000015258789,3.118000030517578,29397000
2011-12-09,2.1752984523773193,3.061000108718872,3.065000057220459,2.9790000915527344,3.003000020980835,33703000
2011-12-12,2.0935730934143066,2.946000099182129,2.9630000591278076,2.759000062942505,2.861999988555908,36729000
2011-12-13,2.0779385566711426,2.9240000247955322,3.009000062942505,2.9070000648498535,2.9539999961853027,32928000
2011-12-14,2.0402750968933105,2.871000051498413,2.936000108718872,2.8269999027252197,2.8959999084472656,21125000
2011-12-15,2.043842077255249,2.864000082015991,2.924999952316284,2.8589999675750732,2.88700008392334,23917000
2011-12-16,2.05526065826416,2.880000114440918,2.9170000553131104,2.816999912261963,2.8919999599456787,90364000
2011-12-19,1.9660578966140747,2.755000114440918,2.882999897003174,2.739000082015991,2.882999897003174,31124000
2011-12-20,2.057401657104492,2.882999897003174,2.9000000953674316,2.7920000553131104,2.7929999828338623,29613000
2011-12-21,1.9917467832565308,2.7909998893737793,2.9059998989105225,2.755000114440918,2.882999897003174,27523000
2011-12-22,2.070960760116577,2.9019999504089355,2.9140000343322754,2.7880001068115234,2.7980000972747803,27874000
2011-12-23,2.097365140914917,2.938999891281128,2.9609999656677246,2.884999990463257,2.921999931335449,11767000
2011-12-27,2.093796491622925,2.934000015258789,2.953000068664551,2.9030001163482666,2.927000045776367,7993000
2011-12-28,2.050978660583496,2.874000072479248,2.937000036239624,2.865000009536743,2.936000108718872,13375000
2011-12-29,2.078097343444824,2.9119999408721924,2.9210000038146973,2.875,2.875999927520752,10221000
2011-12-30,2.059542417526245,2.885999917984009,2.9159998893737793,2.865999937057495,2.8959999084472656,8364000
2012-01-03,2.065965175628662,2.8949999809265137,3.0169999599456787,2.8889999389648438,2.947999954223633,23032000
2012-01-04,2.030283212661743,2.8450000286102295,2.9089999198913574,2.809999942779541,2.8889999389648438,20254000
2012-01-05,2.0331382751464844,2.8489999771118164,2.875,2.818000078201294,2.8459999561309814,20075000
2012-01-06,2.020292043685913,2.8310000896453857,2.8550000190734863,2.802000045776367,2.8410000801086426,24357000
2012-01-09,2.1565966606140137,3.0220000743865967,3.0390000343322754,2.924999952316284,2.930000066757202,33485000
2012-01-10,2.1872828006744385,3.065000057220459,3.11299991607666,3.0380001068115234,3.052000045776367,26829000
2012-01-11,2.226532459259033,3.119999885559082,3.1649999618530273,3.059000015258789,3.069000005722046,27103000
2012-01-12,2.2607874870300293,3.1679999828338623,3.193000078201294,3.0820000171661377,3.119999885559082,19873000
2012-01-13,2.2529375553131104,3.1570000648498535,3.200000047683716,3.121000051498413,3.1519999504089355,24275000
2012-01-17,2.25864577293396,3.1649999618530273,3.2260000705718994,3.1470000743865967,3.1700000762939453,31782000
2012-01-18,2.4220681190490723,3.3940000534057617,3.5,3.2780001163482666,3.299999952316284,44274000
2012-01-19,2.399230718612671,3.361999988555908,3.434999942779541,3.359999895095825,3.388000011444092,31546000
2012-01-20,2.412790536880493,3.38100004196167,3.4040000438690186,3.3340001106262207,3.3510000705718994,23462000
2012-01-23,2.402085304260254,3.365999937057495,3.390000104904175,3.328000068664551,3.384999990463257,20124000
2012-01-24,2.4170725345611572,3.38700008392334,3.4240000247955322,3.3589999675750732,3.3589999675750732,30778000
2012-01-25,2.422781467437744,3.3949999809265137,3.4549999237060547,3.369999885559082,3.4549999237060547,30352000
2012-01-26,2.4320590496063232,3.4079999923706055,3.443000078201294,3.384000062942505,3.3959999084472656,25537000
2012-01-27,2.424922227859497,3.3980000019073486,3.447999954223633,3.380000114440918,3.384000062942505,29468000
2012-01-30,2.407080888748169,3.372999906539917,3.4010000228881836,3.3350000381469727,3.359999895095825,16590000
2012-01-31,2.4220681190490723,3.3940000534057617,3.4079999923706055,3.3369998931884766,3.4000000953674316,16225000
2012-02-01,2.4705939292907715,3.4619998931884766,3.490000009536743,3.4140000343322754,3.438999891281128,39361000
2012-02-02,2.497713565826416,3.5,3.5179998874664307,3.4749999046325684,3.4800000190734863,36188000
2012-02-03,2.5069897174835205,3.513000011444092,3.5480000972747803,3.496999979019165,3.5280001163482666,23816000
2012-02-06,2.4477579593658447,3.430000066757202,3.505000114440918,3.4140000343322754,3.5,18853000
2012-02-07,2.4677398204803467,3.4579999446868896,3.4639999866485596,3.3949999809265137,3.434000015258789,15076000
2012-02-08,2.489149570465088,3.48799991607666,3.5,3.444000005722046,3.4549999237060547,15032000
2012-02-09,2.5069897174835205,3.513000011444092,3.5309998989105225,3.4790000915527344,3.500999927520752,11790000
2012-02-10,2.461318016052246,3.4489998817443848,3.5399999618530273,3.434999942779541,3.4579999446868896,8898000
2012-02-13,2.484153985977173,3.4809999465942383,3.5169999599456787,3.4019999504089355,3.484999895095825,14360000
2012-02-14,2.46274471282959,3.4509999752044678,3.49399995803833,3.4189999103546143,3.4570000171661377,18319000
2012-02-15,2.496285915374756,3.497999906539917,3.5480000972747803,3.4809999465942383,3.492000102996826,19864000
2012-02-16,2.559084892272949,3.5859999656677246,3.5950000286102295,3.4719998836517334,3.503000020980835,16769000
2012-02-17,2.5148398876190186,3.5239999294281006,3.5789999961853027,3.4839999675750732,3.566999912261963,18402000
2012-02-21,2.531254529953003,3.546999931335449,3.5880000591278076,3.5280001163482666,3.5480000972747803,20449000
2012-02-22,2.5619406700134277,3.5899999141693115,3.631999969482422,3.5339999198913574,3.5339999198913574,24333000
2012-02-23,2.653998374938965,3.7190001010894775,3.7260000705718994,3.571000099182129,3.5799999237060547,47606000
2012-02-24,2.591912269592285,3.631999969482422,3.740000009536743,3.617000102996826,3.734999895095825,19325000
2012-02-27,2.639011859893799,3.697999954223633,3.7190001010894775,3.553999900817871,3.621000051498413,26216000
2012-02-28,2.641152858734131,3.7009999752044678,3.742000102996826,3.6559998989105225,3.683000087738037,21581000
2012-02-29,2.6839706897735596,3.760999917984009,3.7699999809265137,3.6710000038146973,3.694000005722046,34503000
2012-03-01,2.663276195526123,3.7320001125335693,3.7799999713897705,3.7160000801086426,3.7739999294281006,12550000
2012-03-02,2.6118946075439453,3.6600000858306885,3.7300000190734863,3.632999897003174,3.7249999046325684,19601000
2012-03-05,2.5298261642456055,3.5450000762939453,3.6549999713897705,3.5290000438690186,3.6519999504089355,24881000
2012-03-06,2.51983642578125,3.5309998989105225,3.5480000972747803,3.4600000381469727,3.4690001010894775,19936000
2012-03-07,2.5512351989746094,3.575000047683716,3.5969998836517334,3.5260000228881836,3.5510001182556152,12857000
2012-03-08,2.599048614501953,3.6419999599456787,3.681999921798706,3.609999895095825,3.630000114440918,17478000
2012-03-09,2.624025821685791,3.677000045776367,3.681999921798706,3.6050000190734863,3.6519999504089355,13307000
2012-03-12,2.6118946075439453,3.6600000858306885,3.686000108718872,3.609999895095825,3.6730000972747803,8724000
2012-03-13,2.685398817062378,3.763000011444092,3.7669999599456787,3.687999963760376,3.694999933242798,12902000
2012-03-14,2.648289442062378,3.7109999656677246,3.8369998931884766,3.700000047683716,3.759999990463257,22282000
2012-03-15,2.704148530960083,3.7760000228881836,3.7769999504089355,3.688999891281128,3.7139999866485596,16248000
2012-03-16,2.714174747467041,3.7899999618530273,3.880000114440918,3.7669999599456787,3.7839999198913574,23520000
2012-03-19,2.725633382797241,3.805999994277954,3.815999984741211,3.76200008392334,3.7769999504089355,10058000
2012-03-20,2.7234833240509033,3.802999973297119,3.815000057220459,3.75,3.7699999809265137,17642000
2012-03-21,2.747117042541504,3.8359999656677246,3.859999895095825,3.7850000858306885,3.809000015258789,13604000
2012-03-22,2.71775484085083,3.7950000762939453,3.8340001106262207,3.7860000133514404,3.818000078201294,19680000
2012-03-23,2.72849702835083,3.809999942779541,3.816999912261963,3.752000093460083,3.7809998989105225,14863000
2012-03-26,2.7814905643463135,3.884000062942505,3.884999990463257,3.796999931335449,3.8459999561309814,16678000
2012-03-27,2.7771949768066406,3.878000020980835,3.9019999504089355,3.8380000591278076,3.86899995803833,17597000
2012-03-28,2.719187021255493,3.796999931335449,3.88700008392334,3.7790000438690186,3.882999897003174,16691000
2012-03-29,2.7456839084625244,3.8340001106262207,3.8369998931884766,3.75,3.765000104904175,13024000
2012-03-30,2.790801525115967,3.8970000743865967,3.921999931335449,3.815000057220459,3.8459999561309814,24210000
2012-04-02,2.770749807357788,3.86899995803833,3.9010000228881836,3.811000108718872,3.8889999389648438,14370000
2012-04-03,2.747832775115967,3.8369998931884766,3.8989999294281006,3.812999963760376,3.8610000610351562,12313000
2012-04-04,2.6790831089019775,3.740999937057495,3.812999963760376,3.7090001106262207,3.805000066757202,13125000
2012-04-05,2.6934056282043457,3.760999917984009,3.7990000247955322,3.734999895095825,3.746999979019165,13792000
2012-04-09,2.691258192062378,3.757999897003174,3.7699999809265137,3.7070000171661377,3.7239999771118164,12198000
2012-04-10,2.635399341583252,3.680000066757202,3.7739999294281006,3.6570000648498535,3.739000082015991,20072000
2012-04-11,2.6840968132019043,3.747999906539917,3.821000099182129,3.690000057220459,3.7049999237060547,15944000
2012-04-12,2.7320780754089355,3.815000057220459,3.8450000286102295,3.75,3.763000011444092,12525000
2012-04-13,2.669773578643799,3.7279999256134033,3.7929999828338623,3.7209999561309814,3.7920000553131104,8941000
2012-04-16,2.653301954269409,3.7049999237060547,3.756999969482422,3.700000047683716,3.739000082015991,17633000
2012-04-17,2.7027153968811035,3.7739999294281006,3.7950000762939453,3.7219998836517334,3.736999988555908,11296000
2012-04-18,2.6840968132019043,3.747999906539917,3.7809998989105225,3.7109999656677246,3.755000114440918,8837000
2012-04-19,2.557340383529663,3.571000099182129,3.7190001010894775,3.561000108718872,3.697999954223633,28969000
2012-04-20,2.4549312591552734,3.427999973297119,3.575000047683716,3.3610000610351562,3.575000047683716,80400000
2012-04-23,2.3797357082366943,3.322999954223633,3.382999897003174,3.313999891281128,3.377000093460083,43912000
2012-04-24,2.340348720550537,3.2679998874664307,3.3259999752044678,3.23799991607666,3.319000005722046,37246000
2012-04-25,2.505061149597168,3.497999906539917,3.5269999504089355,3.4159998893737793,3.453000068664551,40196000
2012-04-26,2.5107908248901367,3.50600004196167,3.5250000953674316,3.440999984741211,3.4690001010894775,16242000
2012-04-27,2.4778478145599365,3.4600000381469727,3.5309998989105225,3.450000047683716,3.509000062942505,17007000
2012-04-30,2.4692537784576416,3.447999954223633,3.4619998931884766,3.4089999198913574,3.441999912261963,13464000
2012-05-01,2.4678211212158203,3.446000099182129,3.494999885559082,3.4170000553131104,3.453000068664551,11762000
2012-05-02,2.4907383918762207,3.4779999256134033,3.4860000610351562,3.385999917984009,3.4130001068115234,8848000
2012-05-03,2.3890464305877686,3.3359999656677246,3.4730000495910645,3.3289999961853027,3.4709999561309814,18368000
2012-05-04,2.2651543617248535,3.1630001068115234,3.3359999656677246,3.1570000648498535,3.2929999828338623,38604000
2012-05-07,2.241521120071411,3.130000114440918,3.1989998817443848,3.121000051498413,3.1559998989105225,19848000
2012-05-08,2.2594246864318848,3.1549999713897705,3.1670000553131104,3.0899999141693115,3.1089999675750732,28533000
2012-05-09,2.2250499725341797,3.1070001125335693,3.124000072479248,3.072000026702881,3.117000102996826,24596000
2012-05-10,2.2114434242248535,3.0880000591278076,3.134999990463257,3.062999963760376,3.119999885559082,22290000
2012-05-11,2.215740203857422,3.0940001010894775,3.115000009536743,3.061000108718872,3.069000005722046,29039000
2012-05-14,2.229346990585327,3.11299991607666,3.1449999809265137,3.046999931335449,3.068000078201294,18594000
2012-05-15,2.223618268966675,3.1050000190734863,3.1659998893737793,3.0910000801086426,3.11899995803833,21493000
2012-05-16,2.2035655975341797,3.0769999027252197,3.1659998893737793,3.071000099182129,3.1059999465942383,19452000
2012-05-17,2.1534361839294434,3.006999969482422,3.0940001010894775,3.005000114440918,3.069999933242798,18872000
2012-05-18,2.149855852127075,3.002000093460083,3.0250000953674316,2.9709999561309814,3.0230000019073486,22855000
2012-05-21,2.213592052459717,3.0910000801086426,3.0910000801086426,2.9700000286102295,3.0,28360000
2012-05-22,2.239372968673706,3.127000093460083,3.1419999599456787,3.0829999446868896,3.0940001010894775,28475000
2012-05-23,2.400505304336548,3.3519999980926514,3.3589999675750732,3.1500000953674316,3.1689999103546143,47735000
2012-05-24,2.328174114227295,3.250999927520752,3.3519999980926514,3.243000030517578,3.3459999561309814,27487000
2012-05-25,2.3740074634552,3.315000057220459,3.3399999141693115,3.256999969482422,3.259999990463257,15457000
2012-05-29,2.4671061038970947,3.444999933242798,3.4509999752044678,3.321000099182129,3.3550000190734863,19163000
2012-05-30,2.367561101913452,3.305999994277954,3.4049999713897705,3.2869999408721924,3.3949999809265137,26237000
2012-05-31,2.370426654815674,3.309999942779541,3.3380000591278076,3.246999979019165,3.328000068664551,19157000
2012-06-01,2.218604564666748,3.0980000495910645,3.2669999599456787,3.0859999656677246,3.243000030517578,38892000
2012-06-04,2.186378240585327,3.052999973297119,3.1649999618530273,3.0179998874664307,3.121999979019165,39732000
2012-06-05,2.249398946762085,3.1410000324249268,3.1489999294281006,3.0390000343322754,3.058000087738037,36053000
2012-06-06,2.361117124557495,3.296999931335449,3.2990000247955322,3.1579999923706055,3.180000066757202,25299000
2012-06-07,2.3596858978271484,3.2950000762939453,3.3480000495910645,3.2860000133514404,3.3429999351501465,23101000
2012-06-08,2.4234211444854736,3.384000062942505,3.4040000438690186,3.25,3.2829999923706055,25119000
2012-06-11,2.3804526329040527,3.3239998817443848,3.4260001182556152,3.313999891281128,3.4089999198913574,15443000
2012-06-12,2.429149627685547,3.3919999599456787,3.4170000553131104,3.3310000896453857,3.3310000896453857,18471000
2012-06-13,2.4377434253692627,3.4040000438690186,3.4489998817443848,3.365000009536743,3.3910000324249268,20580000
2012-06-14,2.3960232734680176,3.3310000896453857,3.380000114440918,3.265000104904175,3.378999948501587,23709000
2012-06-15,2.4506916999816895,3.4070000648498535,3.434000015258789,3.3340001106262207,3.3359999656677246,18289000
2012-06-18,2.500324249267578,3.4760000705718994,3.507999897003174,3.38100004196167,3.3949999809265137,17163000
2012-06-19,2.4960086345672607,3.4700000286102295,3.5,3.440000057220459,3.492000102996826,19152000
2012-06-20,2.537008762359619,3.5269999504089355,3.553999900817871,3.4790000915527344,3.4800000190734863,29267000
2012-06-21,2.4801833629608154,3.447999954223633,3.5390000343322754,3.438999891281128,3.5250000953674316,23173000
2012-06-22,2.503201484680176,3.4800000190734863,3.505000114440918,3.437999963760376,3.446000099182129,55520000
2012-06-25,2.460761547088623,3.4210000038146973,3.4639999866485596,3.4040000438690186,3.437999963760376,23592000
2012-06-26,2.4737093448638916,3.438999891281128,3.4619998931884766,3.3959999084472656,3.430000066757202,18656000
2012-06-27,2.5103940963745117,3.490000009536743,3.50600004196167,3.433000087738037,3.441999912261963,11415000
2012-06-28,2.467954635620117,3.430999994277954,3.4739999771118164,3.3929998874664307,3.4509999752044678,16941000
2012-06-29,2.5823254585266113,3.5899999141693115,3.5940001010894775,3.502000093460083,3.502000093460083,18990000
2012-07-02,2.5528337955474854,3.5490000247955322,3.61899995803833,3.5269999504089355,3.5769999027252197,21855000
2012-07-03,2.5708158016204834,3.5739998817443848,3.5799999237060547,3.5439999103546143,3.555999994277954,9803000
2012-07-05,2.5593066215515137,3.558000087738037,3.5959999561309814,3.546999931335449,3.5739998817443848,8576000
2012-07-06,2.4801833629608154,3.447999954223633,3.552000045776367,3.4070000648498535,3.549999952316284,14716000
2012-07-09,2.394585609436035,3.3289999961853027,3.4600000381469727,3.312000036239624,3.450000047683716,21974000
2012-07-10,2.4046554565429688,3.3429999351501465,3.4070000648498535,3.325000047683716,3.359999895095825,21338000
2012-07-11,2.38091778755188,3.309999942779541,3.3550000190734863,3.2929999828338623,3.3410000801086426,18940000
2012-07-12,2.3435134887695312,3.257999897003174,3.2990000247955322,3.2139999866485596,3.2920000553131104,21140000
2012-07-13,2.384514570236206,3.315000057220459,3.325000047683716,3.247999906539917,3.255000114440918,16791000
2012-07-16,2.35502290725708,3.2739999294281006,3.309000015258789,3.23799991607666,3.296999931335449,13761000
2012-07-17,2.3766019344329834,3.303999900817871,3.322000026702881,3.256999969482422,3.309999942779541,18038000
2012-07-18,2.4305503368377686,3.378999948501587,3.4049999713897705,3.2909998893737793,3.2990000247955322,21230000
2012-07-19,2.592395782470703,3.6040000915527344,3.640000104904175,3.441999912261963,3.453000068664551,34675000
2012-07-20,2.5377280712127686,3.5280001163482666,3.5999999046325684,3.5250000953674316,3.5950000286102295,14961000
2012-07-23,2.4809024333953857,3.4489998817443848,3.4800000190734863,3.372999906539917,3.4639999866485596,15101000
2012-07-24,2.4586048126220703,3.4179999828338623,3.509000062942505,3.377000093460083,3.4679999351501465,9758000
2012-07-25,2.460761547088623,3.4210000038146973,3.4749999046325684,3.381999969482422,3.4130001068115234,20470000
2012-07-26,2.54923677444458,3.5439999103546143,3.572999954223633,3.5,3.500999927520752,13101000
2012-07-27,2.598869800567627,3.61299991607666,3.6470000743865967,3.555000066757202,3.5789999961853027,11498000
2012-07-30,2.587359666824341,3.5969998836517334,3.6700000762939453,3.572000026702881,3.631999969482422,12044000
2012-07-31,2.6542553901672363,3.690000057220459,3.7639999389648438,3.621999979019165,3.624000072479248,23597000
2012-08-01,2.6391499042510986,3.6689999103546143,3.7119998931884766,3.6410000324249268,3.7109999656677246,15423000
2012-08-02,2.628361225128174,3.6540000438690186,3.7139999866485596,3.609999895095825,3.634999990463257,13151000
2012-08-03,2.6693613529205322,3.7109999656677246,3.746000051498413,3.6670000553131104,3.7149999141693115,14333000
2012-08-06,2.6664843559265137,3.7070000171661377,3.74399995803833,3.700000047683716,3.7190001010894775,11303000
2012-08-07,2.6902213096618652,3.740000009536743,3.763000011444092,3.7060000896453857,3.7279999256134033,15424000
2012-08-08,2.6959762573242188,3.747999906539917,3.7699999809265137,3.7249999046325684,3.746000051498413,17173000
2012-08-09,2.684467315673828,3.7320001125335693,3.756999969482422,3.7009999752044678,3.7039999961853027,9996000
2012-08-10,2.672239303588867,3.7149999141693115,3.743000030517578,3.677000045776367,3.7230000495910645,14662000
2012-08-13,2.6089389324188232,3.627000093460083,3.7149999141693115,3.6089999675750732,3.7149999141693115,21116000
2012-08-14,2.600308656692505,3.615000009536743,3.677000045776367,3.5980000495910645,3.6730000972747803,24324000
2012-08-15,2.6312382221221924,3.6579999923706055,3.6630001068115234,3.5999999046325684,3.6050000190734863,15984000
2012-08-16,2.654975414276123,3.690999984741211,3.7139999866485596,3.6700000762939453,3.6700000762939453,25881000
2012-08-17,2.649940252304077,3.684000015258789,3.7880001068115234,3.640000104904175,3.7750000953674316,29985000
2012-08-20,2.5866408348083496,3.5959999561309814,3.694999933242798,3.5409998893737793,3.694999933242798,25468000
2012-08-21,2.616852045059204,3.638000011444092,3.6559998989105225,3.569999933242798,3.5999999046325684,19231000
2012-08-22,2.624765396118164,3.6489999294281006,3.6679999828338623,3.6040000915527344,3.625,13251000
2012-08-23,2.5909574031829834,3.6019999980926514,3.630000114440918,3.572000026702881,3.624000072479248,12060000
2012-08-24,2.593114137649536,3.6050000190734863,3.634000062942505,3.5840001106262207,3.6019999980926514,13030000
2012-08-27,2.5729732513427734,3.5769999027252197,3.61299991607666,3.563999891281128,3.6070001125335693,13306000
2012-08-28,2.6089389324188232,3.627000093460083,3.6419999599456787,3.568000078201294,3.5829999446868896,15320000
2012-08-29,2.6326773166656494,3.6600000858306885,3.686000108718872,3.621999979019165,3.6389999389648438,11952000
2012-08-30,2.5909574031829834,3.6019999980926514,3.6500000953674316,3.5850000381469727,3.6500000953674316,13671000
2012-08-31,2.630519390106201,3.6570000648498535,3.680000066757202,3.5910000801086426,3.628999948501587,13266000
2012-09-04,2.581605911254883,3.5889999866485596,3.6589999198913574,3.5329999923706055,3.63700008392334,21527000
2012-09-05,2.5305349826812744,3.5179998874664307,3.562000036239624,3.505000114440918,3.561000108718872,16184000
2012-09-06,2.6333963871002197,3.6610000133514404,3.680999994277954,3.5190000534057617,3.563999891281128,22883000
2012-09-07,2.6039042472839355,3.619999885559082,3.683000087738037,3.609999895095825,3.6710000038146973,15846000
2012-09-10,2.517587184906006,3.5,3.61899995803833,3.494999885559082,3.5959999561309814,16238000
2012-09-11,2.5147109031677246,3.496000051498413,3.556999921798706,3.4830000400543213,3.503999948501587,12420000
2012-09-12,2.534130811691284,3.5230000019073486,3.549999952316284,3.500999927520752,3.5220000743865967,13803000
2012-09-13,2.52262282371521,3.506999969482422,3.5399999618530273,3.444999933242798,3.5280001163482666,21875000
2012-09-14,2.5219032764434814,3.50600004196167,3.549999952316284,3.4700000286102295,3.509000062942505,34024000
2012-09-17,2.5377280712127686,3.5280001163482666,3.5390000343322754,3.48799991607666,3.5190000534057617,15298000
2012-09-18,2.540618658065796,3.5160000324249268,3.5169999599456787,3.4649999141693115,3.507999897003174,10544000
2012-09-19,2.532670259475708,3.505000114440918,3.5420000553131104,3.4749999046325684,3.513000011444092,20797000
2012-09-20,2.438732624053955,3.375,3.490999937057495,3.322000026702881,3.4579999446868896,40250000
2012-09-21,2.565908670425415,3.5510001182556152,3.611999988555908,3.433000087738037,3.433000087738037,68640000
2012-09-24,2.5001535415649414,3.4600000381469727,3.5139999389648438,3.4230000972747803,3.5,44190000
2012-09-25,2.3852620124816895,3.3010001182556152,3.499000072479248,3.2929999828338623,3.4560000896453857,34009000
2012-09-26,2.4177775382995605,3.3459999561309814,3.3540000915527344,3.239000082015991,3.2739999294281006,41268000
2012-09-27,2.5218310356140137,3.490000009536743,3.499000072479248,3.296999931335449,3.318000078201294,41134000
2012-09-28,2.519662857055664,3.486999988555908,3.502000093460083,3.4100000858306885,3.444999933242798,25908000
2012-10-01,2.5066561698913574,3.4690001010894775,3.553999900817871,3.4549999237060547,3.5139999389648438,20091000
2012-10-02,2.4871466159820557,3.441999912261963,3.490000009536743,3.4100000858306885,3.490000009536743,17096000
2012-10-03,2.49798583984375,3.4570000171661377,3.505000114440918,3.443000078201294,3.453000068664551,27255000
2012-10-04,2.4871466159820557,3.441999912261963,3.4570000171661377,3.4000000953674316,3.4570000171661377,11425000
2012-10-05,2.4885921478271484,3.444000005722046,3.5280001163482666,3.4170000553131104,3.4719998836517334,15117000
2012-10-08,2.448127031326294,3.388000011444092,3.4230000972747803,3.371000051498413,3.4000000953674316,10039000
2012-10-09,2.4271724224090576,3.3589999675750732,3.374000072479248,3.303999900817871,3.3499999046325684,20770000
2012-10-10,2.3549134731292725,3.259000062942505,3.371000051498413,3.255000114440918,3.368000030517578,14476000
2012-10-11,2.3794808387756348,3.2929999828338623,3.3480000495910645,3.25600004196167,3.3010001182556152,13768000
2012-10-12,2.38309383392334,3.2980000972747803,3.3010001182556152,3.253999948501587,3.2730000019073486,26733000
2012-10-15,2.398268461227417,3.319000005722046,3.3359999656677246,3.2799999713897705,3.309999942779541,17144000
2012-10-16,2.482088804244995,3.434999942779541,3.4590001106262207,3.322999954223633,3.3299999237060547,18602000
2012-10-17,2.4647462368011475,3.4110000133514404,3.4600000381469727,3.388000011444092,3.4089999198913574,13410000
2012-10-18,2.4604110717773438,3.4049999713897705,3.440000057220459,3.38100004196167,3.4070000648498535,12752000
2012-10-19,2.398268461227417,3.319000005722046,3.4179999828338623,3.2899999618530273,3.4119999408721924,19088000
2012-10-22,2.413442850112915,3.3399999141693115,3.36899995803833,3.299999952316284,3.3480000495910645,12707000
2012-10-23,2.401881694793701,3.3239998817443848,3.3350000381469727,3.2820000648498535,3.2960000038146973,10953000
2012-10-24,2.3650290966033936,3.2730000019073486,3.3589999675750732,3.259000062942505,3.3529999256134033,13522000
2012-10-25,2.4351208209991455,3.369999885559082,3.374000072479248,3.303999900817871,3.306999921798706,15396000
2012-10-26,2.444514513015747,3.382999897003174,3.3989999294281006,3.3399999141693115,3.369999885559082,12623000
2012-10-31,2.386707067489624,3.302999973297119,3.369999885559082,3.2809998989105225,3.361999988555908,22851000
2012-11-01,2.4929282665252686,3.450000047683716,3.4560000896453857,3.305000066757202,3.3289999961853027,18725000
2012-11-02,2.4546310901641846,3.3970000743865967,3.484999895095825,3.3940000534057617,3.4709999561309814,19223000
2012-11-05,2.479921340942383,3.431999921798706,3.441999912261963,3.2990000247955322,3.299999952316284,13881000
2012-11-06,2.5492889881134033,3.5280001163482666,3.5280001163482666,3.4210000038146973,3.431999921798706,20045000
2012-11-07,2.4539074897766113,3.3959999084472656,3.510999917984009,3.3889999389648438,3.4779999256134033,20751000
2012-11-08,2.4452359676361084,3.384000062942505,3.499000072479248,3.382999897003174,3.499000072479248,13265000
2012-11-09,2.4192235469818115,3.3480000495910645,3.4000000953674316,3.3420000076293945,3.4000000953674316,14186000
2012-11-12,2.4286177158355713,3.3610000610351562,3.384999990463257,3.322000026702881,3.3580000400543213,7607000
2012-11-13,2.4047720432281494,3.328000068664551,3.381999969482422,3.318000078201294,3.3259999752044678,11113000
2012-11-14,2.386707067489624,3.302999973297119,3.3889999389648438,3.2869999408721924,3.368000030517578,12054000
2012-11-15,2.330345392227173,3.2249999046325684,3.322000026702881,3.2090001106262207,3.313999891281128,13745000
2012-11-16,2.3079450130462646,3.194000005722046,3.23799991607666,3.1679999828338623,3.2209999561309814,23888000
2012-11-19,2.3664748668670654,3.2750000953674316,3.2829999923706055,3.2009999752044678,3.2279999256134033,16664000
2012-11-20,2.3708107471466064,3.2809998989105225,3.3480000495910645,3.25,3.3320000171661377,11905000
2012-11-21,2.371532678604126,3.2820000648498535,3.2960000038146973,3.252000093460083,3.2780001163482666,7802000
2012-11-23,2.4242818355560303,3.3550000190734863,3.374000072479248,3.2850000858306885,3.299999952316284,8177000
2012-11-26,2.459688186645508,3.4040000438690186,3.4240000247955322,3.3410000801086426,3.375,16562000
2012-11-27,2.4654688835144043,3.4119999408721924,3.453000068664551,3.359999895095825,3.385999917984009,20547000
2012-11-28,2.4972634315490723,3.4560000896453857,3.4649999141693115,3.3610000610351562,3.361999988555908,20702000
2012-11-29,2.536283254623413,3.509999990463257,3.5429999828338623,3.4719998836517334,3.48799991607666,19060000
2012-11-30,2.536283254623413,3.509999990463257,3.5429999828338623,3.390000104904175,3.4590001106262207,41634000
2012-12-03,2.515328884124756,3.4809999465942383,3.558000087738037,3.4630000591278076,3.5390000343322754,17504000
2012-12-04,2.523275852203369,3.492000102996826,3.5160000324249268,3.4690001010894775,3.4790000915527344,16899000
2012-12-05,2.495095729827881,3.453000068664551,3.5160000324249268,3.450000047683716,3.503000020980835,15875000
2012-12-06,2.5377278327941895,3.51200008392334,3.515000104904175,3.446000099182129,3.4539999961853027,11963000
2012-12-07,2.474862813949585,3.424999952316284,3.4560000896453857,3.3949999809265137,3.4230000972747803,85050000
2012-12-10,2.4893152713775635,3.444999933242798,3.4519999027252197,3.4100000858306885,3.437999963760376,26845000
2012-12-11,2.4972634315490723,3.4560000896453857,3.48799991607666,3.433000087738037,3.4660000801086426,43625000
2012-12-12,2.49798583984375,3.4570000171661377,3.48799991607666,3.444999933242798,3.4790000915527344,49274000
2012-12-13,2.4471540451049805,3.369999885559082,3.500999927520752,3.3589999675750732,3.5,66194000
2012-12-14,2.2612574100494385,3.114000082015991,3.3269999027252197,3.049999952316284,3.315999984741211,98714000
2012-12-17,2.322981595993042,3.1989998817443848,3.200000047683716,3.1019999980926514,3.1389999389648438,70583000
2012-12-18,2.343313694000244,3.2269999980926514,3.25,3.1689999103546143,3.2230000495910645,41414000
2012-12-19,2.322981595993042,3.1989998817443848,3.25,3.194000005722046,3.2290000915527344,25023000
2012-12-20,2.316446304321289,3.190000057220459,3.2239999771118164,3.1419999599456787,3.2049999237060547,23788000
2012-12-21,2.277233600616455,3.135999917984009,3.1570000648498535,3.1010000705718994,3.114000082015991,35064000
2012-12-24,2.26198410987854,3.115000009536743,3.132999897003174,3.0980000495910645,3.128999948501587,7995000
2012-12-26,2.2423784732818604,3.0880000591278076,3.1570000648498535,3.0769999027252197,3.121999979019165,16339000
2012-12-27,2.277958869934082,3.13700008392334,3.1489999294281006,3.069000005722046,3.1080000400543213,27545000
2012-12-28,2.26198410987854,3.115000009536743,3.1470000743865967,3.0959999561309814,3.1059999465942383,19617000
2012-12-31,2.2982916831970215,3.1649999618530273,3.177999973297119,3.0969998836517334,3.132999897003174,26644000
2013-01-02,2.3629202842712402,3.253999948501587,3.305999994277954,3.2239999771118164,3.243000030517578,36716000
2013-01-03,2.3752641677856445,3.2709999084472656,3.2980000972747803,3.2339999675750732,3.2339999675750732,23295000
2013-01-04,2.3600151538848877,3.25,3.2769999504089355,3.2190001010894775,3.2699999809265137,27113000
2013-01-07,2.346944808959961,3.2320001125335693,3.249000072479248,3.2100000381469727,3.236999988555908,16822000
2013-01-08,2.3309695720672607,3.2100000381469727,3.2699999809265137,3.2090001106262207,3.244999885559082,20969000
2013-01-09,2.3825266361236572,3.2809998989105225,3.2960000038146973,3.2360000610351562,3.25,29456000
2013-01-10,2.434083938598633,3.3519999980926514,3.3589999675750732,3.302000045776367,3.3459999561309814,44591000
2013-01-11,2.4936296939849854,3.434000015258789,3.437000036239624,3.3489999771118164,3.3540000915527344,47871000
2013-01-14,2.51033091545105,3.4570000171661377,3.4619998931884766,3.364000082015991,3.384000062942505,49258000
2013-01-15,2.4594993591308594,3.38700008392334,3.444000005722046,3.381999969482422,3.430000066757202,33736000
2013-01-16,2.50960373878479,3.4560000896453857,3.4609999656677246,3.377000093460083,3.38100004196167,27669000
2013-01-17,2.5277585983276367,3.4809999465942383,3.496999979019165,3.4590001106262207,3.4779999256134033,21065000
2013-01-18,2.5008907318115234,3.444000005722046,3.4749999046325684,3.430999994277954,3.4539999961853027,18830000
2013-01-22,2.5008907318115234,3.444000005722046,3.4609999656677246,3.433000087738037,3.444999933242798,13809000
2013-01-23,2.4994380474090576,3.441999912261963,3.5,3.4170000553131104,3.484999895095825,22791000
2013-01-24,2.4638562202453613,3.3929998874664307,3.430999994277954,3.3589999675750732,3.371000051498413,44567000
2013-01-25,2.480558395385742,3.4159998893737793,3.428999900817871,3.381999969482422,3.382999897003174,35089000
2013-01-28,2.5037951469421387,3.447999954223633,3.453000068664551,3.4110000133514404,3.440000057220459,38462000
2013-01-29,2.51033091545105,3.4570000171661377,3.4709999561309814,3.4179999828338623,3.430000066757202,23732000
2013-01-30,2.5451862812042236,3.505000114440918,3.5329999923706055,3.4489998817443848,3.4489998817443848,25185000
2013-01-31,2.597468852996826,3.5769999027252197,3.6089999675750732,3.5250000953674316,3.552000045776367,67764000
2013-02-01,2.6330511569976807,3.625999927520752,3.630000114440918,3.5820000171661377,3.5920000076293945,27973000
2013-02-04,2.554625988006592,3.5179998874664307,3.621000051498413,3.5139999389648438,3.575000047683716,43401000
2013-02-05,2.5713276863098145,3.5409998893737793,3.556999921798706,3.50600004196167,3.507999897003174,29392000
2013-02-06,2.5880300998687744,3.563999891281128,3.5789999961853027,3.509000062942505,3.5230000019073486,20811000
2013-02-07,2.5386502742767334,3.496000051498413,3.563999891281128,3.4539999961853027,3.563999891281128,42435000
2013-02-08,2.5647919178009033,3.5320000648498535,3.552999973297119,3.505000114440918,3.5280001163482666,32966000
2013-02-11,2.570601224899292,3.5399999618530273,3.569000005722046,3.5,3.5380001068115234,29999000
2013-02-12,2.5517218112945557,3.5139999389648438,3.5350000858306885,3.4779999256134033,3.5199999809265137,31224000
2013-02-13,2.5539002418518066,3.5169999599456787,3.5490000247955322,3.489000082015991,3.5360000133514404,26590000
2013-02-14,2.5880300998687744,3.563999891281128,3.566999912261963,3.499000072479248,3.509000062942505,32372000
2013-02-15,2.5517218112945557,3.5139999389648438,3.578000068664551,3.497999906539917,3.558000087738037,25317000
2013-02-19,2.5807671546936035,3.553999900817871,3.555000066757202,3.4800000190734863,3.5,24396000
2013-02-20,2.5175914764404297,3.4670000076293945,3.572999954223633,3.4670000076293945,3.5480000972747803,33262000
2013-02-21,2.4449760913848877,3.367000102996826,3.4679999351501465,3.2960000038146973,3.447000026702881,61853000
2013-02-22,2.4754748344421387,3.4089999198913574,3.447000026702881,3.371000051498413,3.3970000743865967,18964000
2013-02-25,2.3926925659179688,3.2950000762939453,3.421999931335449,3.2939999103546143,3.4130001068115234,30632000
2013-02-26,2.405764102935791,3.312999963760376,3.3399999141693115,3.2660000324249268,3.312999963760376,34556000
2013-02-27,2.4464285373687744,3.36899995803833,3.437000036239624,3.36299991607666,3.380000114440918,35971000
2013-02-28,2.484914541244507,3.421999931335449,3.430999994277954,3.3329999446868896,3.36899995803833,34786000
2013-03-01,2.4471540451049805,3.369999885559082,3.4089999198913574,3.3259999752044678,3.3919999599456787,31500000
2013-03-04,2.4355359077453613,3.3540000915527344,3.369999885559082,3.3010001182556152,3.3559999465942383,17005000
2013-03-05,2.4929025173187256,3.433000087738037,3.436000108718872,3.368000030517578,3.369999885559082,30510000
2013-03-06,2.5204966068267822,3.4709999561309814,3.4769999980926514,3.4210000038146973,3.430999994277954,24610000
2013-03-07,2.539376735687256,3.496999979019165,3.513000011444092,3.440000057220459,3.4690001010894775,30738000
2013-03-08,2.561161994934082,3.5269999504089355,3.5409998893737793,3.497999906539917,3.505000114440918,19688000
2013-03-11,2.5604357719421387,3.5260000228881836,3.565999984741211,3.496999979019165,3.507999897003174,28173000
2013-03-12,2.574232816696167,3.5450000762939453,3.553999900817871,3.5,3.5220000743865967,22477000
2013-03-13,2.6134448051452637,3.5989999771118164,3.6110000610351562,3.5260000228881836,3.549999952316284,27495000
2013-03-14,2.662097692489624,3.6659998893737793,3.697999954223633,3.6029999256134033,3.6050000190734863,43449000
2013-03-15,2.614171266555786,3.5999999046325684,3.677999973297119,3.5810000896453857,3.6700000762939453,34447000
2013-03-18,2.5604357719421387,3.5260000228881836,3.5899999141693115,3.505000114440918,3.558000087738037,28689000
2013-03-19,2.5633397102355957,3.5299999713897705,3.5820000171661377,3.503999948501587,3.5390000343322754,33400000
2013-03-20,2.6090874671936035,3.5929999351501465,3.6080000400543213,3.5350000858306885,3.568000078201294,29636000
2013-03-21,2.595947742462158,3.555999994277954,3.5759999752044678,3.513000011444092,3.5409998893737793,27816000
2013-03-22,2.6134674549102783,3.5799999237060547,3.6040000915527344,3.5380001068115234,3.5769999027252197,17306000
2013-03-25,2.5930283069610596,3.552000045776367,3.5889999866485596,3.5250000953674316,3.5869998931884766,12888000
2013-03-26,2.6127381324768066,3.5789999961853027,3.5980000495910645,3.555999994277954,3.566999912261963,9556000
2013-03-27,2.60178804397583,3.563999891281128,3.572999954223633,3.5250000953674316,3.546999931335449,14861000
2013-03-28,2.6222281455993652,3.5920000076293945,3.5929999351501465,3.5480000972747803,3.5799999237060547,14740000
2013-04-01,2.5798873901367188,3.5339999198913574,3.5999999046325684,3.5190000534057617,3.5820000171661377,18501000
2013-04-02,2.5463061332702637,3.48799991607666,3.561000108718872,3.4769999980926514,3.556999921798706,23020000
2013-04-03,2.504695177078247,3.430999994277954,3.507999897003174,3.4100000858306885,3.48799991607666,18297000
2013-04-04,2.5258657932281494,3.4600000381469727,3.4679999351501465,3.3959999084472656,3.4240000247955322,15348000
2013-04-05,2.506155252456665,3.433000087738037,3.441999912261963,3.3329999446868896,3.4010000228881836,14449000
2013-04-08,2.5302460193634033,3.4660000801086426,3.4670000076293945,3.3970000743865967,3.424999952316284,12357000
2013-04-09,2.539005994796753,3.4779999256134033,3.513000011444092,3.421999931335449,3.4709999561309814,16008000
2013-04-10,2.5828075408935547,3.5380001068115234,3.549999952316284,3.4790000915527344,3.4809999465942383,14817000
2013-04-11,2.6010570526123047,3.562999963760376,3.5920000076293945,3.500999927520752,3.5239999294281006,18282000
2013-04-12,2.5484962463378906,3.490999937057495,3.552999973297119,3.4560000896453857,3.549999952316284,16125000
2013-04-15,2.4660041332244873,3.378000020980835,3.4730000495910645,3.371999979019165,3.4679999351501465,24634000
2013-04-16,2.5244061946868896,3.4579999446868896,3.4600000381469727,3.385999917984009,3.4079999923706055,22491000
2013-04-17,2.3652617931365967,3.240000009536743,3.377000093460083,3.2279999256134033,3.375,64010000
2013-04-18,2.290069341659546,3.13700008392334,3.328000068664551,3.125,3.309999942779541,41056000
2013-04-19,2.282038927078247,3.125999927520752,3.187999963760376,3.0829999446868896,3.125,37180000
2013-04-22,2.3053996562957764,3.1579999923706055,3.184000015258789,3.056999921798706,3.135999917984009,36395000
2013-04-23,2.3630712032318115,3.236999988555908,3.242000102996826,3.171999931335449,3.186000108718872,25542000
2013-04-24,2.381322145462036,3.26200008392334,3.2839999198913574,3.2039999961853027,3.236999988555908,32062000
2013-04-25,2.382052421569824,3.263000011444092,3.319000005722046,3.253000020980835,3.2809998989105225,25126000
2013-04-26,2.3440911769866943,3.2109999656677246,3.259000062942505,3.196000099182129,3.259000062942505,30945000
2013-04-29,2.374751567840576,3.253000020980835,3.2790000438690186,3.2200000286102295,3.234999895095825,20430000
2013-04-30,2.3331410884857178,3.196000099182129,3.246999979019165,3.1549999713897705,3.246999979019165,52511000
2013-05-01,2.2864198684692383,3.131999969482422,3.2070000171661377,3.125,3.2060000896453857,37068000
2013-05-02,2.3426308631896973,3.2090001106262207,3.2230000495910645,3.13100004196167,3.1549999713897705,32536000
2013-05-03,2.327300548553467,3.187999963760376,3.239000082015991,3.184999942779541,3.2160000801086426,46901000
2013-05-06,2.3944625854492188,3.2799999713897705,3.2899999618530273,3.196000099182129,3.2049999237060547,32848000
2013-05-07,2.3754818439483643,3.253999948501587,3.2950000762939453,3.246999979019165,3.2920000553131104,16093000
2013-05-08,2.445563316345215,3.3499999046325684,3.3519999980926514,3.257999897003174,3.263000011444092,25437000
2013-05-09,2.4725747108459473,3.38700008392334,3.4079999923706055,3.3399999141693115,3.3480000495910645,29769000
2013-05-10,2.4864444732666016,3.4059998989105225,3.4140000343322754,3.382999897003174,3.3959999084472656,15644000
2013-05-13,2.4543240070343018,3.361999988555908,3.4130001068115234,3.3589999675750732,3.382999897003174,14952000
2013-05-14,2.4601635932922363,3.369999885559082,3.381999969482422,3.3329999446868896,3.3580000400543213,15938000
2013-05-15,2.4952054023742676,3.4179999828338623,3.4189999103546143,3.3540000915527344,3.365999937057495,16947000
2013-05-16,2.4973952770233154,3.4210000038146973,3.4519999027252197,3.390000104904175,3.4170000553131104,24749000
2013-05-17,2.513455629348755,3.443000078201294,3.4779999256134033,3.436000108718872,3.4489998817443848,27443000
2013-05-20,2.514185667037964,3.444000005722046,3.4549999237060547,3.4240000247955322,3.4240000247955322,13881000
2013-05-21,2.561636447906494,3.509000062942505,3.513000011444092,3.444000005722046,3.4609999656677246,20743000
2013-05-22,2.5229451656341553,3.4560000896453857,3.5239999294281006,3.4230000972747803,3.497999906539917,33873000
2013-05-23,2.4798741340637207,3.3970000743865967,3.434999942779541,3.384000062942505,3.4240000247955322,28513000
2013-05-24,2.4893646240234375,3.4100000858306885,3.4100000858306885,3.368000030517578,3.385999917984009,15118000
2013-05-28,2.514185667037964,3.444000005722046,3.4609999656677246,3.4010000228881836,3.453000068664551,20919000
2013-05-29,2.513455629348755,3.443000078201294,3.4700000286102295,3.4149999618530273,3.437000036239624,22858000
2013-05-30,2.760932207107544,3.7820000648498535,3.822999954223633,3.609999895095825,3.619999885559082,82607000
2013-05-31,2.754361391067505,3.7730000019073486,3.8269999027252197,3.7109999656677246,3.7330000400543213,33432000
2013-06-03,2.7229716777801514,3.7300000190734863,3.7730000019073486,3.6589999198913574,3.7679998874664307,27210000
2013-06-04,2.7594714164733887,3.7799999713897705,3.819000005722046,3.739000082015991,3.740000009536743,33120000
2013-06-05,2.7010703086853027,3.700000047683716,3.7769999504089355,3.681999921798706,3.7739999294281006,15019000
2013-06-06,2.6828196048736572,3.674999952316284,3.7219998836517334,3.6440000534057617,3.7190001010894775,29731000
2013-06-07,2.722240924835205,3.7290000915527344,3.7330000400543213,3.615000009536743,3.6760001182556152,30733000
2013-06-10,2.688659906387329,3.683000087738037,3.750999927520752,3.678999900817871,3.75,26360000
2013-06-11,2.6492390632629395,3.628999948501587,3.6760001182556152,3.625999927520752,3.6429998874664307,21699000
2013-06-12,2.6266086101531982,3.5980000495910645,3.6679999828338623,3.572000026702881,3.6659998893737793,21307000
2013-06-13,2.7250046730041504,3.7109999656677246,3.7160000801086426,3.562000036239624,3.5739998817443848,29106000
2013-06-14,2.76025128364563,3.759000062942505,3.7799999713897705,3.7049999237060547,3.7139999866485596,21762000
2013-06-17,2.7969672679901123,3.809000015258789,3.8340001106262207,3.7730000019073486,3.7799999713897705,24727000
2013-06-18,2.845431089401245,3.875,3.880000114440918,3.7980000972747803,3.803999900817871,27383000
2013-06-19,2.7954981327056885,3.806999921798706,3.88700008392334,3.806999921798706,3.86899995803833,24035000
2013-06-20,2.721334218978882,3.7060000896453857,3.7939999103546143,3.691999912261963,3.7709999084472656,31638000
2013-06-21,2.7448315620422363,3.73799991607666,3.747999906539917,3.6619999408721924,3.7039999961853027,80030000
2013-06-24,2.694164276123047,3.6689999103546143,3.6989998817443848,3.609999895095825,3.697999954223633,36858000
2013-06-25,2.724271535873413,3.7100000381469727,3.759000062942505,3.680999994277954,3.7130000591278076,26019000
2013-06-26,2.735285758972168,3.7249999046325684,3.7720000743865967,3.6989998817443848,3.739000082015991,20661000
2013-06-27,2.7404258251190186,3.7320001125335693,3.7839999198913574,3.7290000915527344,3.747999906539917,26359000
2013-06-28,2.7448315620422363,3.73799991607666,3.76200008392334,3.6760001182556152,3.700000047683716,22998000
2013-07-01,2.7617204189300537,3.760999917984009,3.7869999408721924,3.7339999675750732,3.7850000858306885,27147000
2013-07-02,2.8256051540374756,3.8480000495910645,3.8980000019073486,3.7820000648498535,3.7950000762939453,40377000
2013-07-03,2.8336822986602783,3.8589999675750732,3.88700008392334,3.812999963760376,3.8389999866485596,15203000
2013-07-05,2.8498363494873047,3.88100004196167,3.9179999828338623,3.815999984741211,3.861999988555908,14447000
2013-07-08,2.7367544174194336,3.7269999980926514,3.9030001163482666,3.7190001010894775,3.8929998874664307,22643000
2013-07-09,2.7595176696777344,3.757999897003174,3.796999931335449,3.73799991607666,3.7720000743865967,13855000
2013-07-10,2.8145902156829834,3.8329999446868896,3.8350000381469727,3.74399995803833,3.757999897003174,17363000
2013-07-11,2.8336822986602783,3.8589999675750732,3.859999895095825,3.747999906539917,3.753000020980835,16769000
2013-07-12,2.860116481781006,3.8949999809265137,3.8980000019073486,3.868000030517578,3.86899995803833,18342000
2013-07-15,2.791093111038208,3.8010001182556152,3.9079999923706055,3.7960000038146973,3.8980000019073486,21551000
2013-07-16,2.854243040084839,3.88700008392334,3.9140000343322754,3.815999984741211,3.815999984741211,31254000
2013-07-17,2.8579137325286865,3.8919999599456787,3.9739999771118164,3.885999917984009,3.9010000228881836,23992000
2013-07-18,2.7609870433807373,3.759999990463257,3.888000011444092,3.744999885559082,3.875,37050000
2013-07-19,2.779343605041504,3.7850000858306885,3.815000057220459,3.750999927520752,3.7750000953674316,17757000
2013-07-22,2.7749383449554443,3.7790000438690186,3.822999954223633,3.753999948501587,3.822999954223633,9869000
2013-07-23,2.7617204189300537,3.760999917984009,3.815999984741211,3.750999927520752,3.808000087738037,16501000
2013-07-24,2.708850145339966,3.688999891281128,3.7990000247955322,3.686000108718872,3.7269999980926514,20506000
2013-07-25,2.7095844745635986,3.690000057220459,3.697999954223633,3.630000114440918,3.6500000953674316,25512000
2013-07-26,2.700772762298584,3.677999973297119,3.684999942779541,3.634999990463257,3.6530001163482666,12256000
2013-07-29,2.6868209838867188,3.6589999198913574,3.690000057220459,3.638000011444092,3.6619999408721924,13094000
2013-07-30,2.705913543701172,3.684999942779541,3.700000047683716,3.634000062942505,3.674999952316284,11651000
2013-07-31,2.693430185317993,3.6679999828338623,3.7060000896453857,3.6559998989105225,3.7009999752044678,13124000
2013-08-01,2.746299982070923,3.740000009536743,3.752000093460083,3.683000087738037,3.703000068664551,19499000
2013-08-02,2.752908945083618,3.749000072479248,3.749000072479248,3.693000078201294,3.7290000915527344,15183000
2013-08-05,2.718395948410034,3.7019999027252197,3.740000009536743,3.696000099182129,3.7219998836517334,11773000
2013-08-06,2.7066473960876465,3.686000108718872,3.694999933242798,3.6700000762939453,3.693000078201294,10730000
2013-08-07,2.73822283744812,3.7290000915527344,3.7309999465942383,3.6679999828338623,3.697000026702881,18035000
2013-08-08,2.7404258251190186,3.7320001125335693,3.759999990463257,3.7279999256134033,3.759999990463257,19396000
2013-08-09,2.70444393157959,3.683000087738037,3.7239999771118164,3.6740000247955322,3.7179999351501465,13858000
2013-08-12,2.76832914352417,3.7699999809265137,3.7799999713897705,3.6740000247955322,3.684000015258789,9880000
2013-08-13,2.7918267250061035,3.802000045776367,3.812000036239624,3.7320001125335693,3.7839999198913574,13754000
2013-08-14,2.7330822944641113,3.7219998836517334,3.7939999103546143,3.7149999141693115,3.7899999618530273,15271000
2013-08-15,2.6449661254882812,3.6019999980926514,3.694000005722046,3.575000047683716,3.614000082015991,25111000
2013-08-16,2.6618549823760986,3.625,3.634999990463257,3.5889999866485596,3.5969998836517334,13543000
2013-08-19,2.6618549823760986,3.625,3.6410000324249268,3.6080000400543213,3.631999969482422,23389000
2013-08-20,2.701507806777954,3.678999900817871,3.7100000381469727,3.628000020980835,3.634000062942505,17417000
2013-08-21,2.6868209838867188,3.6589999198913574,3.6989998817443848,3.638000011444092,3.6640000343322754,14425000
2013-08-22,2.6882894039154053,3.6610000133514404,3.7130000591278076,3.6080000400543213,3.621999979019165,9940000
2013-08-23,2.697835683822632,3.6740000247955322,3.7049999237060547,3.6480000019073486,3.678999900817871,18312000
2013-08-26,2.752174139022827,3.747999906539917,3.7720000743865967,3.684999942779541,3.694999933242798,13890000
2013-08-27,2.6838836669921875,3.6549999713897705,3.7839999198913574,3.634999990463257,3.7839999198913574,29863000
2013-08-28,2.8109190464019775,3.828000068664551,3.944999933242798,3.7899999618530273,3.8929998874664307,67806000
2013-08-29,2.860116481781006,3.8949999809265137,3.9000000953674316,3.812999963760376,3.8399999141693115,35955000
2013-08-30,2.8278074264526367,3.8510000705718994,3.8989999294281006,3.8289999961853027,3.8959999084472656,25073000
2013-09-03,2.816058874130249,3.8350000381469727,3.9130001068115234,3.803999900817871,3.881999969482422,17351000
2013-09-04,2.8623199462890625,3.8980000019073486,3.9130001068115234,3.815999984741211,3.8580000400543213,12588000
2013-09-05,2.8483686447143555,3.878999948501587,3.9200000762939453,3.871999979019165,3.9149999618530273,14372000
2013-09-06,2.831480026245117,3.8559999465942383,3.9179999828338623,3.822999954223633,3.9179999828338623,17155000
2013-09-09,2.8468997478485107,3.877000093460083,3.9000000953674316,3.86299991607666,3.88700008392334,16364000
2013-09-10,2.9122531414031982,3.9660000801086426,3.9670000076293945,3.8949999809265137,3.9000000953674316,24344000
2013-09-11,2.8821463584899902,3.924999952316284,3.947000026702881,3.868000030517578,3.9230000972747803,23927000
2013-09-12,2.865992546081543,3.9030001163482666,3.944999933242798,3.8610000610351562,3.933000087738037,20006000
2013-09-13,2.8630547523498535,3.8989999294281006,3.927999973297119,3.869999885559082,3.9159998893737793,14480000
2013-09-16,2.8843488693237305,3.927999973297119,3.9679999351501465,3.9040000438690186,3.937000036239624,21556000
2013-09-17,2.963383197784424,4.01200008392334,4.035999774932861,3.950000047683716,3.9749999046325684,37247000
2013-09-18,3.0040078163146973,4.066999912261963,4.067999839782715,3.9839999675750732,4.021999835968018,23648000
2013-09-19,3.0099167823791504,4.074999809265137,4.079999923706055,4.014999866485596,4.074999809265137,25017000
2013-09-20,3.0741775035858154,4.1620001792907715,4.257999897003174,4.083000183105469,4.116000175476074,87192000
2013-09-23,3.0926411151885986,4.186999797821045,4.269000053405762,4.14900016784668,4.257999897003174,29711000
2013-09-24,3.132528781890869,4.241000175476074,4.258999824523926,4.164000034332275,4.184999942779541,29753000
2013-09-25,3.1177566051483154,4.2210001945495605,4.260000228881836,4.142000198364258,4.251999855041504,20584000
2013-09-26,3.122188091278076,4.2270002365112305,4.265999794006348,4.203999996185303,4.247000217437744,16874000
2013-09-27,3.153949022293091,4.269999980926514,4.2769999504089355,4.184000015258789,4.210999965667725,21998000
2013-09-30,3.1820175647735596,4.308000087738037,4.328999996185303,4.197000026702881,4.210000038146973,35229000
2013-10-01,3.2071309089660645,4.3420000076293945,4.36299991607666,4.297999858856201,4.314000129699707,27411000
2013-10-02,3.2063920497894287,4.341000080108643,4.34499979019165,4.294000148773193,4.307000160217285,17366000
2013-10-03,3.1982665061950684,4.329999923706055,4.359000205993652,4.2829999923706055,4.339000225067139,22817000
2013-10-04,3.213038921356201,4.349999904632568,4.373000144958496,4.328999996185303,4.3420000076293945,17246000
2013-10-07,3.1761085987091064,4.300000190734863,4.349999904632568,4.288000106811523,4.349999904632568,14587000
2013-10-08,3.1465635299682617,4.260000228881836,4.3470001220703125,4.236000061035156,4.310999870300293,21682000
2013-10-09,3.117017984390259,4.21999979019165,4.306000232696533,4.183000087738037,4.296999931335449,27594000
2013-10-10,3.213778018951416,4.35099983215332,4.367000102996826,4.257999897003174,4.330999851226807,32464000
2013-10-11,3.197528600692749,4.328999996185303,4.349999904632568,4.2779998779296875,4.324999809265137,18979000
2013-10-14,3.2669591903686523,4.422999858856201,4.431000232696533,4.301000118255615,4.313000202178955,20183000
2013-10-15,3.230766534805298,4.374000072479248,4.443999767303467,4.357999801635742,4.427000045776367,18761000
2013-10-16,3.2869019508361816,4.449999809265137,4.460000038146973,4.38700008392334,4.4079999923706055,16999000
2013-10-17,3.3312201499938965,4.510000228881836,4.513000011444092,4.400000095367432,4.408999919891357,23286000
2013-10-18,3.4021286964416504,4.605999946594238,4.627999782562256,4.505000114440918,4.627999782562256,27417000
2013-10-21,3.4752540588378906,4.704999923706055,4.7210001945495605,4.605000019073486,4.614999771118164,43360000
2013-10-22,3.4619572162628174,4.686999797821045,4.705999851226807,4.645999908447266,4.705999851226807,47814000
2013-10-23,3.3526408672332764,4.539000034332275,4.6570000648498535,4.4710001945495605,4.651000022888184,56673000
2013-10-24,3.3600268363952637,4.548999786376953,4.570000171661377,4.495999813079834,4.5279998779296875,30021000
2013-10-25,3.370368003845215,4.563000202178955,4.590000152587891,4.51800012588501,4.51800012588501,21912000
2013-10-28,3.361504316329956,4.551000118255615,4.574999809265137,4.521999835968018,4.534999847412109,19048000
2013-10-29,3.382925510406494,4.579999923706055,4.627999782562256,4.558000087738037,4.586999893188477,22162000
2013-10-30,3.3127546310424805,4.485000133514404,4.605999946594238,4.440000057220459,4.605999946594238,20740000
2013-10-31,3.3555960655212402,4.543000221252441,4.560999870300293,4.5,4.5,17394000
2013-11-01,3.3031530380249023,4.4720001220703125,4.589000225067139,4.456999778747559,4.578999996185303,22074000
2013-11-04,3.3267881870269775,4.504000186920166,4.53000020980835,4.460000038146973,4.508999824523926,13911000
2013-11-05,3.326050043106079,4.502999782562256,4.519999980926514,4.459000110626221,4.504000186920166,12484000
2013-11-06,3.351162910461426,4.5370001792907715,4.548999786376953,4.497000217437744,4.51800012588501,10405000
2013-11-07,3.2248573303222656,4.366000175476074,4.550000190734863,4.357999801635742,4.535999774932861,32309000
2013-11-08,3.275822401046753,4.434999942779541,4.439000129699707,4.309999942779541,4.373000144958496,36069000
2013-11-11,3.2654824256896973,4.421000003814697,4.458000183105469,4.388999938964844,4.443999767303467,9140000
2013-11-12,3.3334367275238037,4.513000011444092,4.51800012588501,4.431000232696533,4.455999851226807,13438000
2013-11-13,3.3519017696380615,4.538000106811523,4.538000106811523,4.434999942779541,4.434999942779541,9863000
2013-11-14,3.172415018081665,4.295000076293945,4.508999824523926,4.257999897003174,4.489999771118164,59660000
2013-11-15,3.295027256011963,4.460999965667725,4.480999946594238,4.289000034332275,4.297999858856201,48369000
2013-11-18,3.2470171451568604,4.395999908447266,4.4720001220703125,4.386000156402588,4.460999965667725,13463000
2013-11-19,3.172415018081665,4.295000076293945,4.425000190734863,4.293000221252441,4.383999824523926,12296000
2013-11-20,3.153949022293091,4.269999980926514,4.326000213623047,4.244999885559082,4.324999809265137,11085000
2013-11-21,3.179802179336548,4.304999828338623,4.322000026702881,4.271999835968018,4.293000221252441,15434000
2013-11-22,3.1982665061950684,4.329999923706055,4.3520002365112305,4.295000076293945,4.306000232696533,11219000
2013-11-25,3.2285501956939697,4.370999813079834,4.400000095367432,4.340000152587891,4.39300012588501,16001000
2013-11-26,3.305368185043335,4.474999904632568,4.486000061035156,4.355000019073486,4.379000186920166,18712000
2013-11-27,3.2994585037231445,4.4670000076293945,4.480999946594238,4.373000144958496,4.449999809265137,19086000
2013-11-29,3.303891181945801,4.4730000495910645,4.508999824523926,4.466000080108643,4.499000072479248,11401000
2013-12-02,3.3238348960876465,4.5,4.620999813079834,4.49399995803833,4.548999786376953,24454000
2013-12-03,3.3075850009918213,4.478000164031982,4.497000217437744,4.460999965667725,4.493000030517578,16189000
2013-12-04,3.2869019508361816,4.449999809265137,4.489999771118164,4.441999912261963,4.447999954223633,26443000
2013-12-05,3.515138864517212,4.758999824523926,4.76800012588501,4.50600004196167,4.552999973297119,45947000
2013-12-06,3.4686052799224854,4.696000099182129,4.830999851226807,4.695000171661377,4.830999851226807,27552000
2013-12-09,3.498889923095703,4.736999988555908,4.754000186920166,4.65500020980835,4.709000110626221,20719000
2013-12-10,3.442014694213867,4.659999847412109,4.741000175476074,4.6479997634887695,4.736999988555908,15997000
2013-12-11,3.405823230743408,4.611000061035156,4.698999881744385,4.605999946594238,4.676000118255615,13005000
2013-12-12,3.3792316913604736,4.574999809265137,4.64900016784668,4.572999954223633,4.644999980926514,13678000
2013-12-13,3.3718457221984863,4.565000057220459,4.614999771118164,4.560999870300293,4.603000164031982,15876000
2013-12-16,3.700535535812378,5.010000228881836,5.054999828338623,4.835999965667725,4.9710001945495605,121534000
2013-12-17,3.9561004638671875,5.355999946594238,5.453999996185303,5.03000020980835,5.034999847412109,87230000
2013-12-18,3.944227695465088,5.315000057220459,5.34499979019165,5.201000213623047,5.34499979019165,42787000
2013-12-19,3.8173305988311768,5.144000053405762,5.301000118255615,5.13100004196167,5.295000076293945,30366000
2013-12-20,3.8329155445098877,5.164999961853027,5.202000141143799,5.132999897003174,5.14300012588501,28889000
2013-12-23,3.8633387088775635,5.205999851226807,5.228000164031982,5.179999828338623,5.228000164031982,12988000
2013-12-24,3.9048962593078613,5.26200008392334,5.2789998054504395,5.223999977111816,5.230999946594238,7448000
2013-12-26,3.9123175144195557,5.271999835968018,5.295000076293945,5.245999813079834,5.2829999923706055,7010000
2013-12-27,3.9167704582214355,5.2779998779296875,5.306000232696533,5.261000156402588,5.289000034332275,8043000
2013-12-30,3.910832643508911,5.269999980926514,5.284999847412109,5.218999862670898,5.2789998054504395,10962000
2013-12-31,3.9241909980773926,5.288000106811523,5.329999923706055,5.254000186920166,5.2870001792907715,8655000
2014-01-02,3.907122850418091,5.264999866485596,5.288000106811523,5.189000129699707,5.284999847412109,14537000
2014-01-03,3.921964406967163,5.284999847412109,5.296000003814697,5.196000099182129,5.244999885559082,11661000
2014-01-06,3.895249128341675,5.249000072479248,5.340000152587891,5.243000030517578,5.28000020980835,12634000
2014-01-07,3.9323530197143555,5.298999786376953,5.306000232696533,5.249000072479248,5.2820000648498535,13359000
2014-01-08,3.9909794330596924,5.377999782562256,5.392000198364258,5.285999774932861,5.310999870300293,22968000
2014-01-09,3.9501638412475586,5.322999954223633,5.416999816894531,5.276000022888184,5.400000095367432,12339000
2014-01-10,3.9553585052490234,5.329999923706055,5.4019999504089355,5.2870001792907715,5.394000053405762,16691000
2014-01-13,3.9063820838928223,5.263999938964844,5.377999782562256,5.238999843597412,5.361999988555908,13944000
2014-01-14,4.101551055908203,5.5269999504089355,5.584000110626221,5.27400016784668,5.331999778747559,34855000
2014-01-15,4.227707862854004,5.697000026702881,5.7179999351501465,5.552000045776367,5.567999839782715,27187000
2014-01-16,4.113424777984619,5.543000221252441,5.696000099182129,5.514999866485596,5.676000118255615,24084000
2014-01-17,4.166113376617432,5.613999843597412,5.642000198364258,5.5229997634887695,5.526000022888184,31181000
2014-01-21,4.163887023925781,5.611000061035156,5.682000160217285,5.5879998207092285,5.660999774932861,16597000
2014-01-22,4.241064071655273,5.715000152587891,5.7179999351501465,5.585000038146973,5.619999885559082,25526000
2014-01-23,4.1594343185424805,5.605000019073486,5.715000152587891,5.573999881744385,5.672999858856201,15551000
2014-01-24,4.043667316436768,5.448999881744385,5.598999977111816,5.414999961853027,5.570000171661377,17426000
2014-01-27,4.040701389312744,5.445000171661377,5.525000095367432,5.374000072479248,5.461999893188477,21031000
2014-01-28,4.060736179351807,5.4720001220703125,5.480000019073486,5.296000003814697,5.440000057220459,25223000
2014-01-29,4.012501239776611,5.4070000648498535,5.593999862670898,5.336999893188477,5.394000053405762,23974000
2014-01-30,4.0852251052856445,5.505000114440918,5.5269999504089355,5.408999919891357,5.48199987411499,11989000
2014-01-31,4.054797649383545,5.464000225067139,5.5289998054504395,5.382999897003174,5.382999897003174,15784000
2014-02-03,3.9523916244506836,5.326000213623047,5.517000198364258,5.296000003814697,5.480000019073486,11421000
2014-02-04,4.008047580718994,5.401000022888184,5.415999889373779,5.309999942779541,5.35099983215332,13487000
2014-02-05,4.0058207511901855,5.3979997634887695,5.4730000495910645,5.318999767303467,5.372000217437744,9017000
2014-02-06,4.096357822418213,5.519999980926514,5.586999893188477,5.361999988555908,5.39900016784668,18053000
2014-02-07,4.198023319244385,5.6570000648498535,5.684000015258789,5.513000011444092,5.546999931335449,17039000
2014-02-10,4.1787285804748535,5.63100004196167,5.6479997634887695,5.557000160217285,5.61899995803833,12347000
2014-02-11,4.3093390464782715,5.807000160217285,5.815999984741211,5.61899995803833,5.619999885559082,17344000
2014-02-12,4.373900413513184,5.894000053405762,5.980000019073486,5.820000171661377,5.820000171661377,25864000
2014-02-13,4.384289264678955,5.9079999923706055,5.951000213623047,5.73799991607666,5.743000030517578,22614000
2014-02-14,4.310080528259277,5.808000087738037,5.8379998207092285,5.74399995803833,5.75,28180000
2014-02-18,4.331600189208984,5.836999893188477,5.85099983215332,5.7729997634887695,5.85099983215332,15872000
2014-02-19,4.2818803787231445,5.769999980926514,5.8420000076293945,5.749000072479248,5.818999767303467,14598000
2014-02-20,4.378352642059326,5.900000095367432,5.9029998779296875,5.769999980926514,5.803999900817871,22282000
2014-02-21,4.344959735870361,5.855000019073486,5.949999809265137,5.840000152587891,5.942999839782715,17998000
2014-02-24,4.420650959014893,5.956999778747559,5.999000072479248,5.85099983215332,5.85099983215332,20672000
2014-02-25,4.378352642059326,5.900000095367432,6.0,5.839000225067139,6.0,26929000
2014-02-26,4.593559265136719,6.190000057220459,6.348999977111816,5.997000217437744,6.0,49125000
2014-02-27,4.5549702644348145,6.138000011444092,6.2220001220703125,6.078000068664551,6.11899995803833,16460000
2014-02-28,4.578718185424805,6.170000076293945,6.197000026702881,6.078999996185303,6.114999771118164,15225000
2014-03-03,4.581684589385986,6.173999786376953,6.247000217437744,6.085000038146973,6.114999771118164,15340000
2014-03-04,4.701162338256836,6.335000038146973,6.409999847412109,6.228000164031982,6.25,36761000
2014-03-05,4.681127548217773,6.308000087738037,6.422999858856201,6.294000148773193,6.315999984741211,24656000
2014-03-06,4.722684383392334,6.363999843597412,6.390999794006348,6.304999828338623,6.328999996185303,12162000
2014-03-07,4.656636714935303,6.275000095367432,6.394999980926514,6.244999885559082,6.394999980926514,15133000
2014-03-10,4.6603474617004395,6.28000020980835,6.3420000076293945,6.247000217437744,6.293000221252441,13519000
2014-03-11,4.60246467590332,6.202000141143799,6.364999771118164,6.181000232696533,6.297999858856201,16191000
2014-03-12,4.688546657562256,6.317999839782715,6.330999851226807,6.045000076293945,6.177000045776367,23598000
2014-03-13,4.651443004608154,6.26800012588501,6.449999809265137,6.203999996185303,6.340000152587891,35377000
2014-03-14,4.651443004608154,6.26800012588501,6.324999809265137,6.2210001945495605,6.2769999504089355,13939000
2014-03-17,4.705613613128662,6.341000080108643,6.39900016784668,6.276000022888184,6.302999973297119,13968000
2014-03-18,4.756294250488281,6.381999969482422,6.401000022888184,6.2789998054504395,6.324999809265137,13109000
2014-03-19,4.800264835357666,6.440999984741211,6.48799991607666,6.379000186920166,6.401000022888184,17558000
2014-03-20,4.867338180541992,6.531000137329102,6.539000034332275,6.429999828338623,6.432000160217285,19966000
2014-03-21,4.762256145477295,6.389999866485596,6.583000183105469,6.363999843597412,6.564000129699707,23267000
2014-03-24,4.70710563659668,6.315999984741211,6.435999870300293,6.235000133514404,6.4029998779296875,24811000
2014-03-25,4.76970911026001,6.400000095367432,6.498000144958496,6.328000068664551,6.36899995803833,16145000
2014-03-26,4.681020736694336,6.281000137329102,6.48799991607666,6.211999893188477,6.439000129699707,28414000
2014-03-27,4.678786754608154,6.2779998779296875,6.310999870300293,6.184000015258789,6.2769999504089355,25247000
2014-03-28,4.7779059410095215,6.410999774932861,6.4679999351501465,6.2870001792907715,6.298999786376953,14330000
2014-03-31,4.800264835357666,6.440999984741211,6.5329999923706055,6.423999786376953,6.449999809265137,14819000
2014-04-01,4.847961902618408,6.505000114440918,6.526000022888184,6.421999931335449,6.454999923706055,21962000
2014-04-02,4.817407608032227,6.464000225067139,6.531000137329102,6.383999824523926,6.473999977111816,20979000
2014-04-03,4.764491081237793,6.39300012588501,6.558000087738037,6.3470001220703125,6.473999977111816,21592000
2014-04-04,4.605748653411865,6.179999828338623,6.473999977111816,6.004000186920166,6.455999851226807,38830000
2014-04-07,4.49843168258667,6.035999774932861,6.193999767303467,5.882999897003174,6.099999904632568,43274000
2014-04-08,4.484271049499512,6.017000198364258,6.0980000495910645,6.005000114440918,6.061999797821045,22055000
2014-04-09,4.6556830406188965,6.247000217437744,6.25600004196167,6.104000091552734,6.104000091552734,19256000
2014-04-10,4.461169719696045,5.986000061035156,6.255000114440918,5.961999893188477,6.255000114440918,20396000
2014-04-11,4.362048625946045,5.853000164031982,5.995999813079834,5.8460001945495605,5.927000045776367,21903000
2014-04-14,4.383659839630127,5.881999969482422,5.956999778747559,5.810999870300293,5.84499979019165,19419000
2014-04-15,4.392603874206543,5.894000053405762,5.935999870300293,5.7270002365112305,5.906000137329102,25014000
2014-04-16,4.4201788902282715,5.931000232696533,5.946000099182129,5.810999870300293,5.946000099182129,17916000
2014-04-17,4.537928581237793,6.089000225067139,6.165999889373779,5.892000198364258,5.934000015258789,19092000
2014-04-21,4.612457752227783,6.189000129699707,6.2179999351501465,6.081999778747559,6.0970001220703125,12560000
2014-04-22,4.727973461151123,6.343999862670898,6.379000186920166,6.160999774932861,6.160999774932861,22830000
2014-04-23,4.814424991607666,6.460000038146973,6.460999965667725,6.377999782562256,6.3979997634887695,26984000
2014-04-24,4.872554779052734,6.538000106811523,6.547999858856201,6.354000091552734,6.543000221252441,27519000
2014-04-25,4.645993709564209,6.234000205993652,6.502999782562256,6.218999862670898,6.485000133514404,19266000
2014-04-28,4.529731750488281,6.078000068664551,6.291999816894531,6.0320000648498535,6.290999889373779,30708000
2014-04-29,4.540165901184082,6.0920000076293945,6.15500020980835,6.000999927520752,6.0980000495910645,21656000
2014-04-30,4.732446193695068,6.349999904632568,6.367000102996826,6.0370001792907715,6.110000133514404,25375000
2014-05-01,4.731698036193848,6.348999977111816,6.489999771118164,6.257999897003174,6.291999816894531,18863000
2014-05-02,4.789829730987549,6.427000045776367,6.499000072479248,6.317999839782715,6.4720001220703125,13407000
2014-05-05,4.788340091705322,6.425000190734863,6.445000171661377,6.302000045776367,6.38700008392334,13529000
2014-05-06,5.018628120422363,6.734000205993652,6.808000087738037,6.625,6.793000221252441,127802000
2014-05-07,4.979128360748291,6.681000232696533,6.861000061035156,6.635000228881836,6.775000095367432,560280000
2014-05-08,5.064089775085449,6.795000076293945,6.89300012588501,6.671000003814697,6.681000232696533,53700000
2014-05-09,5.0238447189331055,6.741000175476074,6.855999946594238,6.668000221252441,6.791999816894531,38700000
2014-05-12,5.152030944824219,6.913000106811523,6.918000221252441,6.741000175476074,6.793000221252441,27394000
2014-05-13,5.12445592880249,6.875999927520752,6.934000015258789,6.855999946594238,6.927000045776367,23021000
2014-05-14,5.105823993682861,6.85099983215332,6.960000038146973,6.755000114440918,6.854000091552734,30243000
2014-05-15,5.062597751617432,6.793000221252441,6.894999980926514,6.710999965667725,6.867000102996826,32093000
2014-05-16,5.103587627410889,6.8480000495910645,6.89300012588501,6.73199987411499,6.809000015258789,52044000
2014-05-19,5.091663837432861,6.831999778747559,6.940999984741211,6.814000129699707,6.909999847412109,37789000
2014-05-20,5.032041549682617,6.751999855041504,6.8379998207092285,6.691999912261963,6.835999965667725,29085000
2014-05-21,5.0983710289001465,6.841000080108643,6.843999862670898,6.736999988555908,6.751999855041504,16896000
2014-05-22,5.118494987487793,6.868000030517578,6.921999931335449,6.788000106811523,6.8429999351501465,15679000
2014-05-23,5.257858753204346,7.054999828338623,7.060999870300293,6.873000144958496,6.9120001792907715,32017000
2014-05-27,5.286178112030029,7.0929999351501465,7.127999782562256,7.0320000648498535,7.103000164031982,31637000
2014-05-28,5.224320888519287,7.010000228881836,7.074999809265137,6.984000205993652,7.054999828338623,34927000
2014-05-29,5.275744915008545,7.078999996185303,7.085000038146973,6.980999946594238,7.047999858856201,27566000
2014-05-30,5.266800403594971,7.066999912261963,7.199999809265137,6.940999984741211,7.184999942779541,38938000
2014-06-02,5.33909273147583,7.164000034332275,7.199999809265137,7.059999942779541,7.120999813079834,26599000
2014-06-03,5.324932098388672,7.144999980926514,7.208000183105469,7.084000110626221,7.132999897003174,22308000
2014-06-04,5.336856365203857,7.160999774932861,7.185999870300293,7.113999843597412,7.125999927520752,19379000
2014-06-05,5.356232643127441,7.186999797821045,7.199999809265137,7.123000144958496,7.151000022888184,27288000
2014-06-06,5.338346481323242,7.163000106811523,7.235000133514404,7.124000072479248,7.228000164031982,15866000
2014-06-09,5.3502702713012695,7.178999900817871,7.25,7.146999835968018,7.188000202178955,17420000
2014-06-10,5.35548734664917,7.185999870300293,7.224999904632568,7.150000095367432,7.175000190734863,16409000
2014-06-11,5.347292423248291,7.175000190734863,7.238999843597412,7.135000228881836,7.166999816894531,24943000
2014-06-12,5.348034858703613,7.176000118255615,7.203999996185303,7.119999885559082,7.133999824523926,13604000
2014-06-13,5.322697162628174,7.142000198364258,7.244999885559082,7.091000080108643,7.2179999351501465,13508000
2014-06-16,5.282451629638672,7.0879998207092285,7.193999767303467,7.059999942779541,7.146999835968018,15668000
2014-06-17,5.349053859710693,7.1479997634887695,7.1620001792907715,7.059000015258789,7.059000015258789,13817000
2014-06-18,5.329597473144531,7.122000217437744,7.188000202178955,7.054999828338623,7.1579999923706055,13833000
2014-06-19,5.307895183563232,7.0929999351501465,7.131999969482422,7.033999919891357,7.11299991607666,12734000
2014-06-20,5.355787754058838,7.1570000648498535,7.195000171661377,7.086999893188477,7.116000175476074,21834000
2014-06-23,5.3310933113098145,7.124000072479248,7.196000099182129,7.078999996185303,7.160999774932861,13349000
2014-06-24,5.288437366485596,7.066999912261963,7.230000019073486,7.063000202178955,7.177999973297119,15304000
2014-06-25,5.360279083251953,7.163000106811523,7.170000076293945,7.00600004196167,7.058000087738037,12827000
2014-06-26,5.3101396560668945,7.0960001945495605,7.186999797821045,7.038000106811523,7.171999931335449,8126000
2014-06-27,5.308643817901611,7.093999862670898,7.117000102996826,7.025000095367432,7.073999881744385,16935000
2014-06-30,5.393204689025879,7.206999778747559,7.206999778747559,7.0920000076293945,7.0920000076293945,17773000
2014-07-01,5.5398759841918945,7.4029998779296875,7.413000106811523,7.235000133514404,7.248000144958496,21429000
2014-07-02,5.561578273773193,7.432000160217285,7.460000038146973,7.357999801635742,7.357999801635742,16081000
2014-07-03,5.625936985015869,7.51800012588501,7.5370001792907715,7.440999984741211,7.4670000076293945,7994000
2014-07-07,5.577293872833252,7.453000068664551,7.554999828338623,7.442999839782715,7.543000221252441,19066000
2014-07-08,5.491983890533447,7.339000225067139,7.449999809265137,7.210000038146973,7.433000087738037,19169000
2014-07-09,5.554843902587891,7.422999858856201,7.422999858856201,7.309000015258789,7.366000175476074,9798000
2014-07-10,5.474023818969727,7.315000057220459,7.354000091552734,7.204999923706055,7.206999778747559,15479000
2014-07-11,5.477765083312988,7.320000171661377,7.3480000495910645,7.267000198364258,7.327000141143799,12517000
2014-07-14,5.540626049041748,7.4039998054504395,7.489999771118164,7.341000080108643,7.456999778747559,12242000
2014-07-15,5.4942307472229,7.3420000076293945,7.438000202178955,7.269000053405762,7.401000022888184,14556000
2014-07-16,5.511440753936768,7.364999771118164,7.438000202178955,7.275000095367432,7.310999870300293,15180000
2014-07-17,5.380483627319336,7.190000057220459,7.367000102996826,7.165999889373779,7.326000213623047,17816000
2014-07-18,5.612465858459473,7.5,7.526000022888184,7.261000156402588,7.27400016784668,33949000
2014-07-21,5.643894672393799,7.541999816894531,7.550000190734863,7.448999881744385,7.452000141143799,15368000
2014-07-22,5.6416497230529785,7.539000034332275,7.644000053405762,7.53000020980835,7.558000087738037,23997000
2014-07-23,5.509944915771484,7.36299991607666,7.571000099182129,7.359000205993652,7.570000171661377,24450000
2014-07-24,5.426130294799805,7.250999927520752,7.388999938964844,7.2270002365112305,7.369999885559082,20676000
2014-07-25,5.2323150634765625,6.992000102996826,7.230000019073486,6.9710001945495605,7.228000164031982,36838000
2014-07-28,5.276463031768799,7.051000118255615,7.074999809265137,6.914000034332275,7.001999855041504,31813000
2014-07-29,5.2293195724487305,6.98799991607666,7.117000102996826,6.984000205993652,7.039999961853027,19111000
2014-07-30,5.276463031768799,7.051000118255615,7.104000091552734,6.9720001220703125,7.09499979019165,17545000
2014-07-31,5.191903591156006,6.938000202178955,7.03000020980835,6.880000114440918,7.000999927520752,18476000
2014-08-01,5.27122688293457,7.044000148773193,7.071000099182129,6.870999813079834,6.992000102996826,19141000
2014-08-04,5.338576793670654,7.133999824523926,7.159999847412109,6.993000030517578,7.0320000648498535,15452000
2014-08-05,5.247279644012451,7.01200008392334,7.142000198364258,6.984000205993652,7.081999778747559,15388000
2014-08-06,5.2600016593933105,7.0289998054504395,7.0970001220703125,6.97599983215332,6.980000019073486,10354000
2014-08-07,5.210611343383789,6.9629998207092285,7.089000225067139,6.945000171661377,7.089000225067139,11222000
2014-08-08,5.270478248596191,7.043000221252441,7.050000190734863,6.932000160217285,6.9730000495910645,12822000
2014-08-11,5.299662113189697,7.081999778747559,7.144999980926514,7.051000118255615,7.051000118255615,14173000
2014-08-12,5.3243584632873535,7.114999771118164,7.138999938964844,7.046000003814697,7.089000225067139,9421000
2014-08-13,5.3857221603393555,7.197000026702881,7.2129998207092285,7.107999801635742,7.163000106811523,10836000
2014-08-14,5.525659084320068,7.383999824523926,7.422999858856201,7.26800012588501,7.26800012588501,18997000
2014-08-15,5.596750259399414,7.479000091552734,7.488999843597412,7.3420000076293945,7.453999996185303,21143000
2014-08-18,5.640153884887695,7.5370001792907715,7.539999961853027,7.434999942779541,7.531000137329102,12531000
2014-08-19,5.658860683441162,7.561999797821045,7.6620001792907715,7.543000221252441,7.558000087738037,18734000
2014-08-20,5.715734481811523,7.638000011444092,7.650000095367432,7.564000129699707,7.566999912261963,11375000
2014-08-21,5.707502365112305,7.626999855041504,7.664000034332275,7.574999809265137,7.61299991607666,15550000
2014-08-22,5.703012943267822,7.620999813079834,7.651000022888184,7.551000118255615,7.651000022888184,15837000
2014-08-25,5.670085906982422,7.577000141143799,7.7210001945495605,7.541999816894531,7.699999809265137,17100000
2014-08-26,5.684304237365723,7.5960001945495605,7.614999771118164,7.5269999504089355,7.585999965667725,13544000
2014-08-27,5.699270248413086,7.616000175476074,7.651000022888184,7.551000118255615,7.599999904632568,13434000
2014-08-28,5.714239120483398,7.636000156402588,7.64900016784668,7.494999885559082,7.553999900817871,18587000
2014-08-29,6.143030643463135,8.208999633789062,8.479999542236328,7.650000095367432,8.182000160217285,62934000
2014-09-02,6.362292289733887,8.501999855041504,8.513999938964844,8.239999771118164,8.29699993133545,41604000
2014-09-03,6.389977931976318,8.538999557495117,8.619000434875488,8.449999809265137,8.527000427246094,32681000
2014-09-04,6.442359447479248,8.609000205993652,8.725000381469727,8.54699993133545,8.553000450134277,28061000
2014-09-05,6.5763139724731445,8.788000106811523,8.805999755859375,8.625,8.63599967956543,26594000
2014-09-08,6.59951114654541,8.819000244140625,8.967000007629395,8.751999855041504,8.807000160217285,28949000
2014-09-09,6.615972995758057,8.840999603271484,8.91100025177002,8.795999526977539,8.838000297546387,21896000
2014-09-10,6.6601243019104,8.899999618530273,8.90999984741211,8.772000312805176,8.82800006866455,18855000
2014-09-11,6.665364742279053,8.906999588012695,8.91100025177002,8.781999588012695,8.890999794006348,17888000
2014-09-12,6.57406759262085,8.78499984741211,8.906999588012695,8.739999771118164,8.901000022888184,18244000
2014-09-15,6.48875617980957,8.670999526977539,8.824000358581543,8.626999855041504,8.814000129699707,15998000
2014-09-16,6.5793070793151855,8.791999816894531,8.82699966430664,8.567000389099121,8.63700008392334,21146000
2014-09-17,6.589820384979248,8.77400016784668,8.843000411987305,8.737000465393066,8.79699993133545,15653000
2014-09-18,6.723508834838867,8.95199966430664,8.95300006866455,8.803000450134277,8.817999839782715,18165000
2014-09-19,6.691965579986572,8.90999984741211,9.088000297546387,8.890000343322754,9.012999534606934,41834000
2014-09-22,6.547763824462891,8.718000411987305,8.916999816894531,8.642000198364258,8.86400032043457,23869000
2014-09-23,6.576301097869873,8.755999565124512,8.795000076293945,8.637999534606934,8.701000213623047,20829000
2014-09-24,6.6859564781188965,8.902000427246094,8.904999732971191,8.734999656677246,8.769000053405762,14503000
2014-09-25,6.493684768676758,8.645999908447266,8.883999824523926,8.57699966430664,8.883999824523926,17940000
2014-09-26,6.571794033050537,8.75,8.765999794006348,8.645999908447266,8.654999732971191,9834000
2014-09-29,6.542505741119385,8.711000442504883,8.730999946594238,8.607000350952148,8.640999794006348,9826000
2014-09-30,6.534243106842041,8.699999809265137,8.791999816894531,8.619999885559082,8.76099967956543,14885000
2014-10-01,6.424585819244385,8.553999900817871,8.711999893188477,8.484000205993652,8.711999893188477,22257000
2014-10-02,6.2495903968811035,8.321000099182129,8.539999961853027,8.083999633789062,8.508000373840332,34278000
2014-10-03,6.269118309020996,8.347000122070312,8.444999694824219,8.305000305175781,8.362000465393066,20650000
2014-10-06,6.224804878234863,8.288000106811523,8.451000213623047,8.253999710083008,8.406999588012695,19536000
2014-10-07,6.085858345031738,8.102999687194824,8.267999649047852,8.097000122070312,8.241999626159668,15266000
2014-10-08,6.256349563598633,8.329999923706055,8.37600040435791,7.929999828338623,8.100000381469727,27681000
2014-10-09,6.053563117980957,8.0600004196167,8.329999923706055,8.057999610900879,8.291999816894531,18880000
2014-10-10,5.3595805168151855,7.136000156402588,7.7779998779296875,6.875,7.775000095367432,105981000
2014-10-13,5.185335636138916,6.9039998054504395,7.2129998207092285,6.880000114440918,7.079999923706055,65240000
2014-10-14,5.409151554107666,7.202000141143799,7.290999889373779,6.906000137329102,7.205999851226807,69034000
2014-10-15,5.4489569664001465,7.255000114440918,7.34499979019165,6.986000061035156,7.026000022888184,31955000
2014-10-16,5.678030490875244,7.559999942779541,7.609000205993652,7.050000190734863,7.066999912261963,33985000
2014-10-17,5.7944464683532715,7.715000152587891,7.96999979019165,7.683000087738037,7.742000102996826,41607000
2014-10-20,5.857534885406494,7.798999786376953,7.806000232696533,7.579999923706055,7.666999816894531,14370000
2014-10-21,6.187251091003418,8.23799991607666,8.246000289916992,7.895999908447266,7.89900016784668,24112000
2014-10-22,6.073089122772217,8.086000442504883,8.298999786376953,8.072999954223633,8.248000144958496,17307000
2014-10-23,6.11214542388916,8.137999534606934,8.289999961853027,8.112000465393066,8.21399974822998,18205000
2014-10-24,6.147444248199463,8.1850004196167,8.241000175476074,8.07699966430664,8.170000076293945,11269000
2014-10-27,6.126413822174072,8.156999588012695,8.196000099182129,8.01200008392334,8.151000022888184,14977000
2014-10-28,6.32394552230835,8.420000076293945,8.423999786376953,8.157999992370605,8.215999603271484,18230000
2014-10-29,6.375017166137695,8.48799991607666,8.513999938964844,8.355999946594238,8.456999778747559,14214000
2014-10-30,6.1880035400390625,8.23900032043457,8.456999778747559,8.118000030517578,8.383999824523926,19976000
2014-10-31,6.477912425994873,8.625,8.791999816894531,8.449999809265137,8.51099967956543,25461000
2014-11-03,6.484671115875244,8.633999824523926,8.788000106811523,8.609000205993652,8.644000053405762,15941000
2014-11-04,6.411067485809326,8.53600025177002,8.656000137329102,8.486000061035156,8.59000015258789,18288000
2014-11-05,6.512459754943848,8.670999526977539,8.678999900817871,8.480999946594238,8.579000473022461,14789000
2014-11-06,6.581556797027588,8.762999534606934,8.788999557495117,8.633999824523926,8.644000053405762,17114000
2014-11-07,6.387033462524414,8.503999710083008,8.793000221252441,8.473999977111816,8.784000396728516,19751000
2014-11-10,6.452375888824463,8.590999603271484,8.607999801635742,8.350000381469727,8.491999626159668,14364000
2014-11-11,6.471153736114502,8.616000175476074,8.628999710083008,8.538000106811523,8.583999633789062,7927000
2014-11-12,6.537998676300049,8.704999923706055,8.729000091552734,8.560999870300293,8.590999603271484,10396000
2014-11-13,6.568041801452637,8.744999885559082,8.836999893188477,8.652999877929688,8.706999778747559,12281000
2014-11-14,6.6859564781188965,8.902000427246094,8.904999732971191,8.630999565124512,8.755999565124512,12955000
2014-11-17,6.648404598236084,8.85200023651123,8.904999732971191,8.758999824523926,8.878000259399414,11200000
2014-11-18,6.865459442138672,9.140999794006348,9.177000045776367,8.833999633789062,8.835000038146973,20025000
2014-11-19,6.703230381011963,8.925000190734863,9.199999809265137,8.90999984741211,9.151000022888184,18763000
2014-11-20,6.754303932189941,8.993000030517578,9.092000007629395,8.802000045776367,8.883999824523926,15121000
2014-11-21,6.775333404541016,9.020999908447266,9.17300033569336,8.944999694824219,9.170000076293945,17461000
2014-11-24,6.845183372497559,9.11400032043457,9.135000228881836,9.038000106811523,9.055000305175781,11876000
2014-11-25,6.845932483673096,9.114999771118164,9.255999565124512,9.107000350952148,9.184000015258789,25923000
2014-11-26,7.043463230133057,9.378000259399414,9.38599967956543,9.157999992370605,9.157999992370605,16143000
2014-11-28,7.014920711517334,9.34000015258789,9.442999839782715,9.267000198364258,9.413000106811523,8700000
2014-12-01,6.830914497375488,9.095000267028809,9.336000442504883,9.001999855041504,9.305000305175781,17168000
2014-12-02,6.924796104431152,9.220000267028809,9.241000175476074,8.972000122070312,9.069000244140625,19794000
2014-12-03,7.144855499267578,9.512999534606934,9.550999641418457,9.303000450134277,9.303000450134277,31727000
2014-12-04,7.741199016571045,10.307000160217285,10.378000259399414,9.951000213623047,10.154999732971191,61855000
2014-12-05,7.810298442840576,10.39900016784668,10.5,10.17300033569336,10.383999824523926,29596000
2014-12-08,7.5639472007751465,10.071000099182129,10.416999816894531,9.965999603271484,10.399999618530273,34818000
2014-12-09,7.708902835845947,10.263999938964844,10.303000450134277,9.725000381469727,9.98900032043457,22903000
2014-12-10,7.454293251037598,9.925000190734863,10.350000381469727,9.916999816894531,10.199999809265137,22194000
2014-12-11,7.551928997039795,10.055000305175781,10.279999732971191,9.984999656677246,10.008000373840332,15685000
2014-12-12,7.450540542602539,9.920000076293945,10.118000030517578,9.883000373840332,9.89799976348877,13177000
2014-12-15,7.376185417175293,9.821000099182129,10.085000038146973,9.723999977111816,9.996999740600586,16749000
2014-12-16,7.310088634490967,9.732999801635742,9.968000411987305,9.60099983215332,9.774999618530273,22113000
2014-12-17,7.461599826812744,9.89900016784668,9.984999656677246,9.550000190734863,9.732999801635742,27875000
2014-12-18,7.662100315093994,10.164999961853027,10.199999809265137,10.0,10.09000015258789,33281000
2014-12-19,7.549039363861084,10.015000343322754,10.234999656677246,9.944999694824219,10.173999786376953,65173000
2014-12-22,7.644009590148926,10.140999794006348,10.15999984741211,10.0,10.100000381469727,15924000
2014-12-23,7.59652042388916,10.07800006866455,10.25,10.057000160217285,10.234000205993652,13011000
2014-12-24,7.592000961303711,10.071999549865723,10.123000144958496,10.027999877929688,10.092000007629395,6358000
2014-12-26,7.5844645500183105,10.062000274658203,10.133000373840332,10.020999908447266,10.097000122070312,5761000
2014-12-29,7.634963035583496,10.128999710083008,10.138999938964844,9.918999671936035,10.062000274658203,13677000
2014-12-30,7.601801872253418,10.085000038146973,10.194000244140625,10.0600004196167,10.107000350952148,11730000
2014-12-31,7.582203388214111,10.059000015258789,10.303000450134277,10.043000221252441,10.109999656677246,15121000
2015-01-02,7.5445098876953125,10.008999824523926,10.220999717712402,9.913000106811523,10.093000411987305,13500000
2015-01-05,7.423910140991211,9.848999977111816,10.081999778747559,9.84000015258789,10.006999969482422,15596000
2015-01-06,7.255063056945801,9.625,9.907999992370605,9.517999649047852,9.895000457763672,22194000
2015-01-07,7.451046943664551,9.885000228881836,9.939000129699707,9.652999877929688,9.704999923706055,30907000
2015-01-08,7.823409557342529,10.378999710083008,10.430000305175781,10.03600025177002,10.053000450134277,33265000
2015-01-09,7.907076835632324,10.489999771118164,10.579999923706055,10.258000373840332,10.446999549865723,23432000
2015-01-12,7.77592134475708,10.315999984741211,10.564000129699707,10.272000312805176,10.506999969482422,18692000
2015-01-13,7.732201099395752,10.258000373840332,10.73799991607666,10.17300033569336,10.378000259399414,24337000
2015-01-14,7.7932610511779785,10.33899974822998,10.348999977111816,10.00100040435791,10.111000061035156,20984000
2015-01-15,7.637227535247803,10.131999969482422,10.553999900817871,10.104999542236328,10.355999946594238,18372000
2015-01-16,7.825667858123779,10.381999969482422,10.390999794006348,10.031000137329102,10.069000244140625,15375000
2015-01-20,7.904818534851074,10.487000465393066,10.52400016784668,10.258000373840332,10.369000434875488,12840000
2015-01-21,7.9432597160339355,10.538000106811523,10.687999725341797,10.41100025177002,10.432999610900879,16451000
2015-01-22,7.929689884185791,10.520000457763672,10.64900016784668,10.152000427246094,10.597999572753906,20639000
2015-01-23,8.063863754272461,10.697999954223633,10.75,10.425000190734863,10.503000259399414,15088000
2015-01-26,8.04501724243164,10.67300033569336,10.706000328063965,10.461999893188477,10.673999786376953,9611000
2015-01-27,7.898789405822754,10.479000091552734,10.597999572753906,10.281999588012695,10.506999969482422,15242000
2015-01-28,7.914614677429199,10.5,10.833999633789062,10.486000061035156,10.711999893188477,23302000
2015-01-29,8.02994155883789,10.652999877929688,10.65999984741211,10.22700023651123,10.463000297546387,15842000
2015-01-30,7.7548136711120605,10.288000106811523,10.67300033569336,10.26200008392334,10.529000282287598,16938000
2015-02-02,7.720139026641846,10.241999626159668,10.348999977111816,9.916000366210938,10.324999809265137,21581000
2015-02-03,7.778935432434082,10.319999694824219,10.371999740600586,10.13599967956543,10.25,15390000
2015-02-04,7.899540901184082,10.479999542236328,10.527999877929688,10.244999885559082,10.293000221252441,16658000
2015-02-05,8.005069732666016,10.619999885559082,10.621999740600586,10.375,10.473999977111816,16585000
2015-02-06,7.895014762878418,10.473999977111816,10.711000442504883,10.425999641418457,10.626999855041504,10682000
2015-02-09,7.706573486328125,10.223999977111816,10.4350004196167,10.182000160217285,10.395000457763672,20346000
2015-02-10,8.06838607788086,10.704000473022461,10.746000289916992,10.288999557495117,10.303999900817871,20398000
2015-02-11,8.136224746704102,10.793999671936035,10.829999923706055,10.633000373840332,10.678999900817871,17169000
2015-02-12,8.268888473510742,10.970000267028809,11.003999710083008,10.845999717712402,10.880000114440918,21072000
2015-02-13,8.302809715270996,11.015000343322754,11.020000457763672,10.809000015258789,11.0,14614000
2015-02-17,8.35708236694336,11.086999893188477,11.135000228881836,10.909000396728516,11.020000457763672,15312000
2015-02-18,8.291501998901367,11.0,11.059000015258789,10.928999900817871,11.031999588012695,16681000
2015-02-19,8.35934066772461,11.09000015258789,11.109999656677246,10.96500015258789,11.0,13196000
2015-02-20,8.44678020477295,11.206000328063965,11.215999603271484,11.045999526977539,11.142999649047852,19283000
2015-02-23,8.506326675415039,11.28499984741211,11.322999954223633,11.196000099182129,11.300000190734863,23854000
2015-02-24,8.531205177307129,11.317999839782715,11.359999656677246,11.16100025177002,11.350000381469727,23213000
2015-02-25,8.493511199951172,11.267999649047852,11.390000343322754,11.230999946594238,11.329000473022461,38216000
2015-02-26,9.742517471313477,12.925000190734863,12.98900032043457,12.305000305175781,12.324000358581543,89263000
2015-02-27,9.619650840759277,12.76200008392334,12.869999885559082,12.61400032043457,12.869999885559082,33825000
2015-03-02,9.725179672241211,12.902000427246094,13.086999893188477,12.720999717712402,12.720999717712402,27893000
2015-03-03,9.664875984191895,12.821999549865723,12.894000053405762,12.756999969482422,12.824000358581543,18682000
2015-03-04,9.753819465637207,12.9399995803833,12.98799991607666,12.437000274658203,12.769000053405762,36143000
2015-03-05,9.842013359069824,13.057000160217285,13.154000282287598,12.878000259399414,12.935999870300293,21688000
2015-03-06,9.64000129699707,12.788999557495117,13.048999786376953,12.75,13.0,22329000
2015-03-09,9.58195972442627,12.711999893188477,12.859000205993652,12.692999839782715,12.779000282287598,17835000
2015-03-10,9.431206703186035,12.51200008392334,12.692999839782715,12.451000213623047,12.571999549865723,17688000
2015-03-11,9.396533012390137,12.465999603271484,12.647000312805176,12.45199966430664,12.529999732971191,17742000
2015-03-12,9.506585121154785,12.612000465393066,12.621000289916992,12.154999732971191,12.288000106811523,22305000
2015-03-13,9.422162055969238,12.5,12.675000190734863,12.394000053405762,12.571000099182129,18414000
2015-03-16,9.7892484664917,12.987000465393066,13.045000076293945,12.670000076293945,12.687000274658203,23077000
2015-03-17,9.731204986572266,12.90999984741211,12.960000038146973,12.75,12.880999565124512,19006000
2015-03-18,9.86124038696289,13.043999671936035,13.128000259399414,12.769000053405762,12.866000175476074,21250000
2015-03-19,9.982197761535645,13.204000473022461,13.295000076293945,13.001999855041504,13.050000190734863,24461000
2015-03-20,10.076701164245605,13.329000473022461,13.418000221252441,13.220000267028809,13.343000411987305,55522000
2015-03-23,10.163637161254883,13.444000244140625,13.628000259399414,13.388999938964844,13.5,23849000
2015-03-24,10.063844680786133,13.312000274658203,13.536999702453613,13.288000106811523,13.496999740600586,25819000
2015-03-25,9.406886100769043,12.442999839782715,13.333000183105469,12.4399995803833,13.26200008392334,48853000
2015-03-26,9.42805290222168,12.470999717712402,12.513999938964844,11.696000099182129,12.026000022888184,45058000
2015-03-27,9.69265079498291,12.821000099182129,12.899999618530273,12.484999656677246,12.49899959564209,24297000
2015-03-30,9.869553565979004,13.055000305175781,13.09000015258789,12.829999923706055,12.982999801635742,19523000
2015-03-31,9.599662780761719,12.697999954223633,12.949999809265137,12.67300033569336,12.930999755859375,16402000
2015-04-01,9.497604370117188,12.562999725341797,12.696000099182129,12.361000061035156,12.666000366210938,21830000
2015-04-02,9.451488494873047,12.501999855041504,12.690999984741211,12.463000297546387,12.611000061035156,14508000
2015-04-06,9.512723922729492,12.583000183105469,12.67300033569336,12.25,12.336999893188477,14227000
2015-04-07,9.499113082885742,12.5649995803833,12.717000007629395,12.539999961853027,12.651000022888184,16132000
2015-04-08,9.58530044555664,12.678999900817871,12.746999740600586,12.529999732971191,12.54699993133545,13607000
2015-04-09,9.617806434631348,12.722000122070312,12.793999671936035,12.5649995803833,12.583999633789062,13961000
2015-04-10,9.587570190429688,12.682000160217285,12.79699993133545,12.607000350952148,12.755999565124512,11669000
2015-04-13,9.476436614990234,12.53499984741211,12.746999740600586,12.510000228881836,12.725000381469727,10483000
2015-04-14,9.3728609085083,12.39799976348877,12.534000396728516,12.21399974822998,12.505999565124512,16047000
2015-04-15,9.518016815185547,12.59000015258789,12.630000114440918,12.46500015258789,12.47700023651123,16893000
2015-04-16,9.474924087524414,12.532999992370605,12.616000175476074,12.479999542236328,12.506999969482422,15456000
2015-04-17,9.211837768554688,12.1850004196167,12.428000450134277,12.093999862670898,12.369000434875488,26817000
2015-04-20,9.301045417785645,12.303000450134277,12.381999969482422,12.220000267028809,12.25,13295000
2015-04-21,9.3063383102417,12.3100004196167,12.505000114440918,12.293999671936035,12.432000160217285,20616000
2015-04-22,9.66921615600586,12.789999961853027,12.800000190734863,12.274999618530273,12.390999794006348,22580000
2015-04-23,9.379670143127441,12.406999588012695,12.545999526977539,12.255000114440918,12.522000312805176,28053000
2015-04-24,9.034175872802734,11.949999809265137,12.373000144958496,11.586999893188477,12.373000144958496,55059000
2015-04-27,9.083320617675781,12.015000343322754,12.194000244140625,11.871999740600586,12.0,27320000
2015-04-28,8.879196166992188,11.744999885559082,12.100000381469727,11.456000328063965,12.038000106811523,31023000
2015-04-29,8.847447395324707,11.70300006866455,11.751999855041504,11.475000381469727,11.60200023651123,20903000
2015-04-30,8.836109161376953,11.687999725341797,11.894000053405762,11.62600040435791,11.668999671936035,21339000
2015-05-01,9.283655166625977,12.279999732971191,12.343000411987305,11.788000106811523,11.791999816894531,25334000
2015-05-04,9.159673690795898,12.116000175476074,12.385000228881836,12.086000442504883,12.282999992370605,14207000
2015-05-05,8.829301834106445,11.678999900817871,12.067000389099121,11.663000106811523,12.010000228881836,22090000
2015-05-06,8.828546524047852,11.678000450134277,11.836999893188477,11.538999557495117,11.784000396728516,14475000
2015-05-07,9.2594633102417,12.248000144958496,12.36400032043457,12.0,12.0,23542000
2015-05-08,9.323725700378418,12.333000183105469,12.493000030517578,12.27299976348877,12.319999694824219,14846000
2015-05-11,9.28441047668457,12.281000137329102,12.38599967956543,12.260000228881836,12.357000350952148,12418000
2015-05-12,9.294994354248047,12.295000076293945,12.357999801635742,12.130000114440918,12.20199966430664,10264000
2015-05-13,9.308606147766113,12.312999725341797,12.484000205993652,12.230999946594238,12.36299991607666,11857000
2015-05-14,9.59664249420166,12.694000244140625,12.868000030517578,12.36400032043457,12.413999557495117,23279000
2015-05-15,9.666947364807129,12.786999702453613,12.949999809265137,12.656999588012695,12.779000282287598,22627000
2015-05-18,9.841583251953125,13.017999649047852,13.039999961853027,12.727999687194824,12.795000076293945,17984000
2015-05-19,9.7879056930542,12.946999549865723,13.1850004196167,12.925000190734863,13.086000442504883,16053000
2015-05-20,9.760690689086914,12.91100025177002,13.107000350952148,12.810999870300293,12.994000434875488,18721000
2015-05-21,9.796977996826172,12.958999633789062,13.003000259399414,12.784000396728516,12.951000213623047,21309000
2015-05-22,10.027556419372559,13.263999938964844,13.383000373840332,12.982000350952148,12.982000350952148,22856000
2015-05-26,9.926258087158203,13.130000114440918,13.45300006866455,13.064000129699707,13.435999870300293,26781000
2015-05-27,10.696619033813477,14.14900016784668,14.482000350952148,13.161999702453613,13.208999633789062,114248000
2015-05-28,10.763901710510254,14.23799991607666,14.54699993133545,13.600000381469727,14.50100040435791,249123000
2015-05-29,11.194064140319824,14.807000160217285,14.923999786376953,14.41100025177002,14.411999702453613,118244000
2015-06-01,11.084444046020508,14.661999702453613,15.050000190734863,14.515000343322754,14.824000358581543,83579000
2015-06-02,10.898470878601074,14.416000366210938,14.666999816894531,14.314000129699707,14.640999794006348,41264000
2015-06-03,10.815309524536133,14.305999755859375,14.600000381469727,14.281000137329102,14.600000381469727,30450000
2015-06-04,10.674694061279297,14.119999885559082,14.343999862670898,14.04800033569336,14.24899959564209,28017000
2015-06-05,10.87200927734375,14.380999565124512,14.404000282287598,13.930999755859375,14.097000122070312,38593000
2015-06-08,10.480401992797852,13.86299991607666,14.376999855041504,13.753000259399414,14.357000350952148,54422000
2015-06-09,10.59985065460205,14.020999908447266,14.072999954223633,13.651000022888184,13.895000457763672,44071000
2015-06-10,10.800190925598145,14.28600025177002,14.39799976348877,13.984000205993652,13.993000030517578,42617000
2015-06-11,10.734415054321289,14.199000358581543,14.326000213623047,14.10200023651123,14.218000411987305,31517000
2015-06-12,10.61950397491455,14.04699993133545,14.14799976348877,13.98799991607666,14.128999710083008,19145000
2015-06-15,10.819845199584961,14.312000274658203,14.402000427246094,13.901000022888184,13.916000366210938,34565000
2015-06-16,10.734415054321289,14.199000358581543,14.348999977111816,14.137999534606934,14.270000457763672,20998000
2015-06-17,10.666187286376953,14.069000244140625,14.25,13.946000099182129,14.149999618530273,25429000
2015-06-18,10.841314315795898,14.300000190734863,14.375,14.072999954223633,14.072999954223633,25298000
2015-06-19,10.83297348022461,14.288999557495117,14.390999794006348,14.15999984741211,14.300999641418457,26881000
2015-06-22,10.862543106079102,14.32800006866455,14.513999938964844,14.199999809265137,14.416000366210938,22846000
2015-06-23,10.73820686340332,14.163999557495117,14.395999908447266,14.086000442504883,14.395999908447266,21497000
2015-06-24,10.611600875854492,13.996999740600586,14.222000122070312,13.982999801635742,14.206000328063965,22402000
2015-06-25,10.555498123168945,13.92300033569336,14.104999542236328,13.883000373840332,14.012999534606934,17538000
2015-06-26,10.246180534362793,13.515000343322754,13.904000282287598,13.475000381469727,13.885000228881836,71798000
2015-06-29,10.008125305175781,13.201000213623047,13.520999908447266,13.104000091552734,13.28499984741211,40473000
2015-06-30,10.077875137329102,13.293000221252441,13.437999725341797,13.211999893188477,13.380000114440918,28695000
2015-07-01,10.272717475891113,13.550000190734863,13.770000457763672,13.432000160217285,13.440999984741211,43059000
2015-07-02,10.434955596923828,13.763999938964844,13.774999618530273,13.53499984741211,13.5600004196167,32797000
2015-07-06,10.174156188964844,13.420000076293945,13.76099967956543,13.38700008392334,13.616000175476074,30188000
2015-07-07,10.071049690246582,13.284000396728516,13.444999694824219,12.616000175476074,13.395000457763672,59268000
2015-07-08,9.707903861999512,12.805000305175781,13.133999824523926,12.685999870300293,13.010000228881836,51371000
2015-07-09,9.452410697937012,12.468000411987305,13.13599967956543,12.371999740600586,13.017999649047852,73469000
2015-07-10,9.843610763549805,12.984000205993652,13.081999778747559,12.649999618530273,12.66100025177002,50948000
2015-07-13,9.793573379516602,12.918000221252441,13.137999534606934,12.845999717712402,13.137999534606934,25304000
2015-07-14,10.030109405517578,13.229999542236328,13.248000144958496,12.85099983215332,12.9350004196167,26289000
2015-07-15,9.986137390136719,13.17199993133545,13.348999977111816,13.081999778747559,13.166999816894531,23100000
2015-07-16,10.212065696716309,13.470000267028809,13.47700023651123,13.08899974822998,13.36299991607666,33977000
2015-07-17,10.133216857910156,13.366000175476074,13.5,13.196000099182129,13.496000289916992,29000000
2015-07-20,10.207515716552734,13.46399974822998,13.562000274658203,13.375,13.454999923706055,23563000
2015-07-21,10.197660446166992,13.451000213623047,13.637999534606934,13.413999557495117,13.510000228881836,31532000
2015-07-22,9.824658393859863,12.958999633789062,13.0,12.538000106811523,12.704000473022461,61346000
2015-07-23,10.005093574523926,13.196999549865723,13.5,13.050000190734863,13.118000030517578,30608000
2015-07-24,9.740503311157227,12.847999572753906,13.385000228881836,12.833999633789062,13.35099983215332,36311000
2015-07-27,9.450136184692383,12.46500015258789,12.75,12.40999984741211,12.734999656677246,34893000
2015-07-28,9.735955238342285,12.842000007629395,12.954999923706055,12.35200023651123,12.557999610900879,27869000
2015-07-29,9.748082160949707,12.857999801635742,12.911999702453613,12.545000076293945,12.836999893188477,33407000
2015-07-30,9.677581787109375,12.765000343322754,12.878999710083008,12.506999969482422,12.574000358581543,39169000
2015-07-31,9.487285614013672,12.513999938964844,12.833999633789062,12.496000289916992,12.833999633789062,30593000
2015-08-03,9.537322998046875,12.579999923706055,12.74899959564209,12.423999786376953,12.642000198364258,27273000
2015-08-04,9.360678672790527,12.347000122070312,12.555000305175781,11.87600040435791,12.555000305175781,47467000
2015-08-05,9.457717895507812,12.475000381469727,12.569000244140625,12.100000381469727,12.300000190734863,34158000
2015-08-06,9.345516204833984,12.32699966430664,12.539999961853027,12.0600004196167,12.503999710083008,46052000
2015-08-07,9.290931701660156,12.255000114440918,12.39799976348877,12.081999778747559,12.10200023651123,30527000
2015-08-10,9.649527549743652,12.727999687194824,12.739999771118164,12.300000190734863,12.348999977111816,28907000
2015-08-11,9.416779518127441,12.420999526977539,12.623000144958496,12.291999816894531,12.564000129699707,26744000
2015-08-12,9.532017707824707,12.572999954223633,12.668000221252441,12.062000274658203,12.159000396728516,27205000
2015-08-13,9.415264129638672,12.418999671936035,12.682000160217285,12.401000022888184,12.562000274658203,14571000
2015-08-14,9.246200561523438,12.196000099182129,12.449999809265137,12.116999626159668,12.399999618530273,26496000
2015-08-17,9.516095161437988,12.552000045776367,12.552000045776367,12.079999923706055,12.131999969482422,21293000
2015-08-18,9.26742935180664,12.223999977111816,12.57699966430664,12.178000450134277,12.57699966430664,19502000
2015-08-19,9.207534790039062,12.145000457763672,12.277999877929688,11.930000305175781,12.157999992370605,30891000
2015-08-20,8.720816612243652,11.503000259399414,12.064000129699707,11.503000259399414,12.008000373840332,41756000
2015-08-21,8.449400901794434,11.145000457763672,11.548999786376953,11.133000373840332,11.274999618530273,56472000
2015-08-24,8.334924697875977,10.994000434875488,11.50100040435791,10.0,10.109000205993652,69040000
2015-08-25,8.226510047912598,10.85099983215332,11.5,10.819999694824219,11.413000106811523,43921000
2015-08-26,8.809515953063965,11.619999885559082,11.673999786376953,11.118000030517578,11.260000228881836,59354000
2015-08-27,9.572196006774902,12.62600040435791,12.699999809265137,12.038000106811523,12.050000190734863,91882000
2015-08-28,9.675305366516113,12.76200008392334,12.772000312805176,12.468999862670898,12.553000450134277,36322000
2015-08-31,9.550215721130371,12.597000122070312,12.803999900817871,12.5,12.663999557495117,30087000
2015-09-01,9.049844741821289,11.937000274658203,12.501999855041504,11.8100004196167,12.152000427246094,49749000
2015-09-02,9.403890609741211,12.404000282287598,12.406999588012695,12.015999794006348,12.21500015258789,36700000
2015-09-03,9.3834228515625,12.376999855041504,12.6899995803833,12.321000099182129,12.539999961853027,29954000
2015-09-04,9.184789657592773,12.114999771118164,12.380999565124512,12.0649995803833,12.12399959564209,24923000
2015-09-08,9.7920560836792,12.916000366210938,12.932999610900879,12.482000350952148,12.539999961853027,35477000
2015-09-09,9.64118766784668,12.717000007629395,13.178999900817871,12.630000114440918,13.017999649047852,31502000
2015-09-10,9.758697509765625,12.871999740600586,12.916000366210938,12.479999542236328,12.854000091552734,36224000
2015-09-11,9.937621116638184,13.107999801635742,13.121999740600586,12.694000244140625,12.815999984741211,39606000
2015-09-14,9.945958137512207,13.119000434875488,13.373000144958496,13.0600004196167,13.25,34643000
2015-09-15,10.187801361083984,13.437999725341797,13.494999885559082,13.100000381469727,13.213000297546387,30804000
2015-09-16,9.999957084655762,13.14900016784668,13.388999938964844,13.026000022888184,13.388999938964844,27317000
2015-09-17,9.933029174804688,13.060999870300293,13.305999755859375,13.020000457763672,13.151000022888184,19918000
2015-09-18,9.703357696533203,12.758999824523926,12.949000358581543,12.65999984741211,12.854000091552734,44021000
2015-09-21,9.67825984954834,12.72599983215332,12.937999725341797,12.621999740600586,12.836999893188477,16515000
2015-09-22,9.48356819152832,12.470000267028809,12.583999633789062,12.369999885559082,12.49899959564209,22483000
2015-09-23,9.547451972961426,12.553999900817871,12.779999732971191,12.380999565124512,12.482000350952148,21879000
2015-09-24,9.437938690185547,12.40999984741211,12.53499984741211,11.944999694824219,12.40999984741211,44995000
2015-09-25,9.638715744018555,12.673999786376953,12.892999649047852,12.520000457763672,12.595999717712402,35087000
2015-09-28,9.190774917602539,12.085000038146973,12.817000389099121,12.081000328063965,12.595999717712402,39887000
2015-09-29,9.101034164428711,11.967000007629395,12.248000144958496,11.805999755859375,12.190999984741211,47991000
2015-09-30,9.507145881652832,12.50100040435791,12.52299976348877,12.100000381469727,12.178999900817871,43955000
2015-10-01,9.288878440856934,12.21399974822998,12.489999771118164,11.949999809265137,12.310999870300293,45674000
2015-10-02,9.379382133483887,12.333000183105469,12.336000442504883,11.821000099182129,11.99899959564209,35207000
2015-10-05,9.218911170959473,12.121999740600586,12.487000465393066,12.095999717712402,12.395999908447266,39085000
2015-10-06,8.906343460083008,11.711000442504883,12.10099983215332,11.152999877929688,12.076000213623047,115846000
2015-10-07,9.022699356079102,11.86400032043457,11.954000473022461,11.581999778747559,11.864999771118164,37284000
2015-10-08,8.874401092529297,11.668999671936035,11.795999526977539,11.378999710083008,11.751999855041504,41409000
2015-10-09,8.891131401062012,11.690999984741211,11.807999610900879,11.553999900817871,11.656000137329102,34479000
2015-10-12,8.949692726135254,11.767999649047852,11.79800033569336,11.576000213623047,11.758999824523926,24184000
2015-10-13,8.625714302062988,11.342000007629395,11.666999816894531,11.321000099182129,11.633999824523926,32475000
2015-10-14,8.932961463928223,11.746000289916992,11.776000022888184,11.23799991607666,11.300000190734863,33530000
2015-10-15,9.26834487915039,12.187000274658203,12.199000358581543,11.769000053405762,11.800000190734863,49316000
2015-10-16,9.207502365112305,12.107000350952148,12.197999954223633,11.989999771118164,12.1899995803833,19866000
2015-10-19,9.047037124633789,11.895999908447266,12.12600040435791,11.737000465393066,12.100000381469727,18593000
2015-10-20,9.117764472961426,11.98900032043457,12.006999969482422,11.760000228881836,11.847000122070312,21920000
2015-10-21,9.164153099060059,12.050000190734863,12.267999649047852,12.01099967956543,12.175999641418457,28197000
2015-10-22,9.532241821289062,12.534000396728516,12.562000274658203,12.121000289916992,12.161999702453613,34344000
2015-10-23,9.854700088500977,12.958000183105469,12.984000205993652,12.406000137329102,12.746999740600586,35498000
2015-10-26,9.400673866271973,12.361000061035156,12.805999755859375,12.27400016784668,12.805999755859375,58129000
2015-10-27,9.239445686340332,12.14900016784668,12.515000343322754,12.093999862670898,12.309000015258789,32280000
2015-10-28,9.66533088684082,12.708999633789062,12.78499984741211,12.369999885559082,12.479000091552734,30966000
2015-10-29,9.13297176361084,12.008999824523926,12.416000366210938,11.871999740600586,12.100000381469727,61582000
2015-10-30,9.364171028137207,12.312999725341797,12.402000427246094,12.017000198364258,12.085000038146973,25516000
2015-11-02,9.41512393951416,12.380000114440918,12.520999908447266,12.246000289916992,12.366000175476074,26068000
2015-11-03,9.288878440856934,12.21399974822998,12.494999885559082,12.14799976348877,12.14799976348877,26222000
2015-11-04,9.438700675964355,12.41100025177002,12.486000061035156,12.005999565124512,12.25,43098000
2015-11-05,9.206747055053711,12.105999946594238,12.5,12.0600004196167,12.491000175476074,28308000
2015-11-06,9.861542701721191,12.967000007629395,12.979000091552734,12.322999954223633,12.324999809265137,45287000
2015-11-09,9.620460510253906,12.649999618530273,12.894000053405762,12.571000099182129,12.836999893188477,28250000
2015-11-10,9.115478515625,11.986000061035156,12.407999992370605,11.97700023651123,12.310999870300293,44759000
2015-11-11,9.122328758239746,11.994999885559082,12.270000457763672,11.982000350952148,12.020999908447266,25953000
2015-11-12,9.114723205566406,11.984999656677246,12.140999794006348,11.892000198364258,12.020999908447266,26588000
2015-11-13,8.939047813415527,11.753999710083008,11.98900032043457,11.520999908447266,11.899999618530273,39824000
2015-11-16,9.23792552947998,12.147000312805176,12.177000045776367,11.708000183105469,11.746999740600586,27796000
2015-11-17,9.282795906066895,12.206000328063965,12.368000030517578,12.100000381469727,12.145999908447266,19868000
2015-11-18,9.576353073120117,12.592000007629395,12.609999656677246,12.15999984741211,12.192000389099121,20270000
2015-11-19,9.522353172302246,12.520999908447266,12.61299991607666,12.300999641418457,12.609999656677246,32780000
2015-11-20,9.6128568649292,12.640000343322754,12.666999816894531,12.373000144958496,12.621000289916992,28057000
2015-11-23,9.461515426635742,12.440999984741211,12.675000190734863,12.420999526977539,12.675000190734863,16003000
2015-11-24,9.760394096374512,12.833999633789062,12.859000205993652,12.340999603271484,12.340999603271484,35659000
2015-11-25,9.764199256896973,12.83899974822998,12.916999816894531,12.765999794006348,12.899999618530273,21396000
2015-11-27,9.889681816101074,13.003999710083008,13.045000076293945,12.78600025177002,12.86299991607666,13262000
2015-11-30,9.92086410522461,13.045000076293945,13.069999694824219,12.711999893188477,12.942999839782715,32615000
2015-12-01,10.106428146362305,13.288999557495117,13.376999855041504,13.090999603271484,13.116999626159668,43255000
2015-12-02,10.05471420288086,13.220999717712402,13.5,13.154000282287598,13.307000160217285,54364000
2015-12-03,11.010676383972168,14.477999687194824,14.685999870300293,14.288000106811523,14.486000061035156,120661000
2015-12-04,11.222099304199219,14.755999565124512,14.788999557495117,14.324000358581543,14.479999542236328,60329000
2015-12-07,11.318683624267578,14.883000373840332,14.972000122070312,14.555000305175781,14.668999671936035,44769000
2015-12-08,11.238828659057617,14.777999877929688,14.859000205993652,14.57699966430664,14.684000015258789,34560000
2015-12-09,11.076838493347168,14.5649995803833,14.800000190734863,14.442000389099121,14.71399974822998,30803000
2015-12-10,11.204604148864746,14.732999801635742,14.944000244140625,14.519000053405762,14.611000061035156,33078000
2015-12-11,10.983295440673828,14.442000389099121,14.772000312805176,14.430000305175781,14.461999893188477,27777000
2015-12-14,10.838040351867676,14.25100040435791,14.53600025177002,14.12399959564209,14.413999557495117,36993000
2015-12-15,10.895837783813477,14.32699966430664,14.42300033569336,14.130999565124512,14.267999649047852,35398000
2015-12-16,10.975939750671387,14.387999534606934,14.428000450134277,14.039999961853027,14.317000389099121,29644000
2015-12-17,10.71656608581543,14.04800033569336,14.550000190734863,14.041000366210938,14.493000030517578,24378000
2015-12-18,10.695209503173828,14.020000457763672,14.190999984741211,13.854999542236328,14.02299976348877,51964000
2015-12-21,11.122406959533691,14.579999923706055,14.600000381469727,14.185999870300293,14.3100004196167,26627000
2015-12-22,11.069005966186523,14.510000228881836,14.722999572753906,14.276000022888184,14.722999572753906,21684000
2015-12-23,11.176568031311035,14.651000022888184,14.666000366210938,14.439000129699707,14.60200023651123,16170000
2015-12-24,11.162074089050293,14.631999969482422,14.729000091552734,14.571999549865723,14.640999794006348,7436000
2015-12-28,11.164363861083984,14.635000228881836,14.640000343322754,14.392999649047852,14.59000015258789,13873000
2015-12-29,11.285658836364746,14.793999671936035,14.878000259399414,14.50100040435791,14.699999809265137,22533000
2015-12-30,11.24217414855957,14.737000465393066,14.888999938964844,14.711999893188477,14.75100040435791,17396000
2015-12-31,11.072820663452148,14.515000343322754,14.75,14.51200008392334,14.657999992370605,19673000
2016-01-04,10.853878021240234,14.227999687194824,14.234999656677246,13.98799991607666,14.206999778747559,30970000
2016-01-05,10.490762710571289,13.751999855041504,14.329999923706055,13.720999717712402,14.314000129699707,38173000
2016-01-06,10.168078422546387,13.329000473022461,13.605999946594238,13.227999687194824,13.456999778747559,50824000
2016-01-07,9.844627380371094,12.904999732971191,13.376999855041504,12.819000244140625,13.130999565124512,50056000
2016-01-08,9.77978515625,12.819999694824219,13.345999717712402,12.805999755859375,13.003000259399414,64641000
2016-01-11,9.767579078674316,12.803999900817871,12.996999740600586,12.541999816894531,12.949999809265137,38941000
2016-01-12,9.910994529724121,12.991999626159668,13.166999816894531,12.685999870300293,12.986000061035156,41112000
2016-01-13,9.406747817993164,12.331000328063965,12.998000144958496,12.307999610900879,12.774999618530273,48470000
2016-01-14,9.550165176391602,12.519000053405762,12.668000221252441,12.029000282287598,12.418999671936035,63942000
2016-01-15,9.151957511901855,11.996999740600586,12.378999710083008,11.930000305175781,12.020999908447266,75916000
2016-01-19,9.159581184387207,12.006999969482422,12.479999542236328,11.901000022888184,12.276000022888184,54773000
2016-01-20,9.446415901184082,12.383000373840332,12.557999610900879,11.717000007629395,11.782999992370605,103988000
2016-01-21,9.499814987182617,12.45300006866455,12.600000381469727,12.335000038146973,12.479999542236328,48475000
2016-01-22,9.498291969299316,12.451000213623047,12.64799976348877,12.42300033569336,12.64799976348877,58428000
2016-01-25,9.496767044067383,12.449000358581543,12.498000144958496,12.399999618530273,12.442999839782715,61359000
2016-01-26,9.489134788513184,12.439000129699707,12.651000022888184,12.399999618530273,12.5,119134000
2016-01-27,9.333512306213379,12.234999656677246,12.541000366210938,12.008999824523926,12.364999771118164,58156000
2016-01-28,9.64018440246582,12.63700008392334,12.654999732971191,12.199999809265137,12.293999671936035,49969000
2016-01-29,10.200118064880371,13.371000289916992,13.434000015258789,12.810999870300293,12.944000244140625,259449000
2016-02-01,10.502968788146973,13.767999649047852,13.869000434875488,13.295999526977539,13.333999633789062,45619000
2016-02-02,10.164259910583496,13.324000358581543,13.758999824523926,13.170000076293945,13.50100040435791,59005000
2016-02-03,10.020844459533691,13.13599967956543,13.76099967956543,13.029000282287598,13.725000381469727,56234000
2016-02-04,10.383964538574219,13.612000465393066,13.72700023651123,13.050000190734863,13.140000343322754,60833000
2016-02-05,9.791987419128418,12.836000442504883,13.699999809265137,12.697999954223633,13.699999809265137,70953000
2016-02-08,9.296133995056152,12.185999870300293,12.699000358581543,11.92199993133545,12.699000358581543,91242000
2016-02-09,9.132119178771973,11.970999717712402,12.571999549865723,11.876999855041504,11.982999801635742,63400000
2016-02-10,9.093216896057129,11.920000076293945,12.366999626159668,11.864999771118164,12.24899959564209,45473000
2016-02-11,8.872750282287598,11.630999565124512,11.763999938964844,11.425000190734863,11.649999618530273,66673000
2016-02-12,9.280879974365234,12.166000366210938,12.232999801635742,11.572999954223633,11.776000022888184,39965000
2016-02-16,9.630264282226562,12.62399959564209,12.678999900817871,12.295000076293945,12.32699966430664,38521000
2016-02-17,9.96897029876709,13.067999839782715,13.081999778747559,12.67300033569336,12.699999809265137,32742000
2016-02-18,9.693581581115723,12.706999778747559,13.199000358581543,12.607999801635742,13.175999641418457,39202000
2016-02-19,9.815640449523926,12.866999626159668,12.878999710083008,12.5,12.704999923706055,31118000
2016-02-22,9.965921401977539,13.064000129699707,13.243000030517578,12.949000358581543,13.0,24204000
2016-02-23,9.776726722717285,12.815999984741211,13.050000190734863,12.805999755859375,13.015999794006348,22352000
2016-02-24,9.943032264709473,13.034000396728516,13.125,12.541000366210938,12.651000022888184,25680000
2016-02-25,10.105523109436035,13.246999740600586,13.24899959564209,12.869000434875488,13.07800006866455,25652000
2016-02-26,10.15434741973877,13.310999870300293,13.496999740600586,13.225000381469727,13.420000076293945,27142000
2016-02-29,10.219948768615723,13.397000312805176,13.791999816894531,13.289999961853027,13.333999633789062,35911000
2016-03-01,10.56018352508545,13.843000411987305,13.86400032043457,13.461999893188477,13.536999702453613,44906000
2016-03-02,10.44880485534668,13.696999549865723,13.824000358581543,13.505000114440918,13.78499984741211,43834000
2016-03-03,10.47627067565918,13.732999801635742,13.885000228881836,13.430000305175781,13.774999618530273,59437000
2016-03-04,11.142239570617676,14.605999946594238,14.78600025177002,14.17199993133545,14.600000381469727,72399000
2016-03-07,10.947714805603027,14.35099983215332,14.623000144958496,14.057000160217285,14.47599983215332,41363000
2016-03-08,10.651721954345703,13.963000297546387,14.281999588012695,13.940999984741211,14.229000091552734,33216000
2016-03-09,10.829469680786133,14.196000099182129,14.253000259399414,14.04699993133545,14.074999809265137,31152000
2016-03-10,11.017129898071289,14.442000389099121,14.579999923706055,14.199999809265137,14.345999717712402,54546000
2016-03-11,11.352788925170898,14.881999969482422,15.001999855041504,14.574999809265137,14.598999977111816,55822000
2016-03-14,11.300915718078613,14.814000129699707,14.918999671936035,14.699999809265137,14.711000442504883,28444000
2016-03-15,11.326087951660156,14.847000122070312,14.998000144958496,14.607999801635742,14.850000381469727,30891000
2016-03-16,11.375839233398438,14.86299991607666,14.927000045776367,14.6850004196167,14.746000289916992,34906000
2016-03-17,11.599329948425293,15.154999732971191,15.17199993133545,14.737000465393066,14.737000465393066,44708000
2016-03-18,11.671274185180664,15.24899959564209,15.300000190734863,15.086999893188477,15.194000244140625,70568000
2016-03-21,11.701888084411621,15.288999557495117,15.300000190734863,15.083000183105469,15.258999824523926,28207000
2016-03-22,11.845014572143555,15.47599983215332,15.560999870300293,15.154999732971191,15.239999771118164,33945000
2016-03-23,11.709543228149414,15.298999786376953,15.531999588012695,15.234000205993652,15.482000350952148,27577000
2016-03-24,11.710308074951172,15.300000190734863,15.329000473022461,15.112000465393066,15.175999641418457,25651000
2016-03-28,11.717963218688965,15.3100004196167,15.350000381469727,15.206999778747559,15.32800006866455,17224000
2016-03-29,11.796797752380371,15.413000106811523,15.493000030517578,15.218000411987305,15.32699966430664,26765000
2016-03-30,12.011099815368652,15.692999839782715,15.727999687194824,15.454000473022461,15.5,26794000
2016-03-31,11.825117111206055,15.449999809265137,15.737000465393066,15.444999694824219,15.70199966430664,24968000
2016-04-01,12.077690124511719,15.779999732971191,15.791999816894531,15.116000175476074,15.404000282287598,25671000
2016-04-04,11.940685272216797,15.60099983215332,15.833000183105469,15.565999984741211,15.800000190734863,17760000
2016-04-05,11.865679740905762,15.503000259399414,15.704999923706055,15.444999694824219,15.444999694824219,56915000
2016-04-06,12.05778980255127,15.753999710083008,15.777000427246094,15.371000289916992,15.470000267028809,28149000
2016-04-07,11.861085891723633,15.496999740600586,15.795000076293945,15.468999862670898,15.748000144958496,22975000
2016-04-08,11.95140552520752,15.614999771118164,15.6899995803833,15.46399974822998,15.628000259399414,18526000
2016-04-11,11.910072326660156,15.560999870300293,15.779999732971191,15.5600004196167,15.743000030517578,18568000
2016-04-12,11.896296501159668,15.543000221252441,15.63700008392334,15.300000190734863,15.60099983215332,16537000
2016-04-13,12.20627212524414,15.947999954223633,15.96500015258789,15.560999870300293,15.647000312805176,21730000
2016-04-14,12.155759811401367,15.881999969482422,15.91100025177002,15.600000381469727,15.729000091552734,27549000
2016-04-15,11.900887489318848,15.548999786376953,15.833999633789062,15.45199966430664,15.812999725341797,27685000
2016-04-18,11.932268142700195,15.59000015258789,15.640000343322754,15.380999565124512,15.53499984741211,15297000
2016-04-19,11.562594413757324,15.107000350952148,15.677000045776367,15.079000473022461,15.645000457763672,24560000
2016-04-20,11.727913856506348,15.322999954223633,15.40999984741211,15.039999961853027,15.145999908447266,19435000
2016-04-21,11.58402156829834,15.135000228881836,15.32800006866455,15.045000076293945,15.289999961853027,16117000
2016-04-22,11.50595474243164,15.032999992370605,15.293999671936035,14.873000144958496,15.039999961853027,25699000
2016-04-25,11.411810874938965,14.90999984741211,15.086000442504883,14.876999855041504,15.024999618530273,10870000
2016-04-26,11.538861274719238,15.076000213623047,15.41100025177002,15.003999710083008,15.14900016784668,26309000
2016-04-27,11.597796440124512,15.152999877929688,15.336000442504883,14.649999618530273,14.720999717712402,38930000
2016-04-28,11.326850891113281,14.798999786376953,15.402000427246094,14.732999801635742,15.038999557495117,25520000
2016-04-29,11.155407905578613,14.574999809265137,14.779000282287598,14.324999809265137,14.630999565124512,35067000
2016-05-02,11.180663108825684,14.607999801635742,14.682999610900879,14.449999809265137,14.616000175476074,19525000
2016-05-03,10.960236549377441,14.319999694824219,14.598999977111816,14.232999801635742,14.510000228881836,23986000
2016-05-04,10.873748779296875,14.206999778747559,14.442000389099121,14.126999855041504,14.25100040435791,20888000
2016-05-05,10.912781715393066,14.258000373840332,14.489999771118164,14.208999633789062,14.381999969482422,16841000
2016-05-06,10.85997200012207,14.189000129699707,14.25,13.918000221252441,14.175999641418457,30027000
2016-05-09,10.899004936218262,14.239999771118164,14.392000198364258,14.12600040435791,14.199999809265137,17300000
2016-05-10,11.068155288696289,14.461000442504883,14.513999938964844,14.149999618530273,14.25,18461000
2016-05-11,11.00998306274414,14.385000228881836,14.621999740600586,14.35099983215332,14.409000396728516,16716000
2016-05-12,10.794913291931152,14.104000091552734,14.472999572753906,13.95199966430664,14.406999588012695,26452000
2016-05-13,10.71914005279541,14.005000114440918,14.312999725341797,13.961999893188477,14.093999862670898,21716000
2016-05-16,10.918140411376953,14.265000343322754,14.362000465393066,14.069000244140625,14.086999893188477,20373000
2016-05-17,10.804863929748535,14.116999626159668,14.298999786376953,13.98799991607666,14.25100040435791,21248000
2016-05-18,11.012283325195312,14.387999534606934,14.505000114440918,14.032999992370605,14.053000450134277,22620000
2016-05-19,10.925027847290039,14.27400016784668,14.465999603271484,14.112000465393066,14.303000450134277,17478000
2016-05-20,11.230415344238281,14.67300033569336,14.767000198364258,14.371000289916992,14.413000106811523,25889000
2016-05-23,11.335272789001465,14.8100004196167,15.034000396728516,14.788000106811523,14.819000244140625,17609000
2016-05-24,11.58937931060791,15.142000198364258,15.168000221252441,14.835000038146973,14.859999656677246,19907000
2016-05-25,11.753936767578125,15.357000350952148,15.399999618530273,15.048999786376953,15.184000015258789,21737000
2016-05-26,11.711837768554688,15.302000045776367,15.425000190734863,15.182000160217285,15.376999855041504,18431000
2016-05-27,11.733267784118652,15.329999923706055,15.392999649047852,15.246000289916992,15.300000190734863,18693000
2016-05-31,11.814397811889648,15.435999870300293,15.494999885559082,15.329999923706055,15.399999618530273,32058000
2016-06-01,11.845780372619629,15.47700023651123,15.531999588012695,15.333999633789062,15.340999603271484,30777000
2016-06-02,11.856496810913086,15.491000175476074,15.552000045776367,15.33899974822998,15.520999908447266,46746000
2016-06-03,12.442012786865234,16.256000518798828,16.600000381469727,16.1200008392334,16.57699966430664,82985000
2016-06-06,12.463441848754883,16.284000396728516,16.393999099731445,16.101999282836914,16.34000015258789,34010000
2016-06-07,12.616521835327148,16.483999252319336,16.594999313354492,16.2810001373291,16.333999633789062,32340000
2016-06-08,12.52926254272461,16.3700008392334,16.461999893188477,16.333999633789062,16.409000396728516,25620000
2016-06-09,12.562938690185547,16.413999557495117,16.5049991607666,16.211999893188477,16.214000701904297,29143000
2016-06-10,12.308836936950684,16.082000732421875,16.29800033569336,16.0,16.216999053955078,26657000
2016-06-13,12.246838569641113,16.000999450683594,16.225000381469727,15.96399974822998,16.013999938964844,21568000
2016-06-14,12.168774604797363,15.89900016784668,16.05299949645996,15.812999725341797,15.927000045776367,25669000
2016-06-15,12.161860466003418,15.84000015258789,16.011999130249023,15.817999839782715,15.881999969482422,30884000
2016-06-16,12.179519653320312,15.86299991607666,15.883999824523926,15.5600004196167,15.704999923706055,22804000
2016-06-17,11.977592468261719,15.600000381469727,15.975000381469727,15.493000030517578,15.897000312805176,43333000
2016-06-20,12.048992156982422,15.692999839782715,15.960000038146973,15.668999671936035,15.84000015258789,20265000
2016-06-21,11.963003158569336,15.581000328063965,15.84000015258789,15.560999870300293,15.76099967956543,16126000
2016-06-22,11.911561012268066,15.513999938964844,15.717000007629395,15.479999542236328,15.572999954223633,16039000
2016-06-23,12.178751945495605,15.862000465393066,15.86299991607666,15.597000122070312,15.734999656677246,24435000
2016-06-24,11.418636322021484,14.871999740600586,15.487000465393066,14.84000015258789,15.199999809265137,64177000
2016-06-27,11.027830123901367,14.36299991607666,14.725000381469727,14.22700023651123,14.649999618530273,37864000
2016-06-28,11.499255180358887,14.97700023651123,14.993000030517578,14.657999992370605,14.670000076293945,37233000
2016-06-29,11.900811195373535,15.5,15.5649995803833,15.07800006866455,15.201000213623047,47860000
2016-06-30,11.931525230407715,15.539999961853027,15.723999977111816,15.416999816894531,15.5,42626000
2016-07-01,11.840923309326172,15.42199993133545,15.586999893188477,15.362000465393066,15.446999549865723,19779000
2016-07-05,11.575263977050781,15.076000213623047,15.170999526977539,14.95300006866455,15.157999992370605,26321000
2016-07-06,11.56528377532959,15.062999725341797,15.126999855041504,14.715999603271484,14.935999870300293,20603000
2016-07-07,11.592925071716309,15.098999977111816,15.300000190734863,15.013999938964844,15.013999938964844,19248000
2016-07-08,11.911561012268066,15.513999938964844,15.524999618530273,15.194000244140625,15.265000343322754,26741000
2016-07-11,12.082010269165039,15.736000061035156,15.847000122070312,15.628000259399414,15.710000038146973,25201000
2016-07-12,12.176448822021484,15.859000205993652,16.090999603271484,15.824999809265137,15.857999801635742,20306000
2016-07-13,12.08584976196289,15.741000175476074,16.038000106811523,15.734000205993652,15.890999794006348,15734000
2016-07-14,12.345362663269043,16.07900047302246,16.106000900268555,15.88599967956543,15.954999923706055,23550000
2016-07-15,12.373771667480469,16.115999221801758,16.156999588012695,15.965999603271484,16.111000061035156,19259000
2016-07-18,12.463602066040039,16.232999801635742,16.3700008392334,16.19499969482422,16.242000579833984,14626000
2016-07-19,12.325399398803711,16.05299949645996,16.200000762939453,15.979000091552734,16.14699935913086,14797000
2016-07-20,12.489709854125977,16.267000198364258,16.37700080871582,16.091999053955078,16.15999984741211,18064000
2016-07-21,12.31618881225586,16.041000366210938,16.347999572753906,15.982000350952148,16.301000595092773,19530000
2016-07-22,12.25937271118164,15.967000007629395,16.030000686645508,15.668999671936035,15.958999633789062,19664000
2016-07-25,12.267814636230469,15.977999687194824,16.06999969482422,15.927000045776367,15.96399974822998,9627000
2016-07-26,12.548826217651367,16.3439998626709,16.350000381469727,16.03700065612793,16.141000747680664,28631000
2016-07-27,12.719277381896973,16.56599998474121,16.760000228881836,16.270999908447266,16.5939998626709,30493000
2016-07-28,12.609484672546387,16.42300033569336,16.69700050354004,16.392000198364258,16.5,19512000
2016-07-29,12.436736106872559,16.197999954223633,16.46500015258789,16.110000610351562,16.39299964904785,26030000
2016-08-01,12.55420207977295,16.35099983215332,16.38800048828125,16.190000534057617,16.277999877929688,17876000
2016-08-02,12.506600379943848,16.288999557495117,16.39900016784668,16.226999282836914,16.309999465942383,22689000
2016-08-03,12.60026741027832,16.410999298095703,16.415000915527344,16.128000259399414,16.187999725341797,15019000
2016-08-04,12.821393013000488,16.698999404907227,16.700000762939453,16.420000076293945,16.427000045776367,19978000
2016-08-05,13.061716079711914,17.011999130249023,17.020000457763672,16.722999572753906,16.795000076293945,25594000
2016-08-08,12.925813674926758,16.834999084472656,17.12299919128418,16.785999298095703,17.0,19084000
2016-08-09,13.14233684539795,17.117000579833984,17.216999053955078,16.8700008392334,16.893999099731445,32743000
2016-08-10,13.194543838500977,17.184999465942383,17.218000411987305,16.983999252319336,17.121999740600586,19523000
2016-08-11,13.212968826293945,17.208999633789062,17.31599998474121,17.09000015258789,17.207000732421875,15745000
2016-08-12,13.242147445678711,17.246999740600586,17.261999130249023,17.13800048828125,17.21299934387207,16530000
2016-08-15,13.477862358093262,17.554000854492188,17.58099937438965,17.25,17.336999893188477,25807000
2016-08-16,13.236771583557129,17.239999771118164,17.499000549316406,17.209999084472656,17.481000900268555,19069000
2016-08-17,13.285144805908203,17.30299949645996,17.327999114990234,17.176000595092773,17.225000381469727,16613000
2016-08-18,13.35424518585205,17.39299964904785,17.417999267578125,17.263999938964844,17.281999588012695,21120000
2016-08-19,13.431025505065918,17.493000030517578,17.506000518798828,17.343000411987305,17.417999267578125,15349000
2016-08-22,13.507800102233887,17.593000411987305,17.631000518798828,17.4060001373291,17.5,15393000
2016-08-23,13.61606502532959,17.733999252319336,17.746999740600586,17.61199951171875,17.672000885009766,19741000
2016-08-24,13.459433555603027,17.530000686645508,17.768999099731445,17.437000274658203,17.756999969482422,21802000
2016-08-25,13.516251564025879,17.604000091552734,17.714000701904297,17.4689998626709,17.552000045776367,18735000
2016-08-26,13.602241516113281,17.715999603271484,17.864999771118164,17.51300048828125,17.683000564575195,22586000
2016-08-29,13.6206693649292,17.739999771118164,17.868000030517578,17.690000534057617,17.729999542236328,16726000
2016-08-30,13.589956283569336,17.700000762939453,17.941999435424805,17.5939998626709,17.81599998474121,27838000
2016-08-31,13.545429229736328,17.642000198364258,17.832000732421875,17.53499984741211,17.709999084472656,32753000
2016-09-01,13.596869468688965,17.708999633789062,17.767000198364258,17.48200035095215,17.687999725341797,39128000
2016-09-02,13.291288375854492,17.31100082397461,17.733999252319336,16.8799991607666,17.700000762939453,80668000
2016-09-06,13.136962890625,17.110000610351562,17.399999618530273,16.964000701904297,17.36199951171875,36132000
2016-09-07,12.968043327331543,16.889999389648438,17.200000762939453,16.770999908447266,17.142000198364258,31437000
2016-09-08,12.928121566772461,16.83799934387207,16.882999420166016,16.6560001373291,16.839000701904297,18680000
2016-09-09,12.344595909118652,16.077999114990234,16.704999923706055,16.066999435424805,16.632999420166016,45022000
2016-09-12,12.628679275512695,16.447999954223633,16.475000381469727,15.875,15.913000106811523,35673000
2016-09-13,12.687032699584961,16.52400016784668,16.736000061035156,16.43000030517578,16.447999954223633,36003000
2016-09-14,13.02255630493164,16.961000442504883,16.993000030517578,16.5049991607666,16.523000717163086,40324000
2016-09-15,13.301338195800781,17.27199935913086,17.299999237060547,16.81999969482422,16.933000564575195,36322000
2016-09-16,13.187359809875488,17.124000549316406,17.298999786376953,16.985000610351562,17.242000579833984,83067000
2016-09-19,13.14808464050293,17.072999954223633,17.357999801635742,16.940000534057617,17.155000686645508,28306000
2016-09-20,12.955557823181152,16.822999954223633,17.22100067138672,16.816999435424805,17.22100067138672,18722000
2016-09-21,13.078776359558105,16.982999801635742,17.00200080871582,16.76099967956543,16.839000701904297,17977000
2016-09-22,13.002534866333008,16.884000778198242,17.125,16.80699920654297,17.097000122070312,20619000
2016-09-23,12.833880424499512,16.665000915527344,16.902999877929688,16.551000595092773,16.8700008392334,26875000
2016-09-26,12.836963653564453,16.66900062561035,16.722999572753906,16.275999069213867,16.510000228881836,32033000
2016-09-27,13.158095359802246,17.086000442504883,17.08799934387207,16.601999282836914,16.68899917602539,25353000
2016-09-28,13.145774841308594,17.06999969482422,17.270999908447266,16.97800064086914,17.17799949645996,20843000
2016-09-29,13.281317710876465,17.246000289916992,17.39900016784668,16.948999404907227,17.0,38570000
2016-09-30,13.285937309265137,17.25200080871582,17.46500015258789,17.243999481201172,17.299999237060547,34220000
2016-10-03,13.097261428833008,17.006999969482422,17.388999938964844,16.972000122070312,17.301000595092773,22807000
2016-10-04,13.018709182739258,16.905000686645508,17.09000015258789,16.808000564575195,17.06100082397461,19596000
2016-10-05,13.359864234924316,17.347999572753906,17.410999298095703,17.06800079345703,17.149999618530273,26149000
2016-10-06,13.414543151855469,17.41900062561035,17.46500015258789,17.125999450683594,17.329999923706055,21014000
2016-10-07,13.416085243225098,17.42099952697754,17.4950008392334,17.23900032043457,17.488000869750977,21842000
2016-10-10,13.459210395812988,17.476999282836914,17.59000015258789,17.375999450683594,17.472999572753906,16336000
2016-10-11,13.181975364685059,17.117000579833984,17.549999237060547,16.952999114990234,17.52899932861328,26181000
2016-10-12,13.128064155578613,17.047000885009766,17.106000900268555,16.84000015258789,17.075000762939453,21740000
2016-10-13,13.010235786437988,16.893999099731445,16.989999771118164,16.68000030517578,16.87700080871582,22373000
2016-10-14,13.098799705505371,17.009000778198242,17.263999938964844,16.93400001525879,16.99799919128418,19570000
2016-10-17,13.00561809539795,16.88800048828125,17.094999313354492,16.87299919128418,16.969999313354492,12741000
2016-10-18,13.258981704711914,17.216999053955078,17.28700065612793,17.054000854492188,17.065000534057617,14167000
2016-10-19,13.235879898071289,17.187000274658203,17.22800064086914,17.01099967956543,17.117000579833984,20440000
2016-10-20,13.354475975036621,17.340999603271484,17.45800018310547,17.101999282836914,17.166000366210938,18961000
2016-10-21,13.316742897033691,17.29199981689453,17.34000015258789,17.06999969482422,17.229000091552734,15842000
2016-10-24,13.596294403076172,17.655000686645508,17.700000762939453,17.356000900268555,17.416000366210938,19772000
2016-10-25,13.372957229614258,17.364999771118164,17.649999618530273,17.35099983215332,17.60300064086914,21622000
2016-10-26,13.322900772094727,17.299999237060547,17.47800064086914,17.110000610351562,17.21500015258789,21075000
2016-10-27,13.264373779296875,17.224000930786133,17.524999618530273,17.17799949645996,17.430999755859375,19840000
2016-10-28,13.041810035705566,16.934999465942383,17.28700065612793,16.90399932861328,17.249000549316406,20651000
2016-10-31,13.113432884216309,17.027999877929688,17.166000366210938,16.868999481201172,17.0,20317000
2016-11-01,12.9994535446167,16.8799991607666,17.155000686645508,16.58300018310547,17.07200050354004,28452000
2016-11-02,13.289016723632812,17.256000518798828,17.415000915527344,16.981000900268555,17.291000366210938,43501000
2016-11-03,13.322128295898438,17.298999786376953,17.534000396728516,17.21500015258789,17.2450008392334,20654000
2016-11-04,13.258981704711914,17.216999053955078,17.452999114990234,17.023000717163086,17.040000915527344,21753000
2016-11-07,13.627862930297852,17.695999145507812,17.788000106811523,17.410999298095703,17.43899917602539,26126000
2016-11-08,13.63094425201416,17.700000762939453,17.802000045776367,17.51099967956543,17.707000732421875,18923000
2016-11-09,13.355240821838379,17.341999053955078,17.649999618530273,17.115999221801758,17.14699935913086,32506000
2016-11-10,12.93322467803955,16.79400062561035,17.450000762939453,16.329999923706055,17.371999740600586,51217000
2016-11-11,12.90241813659668,16.753999710083008,17.0,16.572999954223633,16.735000610351562,29793000
2016-11-14,12.612857818603516,16.378000259399414,16.777000427246094,16.302000045776367,16.64699935913086,28187000
2016-11-15,12.818477630615234,16.645000457763672,16.75,16.361000061035156,16.482999801635742,25380000
2016-11-16,12.924757957458496,16.783000946044922,16.816999435424805,16.575000762939453,16.6299991607666,13333000
2016-11-17,12.863914489746094,16.70400047302246,16.902000427246094,16.601999282836914,16.735000610351562,18100000
2016-11-18,12.950167655944824,16.81599998474121,16.916000366210938,16.674999237060547,16.674999237060547,19524000
2016-11-21,13.290555000305176,17.257999420166016,17.275999069213867,16.913000106811523,16.913000106811523,21384000
2016-11-22,13.632485389709473,17.70199966430664,17.742000579833984,17.33099937438965,17.371999740600586,31024000
2016-11-23,13.637109756469727,17.70800018310547,17.775999069213867,17.52400016784668,17.63599967956543,22123000
2016-11-25,13.6116943359375,17.674999237060547,17.70199966430664,17.55699920654297,17.67799949645996,8198000
2016-11-28,13.449968338012695,17.46500015258789,17.707000732421875,17.45400047302246,17.606000900268555,26570000
2016-11-29,13.511582374572754,17.545000076293945,17.697999954223633,17.343000411987305,17.38599967956543,18514000
2016-11-30,13.12960433959961,17.048999786376953,17.59000015258789,17.04400062561035,17.511999130249023,31249000
2016-12-01,12.536619186401367,16.27899932861328,17.048999786376953,16.121000289916992,17.000999450683594,46389000
2016-12-02,12.646745681762695,16.422000885009766,16.492000579833984,16.062000274658203,16.35700035095215,26945000
2016-12-05,12.79383659362793,16.613000869750977,16.660999298095703,16.239999771118164,16.60099983215332,21372000
2016-12-06,12.68833065032959,16.47599983215332,16.797000885009766,16.344999313354492,16.680999755859375,39184000
2016-12-07,12.980201721191406,16.854999542236328,16.854999542236328,16.367000579833984,16.47599983215332,32659000
2016-12-08,13.1465482711792,17.070999145507812,17.13800048828125,16.750999450683594,16.954999923706055,38361000
2016-12-09,13.791897773742676,17.909000396728516,18.190000534057617,17.690000534057617,18.094999313354492,75744000
2016-12-12,13.720280647277832,17.81599998474121,18.07699966430664,17.6560001373291,17.80500030517578,37194000
2016-12-13,13.818856239318848,17.944000244140625,18.194000244140625,17.799999237060547,17.874000549316406,69076000
2016-12-14,13.756887435913086,17.761999130249023,17.922000885009766,17.62299919128418,17.875,46795000
2016-12-15,13.941996574401855,18.000999450683594,18.1200008392334,17.656999588012695,17.83099937438965,38103000
2016-12-16,13.818853378295898,17.841999053955078,18.108999252319336,17.74799919128418,18.075000762939453,41541000
2016-12-19,13.976850509643555,18.04599952697754,18.141000747680664,17.812000274658203,17.906999588012695,22219000
2016-12-20,14.101551055908203,18.207000732421875,18.327999114990234,18.013999938964844,18.100000381469727,27352000
2016-12-21,14.1185884475708,18.229000091552734,18.39900016784668,18.17799949645996,18.37299919128418,21013000
2016-12-22,13.987696647644043,18.059999465942383,18.299999237060547,17.937999725341797,18.28499984741211,17557000
2016-12-23,14.091480255126953,18.194000244140625,18.197999954223633,17.965999603271484,18.0049991607666,8977000
2016-12-27,14.120137214660645,18.231000900268555,18.3700008392334,18.204999923706055,18.211000442504883,8283000
2016-12-28,13.95593547821045,18.018999099731445,18.299999237060547,17.983999252319336,18.263999938964844,14039000
2016-12-29,13.931154251098633,17.98699951171875,18.066999435424805,17.863000869750977,17.969999313354492,13671000
2016-12-30,13.691055297851562,17.677000045776367,18.09000015258789,17.601999282836914,18.03700065612793,25421000
2017-01-03,13.812658309936523,17.833999633789062,18.09000015258789,17.65399932861328,17.82900047302246,32098000
2017-01-04,13.7142915725708,17.707000732421875,17.899999618530273,17.667999267578125,17.826000213623047,23965000
2017-01-05,13.498202323913574,17.42799949645996,17.700000762939453,17.38800048828125,17.632999420166016,24861000
2017-01-06,13.677116394042969,17.659000396728516,17.690000534057617,17.33099937438965,17.42099952697754,23142000
2017-01-09,13.706544876098633,17.69700050354004,17.829999923706055,17.663999557495117,17.665000915527344,20265000
2017-01-10,13.985369682312012,18.05699920654297,18.073999404907227,17.690000534057617,17.749000549316406,30181000
2017-01-11,13.896300315856934,17.941999435424805,18.047000885009766,17.775999069213867,18.0049991607666,18787000
2017-01-12,13.852930068969727,17.88599967956543,17.90999984741211,17.540000915527344,17.80900001525879,23137000
2017-01-13,13.976072311401367,18.045000076293945,18.077999114990234,17.839000701904297,17.889999389648438,20902000
2017-01-17,13.872293472290039,17.910999298095703,17.96299934387207,17.756000518798828,17.947999954223633,26316000
2017-01-18,14.330032348632812,18.50200080871582,18.506999969482422,18.0,18.035999298095703,35642000
2017-01-19,14.37185287475586,18.555999755859375,18.687999725341797,18.468000411987305,18.510000228881836,45718000
2017-01-20,14.799381256103516,19.107999801635742,19.15399932861328,18.809999465942383,18.860000610351562,57623000
2017-01-23,14.793190002441406,19.100000381469727,19.152999877929688,18.841999053955078,19.10099983215332,33394000
2017-01-24,15.315983772277832,19.774999618530273,19.964000701904297,19.22800064086914,19.27199935913086,62008000
2017-01-25,15.682332992553711,20.24799919128418,20.259000778198242,19.80299949645996,19.992000579833984,60888000
2017-01-26,15.813222885131836,20.41699981689453,20.527000427246094,20.113000869750977,20.444000244140625,38820000
2017-01-27,15.932497024536133,20.570999145507812,20.57900047302246,20.354000091552734,20.538000106811523,25780000
2017-01-30,15.73963737487793,20.32200050354004,20.48699951171875,20.06100082397461,20.44499969482422,33234000
2017-01-31,15.45152473449707,19.950000762939453,20.246999740600586,19.88599967956543,20.246999740600586,26749000
2017-02-01,15.776044845581055,20.368999481201172,20.447999954223633,20.020999908447266,20.225000381469727,31184000
2017-02-02,15.80393123626709,20.405000686645508,20.503000259399414,20.100000381469727,20.19700050354004,22712000
2017-02-03,15.967348098754883,20.615999221801758,20.65999984741211,20.30299949645996,20.4950008392334,24367000
2017-02-06,15.99832820892334,20.6560001373291,20.666000366210938,20.43000030517578,20.614999771118164,18716000
2017-02-07,15.947985649108887,20.590999603271484,20.739999771118164,20.493000030517578,20.72100067138672,22840000
2017-02-08,16.02388572692871,20.68899917602539,20.875,20.516000747680664,20.597000122070312,21069000
2017-02-09,15.903837203979492,20.534000396728516,20.768999099731445,20.363000869750977,20.732999801635742,27519000
2017-02-10,15.917784690856934,20.552000045776367,20.649999618530273,20.385000228881836,20.600000381469727,23842000
2017-02-13,16.009946823120117,20.67099952697754,20.711000442504883,20.517000198364258,20.67799949645996,12463000
2017-02-14,15.903060913085938,20.533000946044922,20.700000762939453,20.479999542236328,20.698999404907227,17357000
2017-02-15,15.954180717468262,20.599000930786133,20.694000244140625,20.479999542236328,20.582000732421875,17088000
2017-02-16,16.12380027770996,20.81800079345703,20.82200050354004,20.51799964904785,20.645999908447266,17188000
2017-02-17,16.296518325805664,21.041000366210938,21.041000366210938,20.68199920654297,20.899999618530273,30945000
2017-02-21,16.477754592895508,21.274999618530273,21.36199951171875,21.090999603271484,21.100000381469727,30333000
2017-02-22,16.58696174621582,21.416000366210938,21.493000030517578,21.149999618530273,21.299999237060547,23949000
2017-02-23,16.30968475341797,21.058000564575195,21.59600067138672,20.964000701904297,21.507999420166016,29364000
2017-02-24,16.29341697692871,21.03700065612793,21.065000534057617,20.26099967956543,20.83799934387207,27651000
2017-02-27,16.518798828125,21.327999114990234,21.344999313354492,21.018999099731445,21.066999435424805,26991000
2017-02-28,16.336790084838867,21.093000411987305,21.43400001525879,21.030000686645508,21.413999557495117,27548000
2017-03-01,16.662857055664062,21.513999938964844,21.538999557495117,21.055999755859375,21.30699920654297,51155000
2017-03-02,16.82938003540039,21.729000091552734,22.49799919128418,21.601999282836914,22.410999298095703,71171000
2017-03-03,16.909154891967773,21.832000732421875,22.0,21.770000457763672,21.799999237060547,30747000
2017-03-06,16.879718780517578,21.79400062561035,21.85300064086914,21.517000198364258,21.636999130249023,22771000
2017-03-07,16.981189727783203,21.924999237060547,22.136999130249023,21.708999633789062,21.733999252319336,29129000
2017-03-08,17.010618209838867,21.96299934387207,22.124000549316406,21.854999542236328,21.922000885009766,24532000
2017-03-09,17.194948196411133,22.201000213623047,22.285999298095703,21.812000274658203,21.878000259399414,25675000
2017-03-10,17.531095504760742,22.635000228881836,22.641000747680664,22.273000717163086,22.273000717163086,39430000
2017-03-13,17.538833618164062,22.645000457763672,22.774999618530273,22.535999298095703,22.586000442504883,26669000
2017-03-14,17.376188278198242,22.434999465942383,22.628000259399414,22.35099983215332,22.47599983215332,22165000
2017-03-15,17.498565673828125,22.593000411987305,22.665000915527344,22.323999404907227,22.433000564575195,20727000
2017-03-16,17.300167083740234,22.236000061035156,22.582000732421875,22.156999588012695,22.54800033569336,27835000
2017-03-17,17.208356857299805,22.118000030517578,22.371000289916992,22.084999084472656,22.351999282836914,51635000
2017-03-20,17.213024139404297,22.124000549316406,22.263999938964844,22.077999114990234,22.118000030517578,17215000
2017-03-21,16.80689239501953,21.601999282836914,22.29800033569336,21.552000045776367,22.224000930786133,30557000
2017-03-22,16.915822982788086,21.742000579833984,21.836999893188477,21.538999557495117,21.601999282836914,19131000
2017-03-23,16.872255325317383,21.68600082397461,21.84600067138672,21.64299964904785,21.72599983215332,19223000
2017-03-24,17.036415100097656,21.89699935913086,22.139999389648438,21.77400016784668,21.801000595092773,23794000
2017-03-27,17.042640686035156,21.905000686645508,22.01799964904785,21.597000122070312,21.683000564575195,15358000
2017-03-28,17.19046401977539,22.094999313354492,22.17799949645996,21.834999084472656,21.85099983215332,17929000
2017-03-29,17.21846580505371,22.131000518798828,22.135000228881836,21.968000411987305,22.079999923706055,15927000
2017-03-30,17.119665145874023,22.003999710083008,22.44499969482422,21.88599967956543,22.190000534057617,34168000
2017-03-31,17.03563690185547,21.895999908447266,22.099000930786133,21.80299949645996,21.999000549316406,25897000
2017-04-03,17.0231876373291,21.8799991607666,21.999000549316406,21.666000366210938,21.899999618530273,19210000
2017-04-04,17.03563690185547,21.895999908447266,22.041000366210938,21.788000106811523,21.816999435424805,12634000
2017-04-05,16.89325714111328,21.71299934387207,22.049999237060547,21.68000030517578,21.95400047302246,15690000
2017-04-06,16.922048568725586,21.75,21.847000122070312,21.55900001525879,21.670000076293945,14615000
2017-04-07,16.980398178100586,21.825000762939453,21.983999252319336,21.70400047302246,21.75,16412000
2017-04-10,16.962501525878906,21.802000045776367,21.905000686645508,21.625999450683594,21.707000732421875,17994000
2017-04-11,16.925935745239258,21.7549991607666,21.84000015258789,21.402999877929688,21.6560001373291,22219000
2017-04-12,16.276281356811523,20.920000076293945,21.61400032043457,20.8439998626709,21.566999435424805,61026000
2017-04-13,16.441219329833984,21.131999969482422,21.39699935913086,20.899999618530273,20.92099952697754,42579000
2017-04-17,16.639625549316406,21.386999130249023,21.43600082397461,21.2189998626709,21.238000869750977,14507000
2017-04-18,16.579715728759766,21.309999465942383,21.371000289916992,21.20599937438965,21.305999755859375,8486000
2017-04-19,16.620948791503906,21.363000869750977,21.482999801635742,21.326000213623047,21.378000259399414,12081000
2017-04-20,16.97728157043457,21.820999145507812,21.91200065612793,21.422000885009766,21.5,16916000
2017-04-21,16.934494018554688,21.766000747680664,21.83300018310547,21.615999221801758,21.742000579833984,14683000
2017-04-24,17.213024139404297,22.124000549316406,22.190000534057617,21.968000411987305,22.069000244140625,17531000
2017-04-25,17.365520477294922,22.31999969482422,22.399999618530273,22.19499969482422,22.20199966430664,14848000
2017-04-26,17.247257232666016,22.167999267578125,22.39299964904785,22.086999893188477,22.349000930786133,14726000
2017-04-27,17.356962203979492,22.30900001525879,22.409000396728516,22.20599937438965,22.288999557495117,11850000
2017-04-28,17.179576873779297,22.08099937438965,22.31399917602539,21.976999282836914,22.283000946044922,16490000
2017-05-01,17.219249725341797,22.131999969482422,22.22599983215332,21.990999221801758,22.208999633789062,15339000
2017-05-02,17.540576934814453,22.545000076293945,22.549999237060547,22.149999618530273,22.34600067138672,27277000
2017-05-03,17.497785568237305,22.489999771118164,22.618999481201172,22.354999542236328,22.451000213623047,18002000
2017-05-04,17.38107681274414,22.34000015258789,22.586000442504883,22.18600082397461,22.525999069213867,16245000
2017-05-05,17.618379592895508,22.645000457763672,22.64900016784668,22.405000686645508,22.496000289916992,23128000
2017-05-08,17.51178550720215,22.507999420166016,22.709999084472656,22.38599967956543,22.652000427246094,17448000
2017-05-09,17.77475929260254,22.84600067138672,22.940000534057617,22.47100067138672,22.562000274658203,19261000
2017-05-10,17.998050689697266,23.132999420166016,23.341999053955078,22.868999481201172,22.948999404907227,24433000
2017-05-11,17.979381561279297,23.108999252319336,23.184999465942383,22.823999404907227,23.06800079345703,14823000
2017-05-12,18.3582763671875,23.59600067138672,23.604999542236328,23.083999633789062,23.148000717163086,25852000
2017-05-15,18.597129821777344,23.902999877929688,23.989999771118164,23.5,23.56100082397461,29172000
2017-05-16,18.725507736206055,24.06800079345703,24.128999710083008,23.868999481201172,23.993999481201172,18128000
2017-05-17,17.98638343811035,23.118000030517578,23.89699935913086,23.108999252319336,23.799999237060547,31447000
2017-05-18,18.49054527282715,23.766000747680664,23.86199951171875,22.76799964904785,23.158000946044922,30699000
2017-05-19,18.213563919067383,23.40999984741211,23.698999404907227,23.204999923706055,23.67099952697754,35812000
2017-05-22,18.54656219482422,23.83799934387207,23.898000717163086,23.422000885009766,23.55299949645996,20419000
2017-05-23,18.403411865234375,23.65399932861328,23.89299964904785,23.583999633789062,23.834999084472656,13696000
2017-05-24,18.6414794921875,23.959999084472656,24.000999450683594,23.69700050354004,23.84600067138672,16392000
2017-05-25,18.739513397216797,24.086000442504883,24.1560001373291,23.87299919128418,24.111000061035156,19010000
2017-05-26,18.766742706298828,24.121000289916992,24.15999984741211,23.832000732421875,24.09000015258789,13120000
2017-05-30,18.65859031677246,23.98200035095215,24.138999938964844,23.899999618530273,24.049999237060547,29364000
2017-05-31,18.632139205932617,23.947999954223633,24.288999557495117,23.756000518798828,24.25200080871582,44830000
2017-06-01,18.251691818237305,23.458999633789062,24.187000274658203,23.381000518798828,24.15999984741211,63774000
2017-06-02,19.803077697753906,25.452999114990234,25.582000732421875,24.415000915527344,24.854000091552734,108613000
2017-06-05,19.622570037841797,25.22100067138672,25.67799949645996,25.020000457763672,25.399999618530273,39532000
2017-06-06,19.750938415527344,25.38599967956543,25.534000396728516,25.062000274658203,25.07699966430664,29653000
2017-06-07,19.783618927001953,25.42799949645996,25.584999084472656,25.297000885009766,25.368000030517578,29290000
2017-06-08,19.835752487182617,25.4950008392334,25.610000610351562,25.23200035095215,25.5,28273000
2017-06-09,18.932462692260742,24.333999633789062,25.600000381469727,24.145000457763672,25.551000595092773,58191000
2017-06-12,18.88033676147461,24.267000198364258,24.31100082397461,23.575000762939453,24.040000915527344,54872000
2017-06-13,18.901342391967773,24.29400062561035,24.791000366210938,24.16699981689453,24.496000289916992,30853000
2017-06-14,18.71461296081543,24.054000854492188,24.4950008392334,23.76300048828125,24.35700035095215,34509000
2017-06-15,18.595069885253906,23.798999786376953,23.948999404907227,23.527000427246094,23.534000396728516,27527000
2017-06-16,18.459115982055664,23.625,23.94300079345703,23.51300048828125,23.89299964904785,35819000
2017-06-19,18.84197425842285,24.114999771118164,24.481000900268555,24.03499984741211,24.481000900268555,28519000
2017-06-20,18.751338958740234,23.999000549316406,24.364999771118164,23.985000610351562,24.200000762939453,24429000
2017-06-21,19.152162551879883,24.511999130249023,24.590999603271484,24.191999435424805,24.357999801635742,34998000
2017-06-22,19.06777572631836,24.40399932861328,24.641000747680664,24.308000564575195,24.551000595092773,18666000
2017-06-23,19.16309928894043,24.525999069213867,24.687000274658203,24.27899932861328,24.354000091552734,34985000
2017-06-26,18.966983795166016,24.274999618530273,24.790000915527344,24.1200008392334,24.599000930786133,32103000
2017-06-27,18.387231826782227,23.533000946044922,24.198999404907227,23.523000717163086,24.13599967956543,33582000
2017-06-28,18.83415985107422,24.104999542236328,24.17300033569336,23.450000762939453,23.659000396728516,24533000
2017-06-29,18.286441802978516,23.40399932861328,23.89699935913086,23.05699920654297,23.8700008392334,34513000
2017-06-30,18.209087371826172,23.30500030517578,23.66900062561035,23.285999298095703,23.62700080871582,26534000
2017-07-03,17.952028274536133,22.97599983215332,23.52400016784668,22.908000946044922,23.451000213623047,21123000
2017-07-05,18.096580505371094,23.160999298095703,23.232999801635742,22.910999298095703,23.100000381469727,29699000
2017-07-06,18.364572525024414,23.503999710083008,23.572999954223633,22.75,22.756000518798828,26334000
2017-07-07,18.722427368164062,23.961999893188477,24.018999099731445,23.527000427246094,23.530000686645508,24731000
2017-07-10,18.890413284301758,24.177000045776367,24.194000244140625,23.881000518798828,24.051000595092773,22499000
2017-07-11,18.8216552734375,24.089000701904297,24.260000228881836,23.93899917602539,24.200000762939453,20502000
2017-07-12,19.253740310668945,24.642000198364258,24.718000411987305,24.106000900268555,24.299999237060547,27710000
2017-07-13,19.32327651977539,24.731000900268555,24.98699951171875,24.655000686645508,24.711999893188477,20400000
2017-07-14,19.556116104125977,25.02899932861328,25.040000915527344,24.78499984741211,24.863000869750977,14417000
2017-07-17,19.456886291503906,24.902000427246094,25.236000061035156,24.88599967956543,25.07900047302246,18746000
2017-07-18,19.602216720581055,25.08799934387207,25.093000411987305,24.606000900268555,24.72599983215332,13003000
2017-07-19,19.87724494934082,25.440000534057617,25.45400047302246,25.05500030517578,25.200000762939453,25526000
2017-07-20,19.801450729370117,25.343000411987305,25.5,25.235000610351562,25.450000762939453,12135000
2017-07-21,19.776451110839844,25.31100082397461,25.351999282836914,25.04599952697754,25.152999877929688,15504000
2017-07-24,19.770200729370117,25.30299949645996,25.368000030517578,25.16900062561035,25.32900047302246,13638000
2017-07-25,19.86943244934082,25.43000030517578,25.44099998474121,25.01799964904785,25.280000686645508,16123000
2017-07-26,20.0811767578125,25.701000213623047,25.819000244140625,25.461999893188477,25.4689998626709,19971000
2017-07-27,19.607677459716797,25.094999313354492,25.849000930786133,24.895000457763672,25.820999145507812,32010000
2017-07-28,19.562368392944336,25.03700065612793,25.11199951171875,24.75,24.892000198364258,31919000
2017-07-31,19.272491455078125,24.666000366210938,25.2450008392334,24.54599952697754,25.097999572753906,18902000
2017-08-01,19.40765953063965,24.839000701904297,25.0,24.695999145507812,24.822999954223633,17582000
2017-08-02,19.795989990234375,25.336000442504883,25.72800064086914,25.106000900268555,25.459999084472656,36970000
2017-08-03,19.556116104125977,25.02899932861328,25.299999237060547,24.722999572753906,25.2810001373291,23447000
2017-08-04,19.46860694885254,24.91699981689453,25.097000122070312,24.812000274658203,25.073999404907227,13454000
2017-08-07,19.72410011291504,25.243999481201172,25.288999557495117,24.889999389648438,24.93899917602539,18730000
2017-08-08,19.63971710205078,25.13599967956543,25.429000854492188,25.04199981689453,25.197999954223633,20439000
2017-08-09,19.46860694885254,24.91699981689453,25.035999298095703,24.75200080871582,24.952999114990234,21256000
2017-08-10,18.807594299316406,24.070999145507812,24.700000762939453,24.04599952697754,24.666000366210938,29033000
2017-08-11,19.07793617248535,24.41699981689453,24.52400016784668,23.8700008392334,24.0049991607666,16976000
2017-08-14,19.604557037353516,25.090999603271484,25.125,24.600000381469727,24.68600082397461,16736000
2017-08-15,19.821765899658203,25.368999481201172,25.4060001373291,25.12700080871582,25.312000274658203,20942000
2017-08-16,19.80067253112793,25.341999053955078,25.474000930786133,25.180999755859375,25.43199920654297,15394000
2017-08-17,19.295154571533203,24.69499969482422,25.424999237060547,24.665000915527344,25.299999237060547,22793000
2017-08-18,19.484233856201172,24.937000274658203,25.148000717163086,24.613000869750977,24.732999801635742,20126000
2017-08-21,19.503768920898438,24.961999893188477,25.18899917602539,24.618000030517578,25.18899917602539,20693000
2017-08-22,19.938974380493164,25.518999099731445,25.618999481201172,25.100000381469727,25.183000564575195,26917000
2017-08-23,20.074138641357422,25.691999435424805,25.891000747680664,25.339000701904297,25.392000198364258,27928000
2017-08-24,19.92803955078125,25.5049991607666,25.93600082397461,25.110000610351562,25.867000579833984,52119000
2017-08-25,19.188886642456055,24.55900001525879,25.440000534057617,24.378000259399414,25.225000381469727,69099000
2017-08-28,19.006061553955078,24.325000762939453,24.763999938964844,24.25,24.70400047302246,34174000
2017-08-29,18.887287139892578,24.17300033569336,24.45800018310547,24.003000259399414,24.128999710083008,33536000
2017-08-30,19.222482681274414,24.601999282836914,24.634000778198242,24.08799934387207,24.1560001373291,21924000
2017-08-31,19.6951961517334,25.207000732421875,25.253000259399414,24.55500030517578,24.66200065612793,29491000
2017-09-01,19.746768951416016,25.273000717163086,25.534000396728516,25.229999542236328,25.232999801635742,23242000
2017-09-05,19.4592342376709,24.905000686645508,25.273000717163086,24.70199966430664,25.011999130249023,24306000
2017-09-06,19.48501205444336,24.937999725341797,25.131000518798828,24.770000457763672,25.06100082397461,13996000
2017-09-07,19.263898849487305,24.655000686645508,25.0,24.613000869750977,24.979000091552734,16088000
2017-09-08,19.0732421875,24.410999298095703,24.639999389648438,24.309999465942383,24.591999053955078,18094000
2017-09-11,19.356876373291016,24.77400016784668,24.823999404907227,24.60099983215332,24.70800018310547,16878000
2017-09-12,19.30999183654785,24.714000701904297,24.974000930786133,24.549999237060547,24.965999603271484,18396000
2017-09-13,19.23967170715332,24.624000549316406,24.791000366210938,24.514999389648438,24.582000732421875,29664000
2017-09-14,19.295154571533203,24.69499969482422,24.750999450683594,24.323999404907227,24.461999893188477,28645000
2017-09-15,19.576435089111328,25.05500030517578,25.118999481201172,24.51099967956543,24.76300048828125,50066000
2017-09-18,19.59918785095215,24.98200035095215,25.283000946044922,24.861000061035156,25.104999542236328,25743000
2017-09-19,19.594478607177734,24.97599983215332,25.184999465942383,24.83300018310547,25.117000579833984,22088000
2017-09-20,19.05707550048828,24.291000366210938,24.988000869750977,23.785999298095703,24.974000930786133,57010000
2017-09-21,18.858577728271484,24.038000106811523,24.270000457763672,23.81800079345703,24.246000289916992,28620000
2017-09-22,18.769145965576172,23.923999786376953,24.075000762939453,23.812000274658203,23.833999633789062,23100000
2017-09-25,18.476516723632812,23.551000595092773,23.7810001373291,23.152999877929688,23.7189998626709,38692000
2017-09-26,18.614593505859375,23.726999282836914,23.9950008392334,23.5310001373291,23.788000106811523,39010000
2017-09-27,18.874279022216797,24.058000564575195,24.267000198364258,23.857999801635742,23.950000762939453,26489000
2017-09-28,19.059425354003906,24.29400062561035,24.336000442504883,23.950000762939453,23.951000213623047,21932000
2017-09-29,19.028043746948242,24.253999710083008,24.42799949645996,24.150999069213867,24.29400062561035,17319000
2017-10-02,18.865644454956055,24.047000885009766,24.5310001373291,23.975000381469727,24.5310001373291,19431000
2017-10-03,18.789546966552734,23.950000762939453,24.094999313354492,23.788999557495117,24.007999420166016,25611000
2017-10-04,18.985681533813477,24.200000762939453,24.232999801635742,23.750999450683594,23.878000259399414,23271000
2017-10-05,19.116695404052734,24.367000579833984,24.573999404907227,24.23699951171875,24.32699966430664,22811000
2017-10-06,19.279094696044922,24.573999404907227,24.575000762939453,24.030000686645508,24.030000686645508,17489000
2017-10-09,19.332443237304688,24.642000198364258,24.725000381469727,24.538999557495117,24.600000381469727,16551000
2017-10-10,19.2987060546875,24.599000930786133,24.81599998474121,24.304000854492188,24.753000259399414,15348000
2017-10-11,19.644685745239258,25.040000915527344,25.117000579833984,24.513999938964844,24.520999908447266,26603000
2017-10-12,19.514450073242188,24.874000549316406,25.128000259399414,24.827999114990234,25.04199981689453,20067000
2017-10-13,19.453250885009766,24.79599952697754,25.083999633789062,24.746999740600586,25.014999389648438,15257000
2017-10-16,19.35205078125,24.66699981689453,24.94700050354004,24.562000274658203,24.857999801635742,14899000
2017-10-17,19.034320831298828,24.261999130249023,24.5939998626709,24.233999252319336,24.583999633789062,26965000
2017-10-18,19.142578125,24.399999618530273,24.461000442504883,23.979999542236328,24.33300018310547,19905000
2017-10-19,19.165342330932617,24.429000854492188,24.437000274658203,23.836000442504883,24.082000732421875,25844000
2017-10-20,19.161409378051758,24.423999786376953,24.700000762939453,24.375999450683594,24.695999145507812,23548000
2017-10-23,19.16376495361328,24.427000045776367,24.565000534057617,24.270999908447266,24.51799964904785,23418000
2017-10-24,19.431291580200195,24.76799964904785,24.81399917602539,24.410999298095703,24.506999969482422,22887000
2017-10-25,19.285375595092773,24.582000732421875,24.89299964904785,24.42300033569336,24.58799934387207,20955000
2017-10-26,19.123754501342773,24.375999450683594,24.78499984741211,24.375999450683594,24.726999282836914,24446000
2017-10-27,19.840822219848633,25.290000915527344,25.298999786376953,24.27899932861328,24.457000732421875,44753000
2017-10-30,20.494333267211914,26.12299919128418,26.219999313354492,25.32699966430664,25.329999923706055,50202000
2017-10-31,20.70458984375,26.391000747680664,26.670000076293945,26.1299991607666,26.25,32845000
2017-11-01,20.34213638305664,25.929000854492188,26.56399917602539,25.68899917602539,26.423999786376953,27333000
2017-11-02,20.358610153198242,25.950000762939453,26.464000701904297,24.886999130249023,26.216999053955078,67196000
2017-11-03,21.4671573638916,27.363000869750977,27.799999237060547,25.711000442504883,26.402999877929688,120503000
2017-11-06,21.7723331451416,27.75200080871582,28.18000030517578,27.003000259399414,27.829999923706055,78088000
2017-11-07,21.28592872619629,27.131999969482422,27.450000762939453,26.753999710083008,27.253999710083008,36789000
2017-11-08,21.37065887451172,27.239999771118164,27.381999969482422,26.724000930786133,26.933000564575195,30254000
2017-11-09,20.840309143066406,26.56399917602539,27.040000915527344,26.25,26.86400032043457,30980000
2017-11-10,20.786962509155273,26.496000289916992,26.663999557495117,26.360000610351562,26.57900047302246,20338000
2017-11-13,20.79088592529297,26.500999450683594,26.597999572753906,26.155000686645508,26.25,28064000
2017-11-14,20.653594970703125,26.326000213623047,26.558000564575195,26.125999450683594,26.329999923706055,19718000
2017-11-15,20.837173461914062,26.559999465942383,26.700000762939453,25.80299949645996,26.229999542236328,29032000
2017-11-16,21.347898483276367,27.211000442504883,27.46500015258789,26.611000061035156,26.68000030517578,31000000
2017-11-17,21.328290939331055,27.18600082397461,27.211000442504883,26.843000411987305,27.177000045776367,24069000
2017-11-20,21.565217971801758,27.488000869750977,27.674999237060547,27.138999938964844,27.261999130249023,28639000
2017-11-21,21.699373245239258,27.659000396728516,27.820999145507812,27.490999221801758,27.610000610351562,20903000
2017-11-22,21.60366439819336,27.53700065612793,27.770999908447266,27.41699981689453,27.70199966430664,18642000
2017-11-24,22.15361976623535,28.238000869750977,28.298999786376953,27.650999069213867,27.66699981689453,11572000
2017-11-27,22.3293514251709,28.461999893188477,28.56800079345703,27.976999282836914,28.025999069213867,26230000
2017-11-28,21.76291847229004,27.739999771118164,28.489999771118164,27.68400001525879,28.486000061035156,26796000
2017-11-29,21.300046920776367,27.149999618530273,27.81399917602539,26.48699951171875,27.799999237060547,47231000
2017-11-30,21.80528450012207,27.79400062561035,27.834999084472656,27.009000778198242,27.17799949645996,31452000
2017-12-01,21.30475425720215,27.1560001373291,27.551000595092773,26.405000686645508,27.520999908447266,47729000
2017-12-04,20.681049346923828,26.361000061035156,27.45199966430664,26.013999938964844,27.391000747680664,48439000
2017-12-05,20.527286529541016,26.165000915527344,26.61199951171875,26.045000076293945,26.266000747680664,38117000
2017-12-06,20.70301628112793,26.388999938964844,26.441999435424805,25.420000076293945,25.882999420166016,48751000
2017-12-07,20.70301628112793,26.388999938964844,27.56999969482422,26.16699981689453,27.48900032043457,79282000
2017-12-08,20.390775680541992,25.990999221801758,26.694000244140625,25.93000030517578,26.57699966430664,41848000
2017-12-11,20.393917083740234,25.9950008392334,26.354999542236328,25.878999710083008,25.93400001525879,34941000
2017-12-12,20.295848846435547,25.8700008392334,26.08799934387207,25.57200050354004,25.93600082397461,28541000
2017-12-13,20.55709457397461,26.202999114990234,26.32900047302246,26.01799964904785,26.041000366210938,26943000
2017-12-14,20.346059799194336,25.93400001525879,26.299999237060547,25.670000076293945,26.233999252319336,37595000
2017-12-15,20.847373962402344,26.572999954223633,26.600000381469727,25.826000213623047,26.165000915527344,45091000
2017-12-18,20.8797550201416,26.43899917602539,26.650999069213867,26.259000778198242,26.408000946044922,29786000
2017-12-19,20.82526206970215,26.3700008392334,26.52899932861328,26.12700080871582,26.329999923706055,19094000
2017-12-20,20.978466033935547,26.56399917602539,26.635000228881836,26.277999877929688,26.61400032043457,19845000
2017-12-21,20.65389060974121,26.152999877929688,26.625,26.10700035095215,26.594999313354492,17758000
2017-12-22,20.718647003173828,26.235000610351562,26.336999893188477,25.8700008392334,26.18199920654297,14617000
2017-12-26,20.383010864257812,25.809999465942383,26.235000610351562,25.339000701904297,25.722999572753906,22256000
2017-12-27,20.463563919067383,25.91200065612793,26.160999298095703,25.850000381469727,25.884000778198242,35615000
2017-12-28,20.566232681274414,26.04199981689453,26.079999923706055,25.854999542236328,26.016000747680664,13641000
2017-12-29,20.288240432739258,25.690000534057617,26.19499969482422,25.663999557495117,25.976999282836914,17980000
2018-01-02,21.08665657043457,26.701000213623047,26.75,25.756999969482422,25.976999282836914,33135000
2018-01-03,21.317264556884766,26.993000030517578,27.072999954223633,26.60300064086914,26.729000091552734,31161000
2018-01-04,21.32437515258789,27.00200080871582,27.176000595092773,26.843000411987305,27.159000396728516,19067000
2018-01-05,21.450729370117188,27.16200065612793,27.426000595092773,26.94499969482422,27.19700050354004,28633000
2018-01-08,21.502065658569336,27.226999282836914,27.2549991607666,26.9060001373291,27.091999053955078,20971000
2018-01-09,21.204330444335938,26.850000381469727,27.385000228881836,26.819000244140625,27.305999755859375,26027000
2018-01-10,20.75655174255371,26.283000946044922,26.61400032043457,26.072999954223633,26.597999572753906,31607000
2018-01-11,20.809465408325195,26.350000381469727,26.385000228881836,26.155000686645508,26.35700035095215,17726000
2018-01-12,20.871854782104492,26.429000854492188,26.531999588012695,26.201000213623047,26.339000701904297,19881000
2018-01-16,20.789724349975586,26.325000762939453,26.700000762939453,26.166000366210938,26.51799964904785,33528000
2018-01-17,20.991893768310547,26.58099937438965,26.652999877929688,26.04599952697754,26.54800033569336,37365000
2018-01-18,21.306997299194336,26.979999542236328,27.006000518798828,26.447999954223633,26.54599952697754,30319000
2018-01-19,21.037696838378906,26.638999938964844,26.944000244140625,26.60700035095215,26.915000915527344,29963000
2018-01-22,20.699695587158203,26.211000442504883,26.677000045776367,26.062000274658203,26.565000534057617,27230000
2018-01-23,20.762081146240234,26.290000915527344,26.44099998474121,25.81100082397461,26.173999786376953,35398000
2018-01-24,20.285078048706055,25.68600082397461,26.32699966430664,25.600000381469727,26.097000122070312,45405000
2018-01-25,19.529306411743164,24.729000091552734,25.784000396728516,24.700000762939453,25.77400016784668,59520000
2018-01-26,19.805713653564453,25.07900047302246,25.094999313354492,24.52400016784668,24.941999435424805,49014000
2018-01-29,19.385581970214844,24.547000885009766,24.948999404907227,24.349000930786133,24.827999114990234,50401000
2018-01-30,19.030988693237305,24.097999572753906,24.503000259399414,23.701000213623047,24.125,46002000
2018-01-31,19.587749481201172,24.80299949645996,25.31399917602539,24.486000061035156,25.0,80482000
2018-02-01,18.858034133911133,23.878999710083008,24.59000015258789,23.809999465942383,24.172000885009766,66851000
2018-02-02,18.596635818481445,23.54800033569336,23.79599952697754,23.409000396728516,23.677000045776367,58352000
2018-02-05,18.013809204101562,22.809999465942383,24.399999618530273,22.760000228881836,23.468000411987305,70776000
2018-02-06,18.983596801757812,24.038000106811523,24.040000915527344,22.489999771118164,22.562000274658203,77744000
2018-02-07,18.746688842773438,23.738000869750977,24.309999465942383,23.700000762939453,23.875999450683594,40475000
2018-02-08,18.129905700683594,22.957000732421875,23.851999282836914,22.951000213623047,23.73900032043457,43200000
2018-02-09,18.598209381103516,23.549999237060547,23.711999893188477,22.625,23.27899932861328,43282000
2018-02-12,19.30107879638672,24.440000534057617,24.54800033569336,23.75,23.785999298095703,35063000
2018-02-13,19.416379928588867,24.586000442504883,24.60300064086914,24.006000518798828,24.10099983215332,23719000
2018-02-14,19.558528900146484,24.766000747680664,24.864999771118164,24.347999572753906,24.5,25491000
2018-02-15,19.88784408569336,25.183000564575195,25.18400001525879,24.44300079345703,24.92799949645996,25540000
2018-02-16,19.65566635131836,24.888999938964844,25.23699951171875,24.804000854492188,25.12700080871582,32639000
2018-02-20,19.713319778442383,24.961999893188477,25.573999404907227,24.75200080871582,24.875,41693000
2018-02-21,19.634342193603516,24.86199951171875,25.347000122070312,24.844999313354492,25.249000549316406,28156000
2018-02-22,19.691997528076172,24.934999465942383,25.309999465942383,24.82699966430664,24.91200065612793,19342000
2018-02-23,20.036319732666016,25.371000289916992,25.503000259399414,25.02899932861328,25.214000701904297,18280000
2018-02-26,19.976301193237305,25.295000076293945,25.444000244140625,25.100000381469727,25.195999145507812,28878000
2018-02-27,19.88627052307129,25.180999755859375,25.566999435424805,25.167999267578125,25.208999633789062,21176000
2018-02-28,19.463760375976562,24.645999908447266,25.448999404907227,24.597999572753906,25.408000946044922,28834000
2018-03-01,19.214996337890625,24.33099937438965,24.91200065612793,24.131000518798828,24.586000442504883,26044000
2018-03-02,19.812034606933594,25.086999893188477,25.118000030517578,24.023000717163086,24.042999267578125,27402000
2018-03-05,19.50482940673828,24.697999954223633,25.134000778198242,24.341999053955078,24.989999771118164,25900000
2018-03-06,19.819141387939453,25.09600067138672,25.1299991607666,24.73200035095215,24.930999755859375,30030000
2018-03-07,19.51035499572754,24.704999923706055,24.940000534057617,24.433000564575195,24.868999481201172,31549000
2018-03-08,19.502458572387695,24.69499969482422,24.829999923706055,24.591999053955078,24.826000213623047,33554000
2018-03-09,20.04184913635254,25.378000259399414,25.42799949645996,24.76300048828125,24.857999801635742,30782000
2018-03-12,20.757341384887695,26.284000396728516,26.43000030517578,25.961999893188477,26.065000534057617,53881000
2018-03-13,20.629411697387695,26.121999740600586,27.385000228881836,26.023000717163086,26.64299964904785,66855000
2018-03-14,20.579654693603516,26.05900001525879,26.233999252319336,25.514999389648438,26.200000762939453,39619000
2018-03-15,21.145891189575195,26.775999069213867,26.889999389648438,26.350000381469727,26.37299919128418,57990000
2018-03-16,20.127925872802734,25.48699951171875,26.360000610351562,25.44099998474121,26.299999237060547,113955000
2018-03-19,19.344512939453125,24.4950008392334,25.64900016784668,24.277000427246094,25.309999465942383,71267000
2018-03-20,19.139968872070312,24.236000061035156,24.80500030517578,24.128000259399414,24.510000228881836,61918000
2018-03-21,19.71210479736328,24.600000381469727,25.05900001525879,24.006000518798828,24.058000564575195,54912000
2018-03-22,19.51738929748535,24.35700035095215,24.672000885009766,24.149999618530273,24.202999114990234,43078000
2018-03-23,19.430042266845703,24.24799919128418,24.52199935913086,24.041000366210938,24.33799934387207,59070000
2018-03-26,19.850727081298828,24.773000717163086,24.882999420166016,24.051000595092773,24.767000198364258,48713000
2018-03-27,19.581491470336914,24.437000274658203,25.424999237060547,24.15999984741211,24.808000564575195,63917000
2018-03-28,18.965280532836914,23.667999267578125,24.69300079345703,23.559999465942383,24.408000946044922,41744000
2018-03-29,18.882749557495117,23.565000534057617,24.083999633789062,23.47599983215332,23.80900001525879,46874000
2018-04-02,18.244112014770508,22.76799964904785,23.61199951171875,22.54400062561035,23.395000457763672,53088000
2018-04-03,18.973297119140625,23.67799949645996,23.697999954223633,22.72100067138672,23.086000442504883,45569000
2018-04-04,18.99012565612793,23.698999404907227,23.79199981689453,22.950000762939453,23.0049991607666,37720000
2018-04-05,18.935640335083008,23.631000518798828,24.167999267578125,23.5,24.076000213623047,35798000
2018-04-06,18.339468002319336,22.886999130249023,23.65399932861328,22.775999069213867,23.37299919128418,30248000
2018-04-09,18.809833526611328,23.474000930786133,23.965999603271484,22.926000595092773,22.99799919128418,37494000
2018-04-10,19.211284637451172,23.975000381469727,24.1560001373291,23.766000747680664,23.95599937438965,33244000
2018-04-11,19.2569637298584,24.031999588012695,24.07200050354004,23.70800018310547,23.812000274658203,19922000
2018-04-12,19.185644149780273,23.94300079345703,24.263999938964844,23.709999084472656,24.14299964904785,41036000
2018-04-13,19.787424087524414,24.694000244140625,25.200000762939453,24.489999771118164,25.0,48312000
2018-04-16,19.982145309448242,24.937000274658203,24.98900032043457,24.56800079345703,24.909000396728516,25172000
2018-04-17,20.17205238342285,25.173999786376953,25.28499984741211,24.964000701904297,25.089000701904297,25084000
2018-04-18,19.999773025512695,24.958999633789062,25.16699981689453,24.746000289916992,25.100000381469727,20511000
2018-04-19,19.460485458374023,24.285999298095703,24.628000259399414,24.06599998474121,24.354000091552734,50141000
2018-04-20,19.000539779663086,23.711999893188477,24.15999984741211,23.500999450683594,24.121999740600586,41530000
2018-04-23,18.706464767456055,23.344999313354492,23.832000732421875,23.211999893188477,23.798999786376953,31337000
2018-04-24,18.301002502441406,22.839000701904297,23.61199951171875,22.66900062561035,23.573999404907227,44889000
2018-04-25,18.349884033203125,22.899999618530273,23.110000610351562,22.586000442504883,22.899999618530273,34023000
2018-04-26,18.463666915893555,23.04199981689453,23.187999725341797,22.829999923706055,23.100000381469727,32751000
2018-04-27,18.652772903442383,23.277999877929688,23.420000076293945,23.06999969482422,23.35700035095215,27211000
2018-04-30,18.38353729248047,22.941999435424805,23.41200065612793,22.832000732421875,23.257999420166016,39682000
2018-05-01,18.460464477539062,23.038000106811523,23.084999084472656,22.63599967956543,23.084999084472656,44947000
2018-05-02,18.329051971435547,22.874000549316406,23.3439998626709,22.68000030517578,23.329999923706055,52950000
2018-05-03,18.049392700195312,22.524999618530273,22.788000106811523,22.26799964904785,22.64900016784668,58011000
2018-05-04,18.4716854095459,23.052000045776367,23.208999633789062,22.197999954223633,22.364999771118164,51303000
2018-05-07,18.908395767211914,23.597000122070312,23.690000534057617,23.100000381469727,23.1299991607666,36953000
2018-05-08,19.1391658782959,23.885000228881836,23.895999908447266,23.48200035095215,23.573999404907227,40149000
2018-05-09,19.07506561279297,23.80500030517578,23.913000106811523,23.405000686645508,23.579999923706055,35031000
2018-05-10,19.512577056884766,24.35099983215332,24.37299919128418,23.861000061035156,23.972999572753906,25747000
2018-05-11,19.502159118652344,24.33799934387207,24.450000762939453,24.15999984741211,24.308000564575195,24052000
2018-05-14,19.61273956298828,24.47599983215332,24.841999053955078,24.3799991607666,24.628000259399414,27580000
2018-05-15,19.357925415039062,24.158000946044922,24.444000244140625,23.850000381469727,24.231000900268555,24984000
2018-05-16,19.27218246459961,24.051000595092773,24.22100067138672,23.89900016784668,24.214000701904297,29330000
2018-05-17,19.18724822998047,23.94499969482422,24.166000366210938,23.799999237060547,23.812000274658203,22825000
2018-05-18,18.90999984741211,23.599000930786133,24.062000274658203,23.58799934387207,23.986000061035156,25262000
2018-05-21,19.155197143554688,23.905000686645508,24.049999237060547,23.66699981689453,23.945999145507812,25720000
2018-05-22,19.11031723022461,23.849000930786133,24.136999130249023,23.757999420166016,24.02400016784668,19218000
2018-05-23,19.276193618774414,24.055999755859375,24.062999725341797,23.60300064086914,23.62299919128418,23454000
2018-05-24,19.514179229736328,24.35300064086914,24.43600082397461,24.0,24.086000442504883,22799000
2018-05-25,20.0350284576416,25.003000259399414,25.06800079345703,24.40399932861328,24.40399932861328,32214000
2018-05-29,20.007787704467773,24.9689998626709,25.111000061035156,24.847000122070312,24.86400032043457,28281000
2018-05-30,19.984546661376953,24.940000534057617,25.202999114990234,24.933000564575195,25.118000030517578,26844000
2018-05-31,20.1984920501709,25.207000732421875,25.52899932861328,24.899999618530273,24.926000595092773,34698000
2018-06-01,20.540653228759766,25.634000778198242,25.770000457763672,25.253999710083008,25.437000274658203,26360000
2018-06-04,20.70331382751465,25.836999893188477,25.93600082397461,25.62299919128418,25.799999237060547,25886000
2018-06-05,20.77463150024414,25.926000595092773,26.135000228881836,25.804000854492188,25.945999145507812,42374000
2018-06-06,21.11598777770996,26.351999282836914,26.378000259399414,25.97100067138672,26.073999404907227,37465000
2018-06-07,21.208946228027344,26.468000411987305,26.648000717163086,26.29199981689453,26.299999237060547,46077000
2018-06-08,20.671266555786133,25.797000885009766,25.993000030517578,25.374000549316406,25.673999786376953,73694000
2018-06-11,20.900432586669922,26.08300018310547,26.18000030517578,25.631999969482422,25.785999298095703,31859000
2018-06-12,20.948516845703125,26.14299964904785,26.17300033569336,25.84000015258789,26.033000946044922,27594000
2018-06-13,21.12079429626465,26.357999801635742,26.60700035095215,26.070999145507812,26.176000595092773,34868000
2018-06-14,21.511829376220703,26.84600067138672,26.906999588012695,26.40999984741211,26.5,37042000
2018-06-15,21.653663635253906,27.023000717163086,27.180999755859375,26.632999420166016,27.003999710083008,60969000
2018-06-18,21.194522857666016,26.450000762939453,26.899999618530273,26.42300033569336,26.899999618530273,30191000
2018-06-19,21.19045639038086,26.094999313354492,26.113000869750977,25.415000915527344,25.600000381469727,36221000
2018-06-20,21.212383270263672,26.121999740600586,26.402000427246094,26.073999404907227,26.149999618530273,24951000
2018-06-21,21.08488655090332,25.96500015258789,26.256999969482422,25.8439998626709,26.158000946044922,18186000
2018-06-22,21.089763641357422,25.97100067138672,26.149999618530273,25.895999908447266,26.118000030517578,52412000
2018-06-25,20.497779846191406,25.242000579833984,25.642000198364258,25.042999267578125,25.642000198364258,29705000
2018-06-26,20.42631721496582,25.15399932861328,25.461000442504883,25.05500030517578,25.299999237060547,24233000
2018-06-27,20.066577911376953,24.711000442504883,25.516000747680664,24.684999465942383,25.208999633789062,24720000
2018-06-28,19.887109756469727,24.489999771118164,24.73200035095215,24.226999282836914,24.628000259399414,33238000
2018-06-29,19.703588485717773,24.263999938964844,24.69499969482422,24.256999969482422,24.69499969482422,42794000
2018-07-02,19.655681610107422,24.204999923706055,24.222000122070312,23.742000579833984,24.009000778198242,33369000
2018-07-03,19.431556701660156,23.929000854492188,24.339000701904297,23.899999618530273,24.336000442504883,11591000
2018-07-05,19.927719116210938,24.540000915527344,24.56100082397461,24.06800079345703,24.179000854492188,25299000
2018-07-06,20.112865447998047,24.76799964904785,24.860000610351562,24.441999435424805,24.489999771118164,23112000
2018-07-09,20.092561721801758,24.743000030517578,24.92300033569336,24.55299949645996,24.899999618530273,17955000
2018-07-10,20.346738815307617,25.055999755859375,25.18000030517578,24.704999923706055,24.833999633789062,16413000
2018-07-11,19.768550872802734,24.3439998626709,24.753999710083008,24.26099967956543,24.4950008392334,35761000
2018-07-12,17.051433563232422,20.99799919128418,21.027999877929688,19.746000289916992,20.70800018310547,435083000
2018-07-13,16.440773010253906,20.246000289916992,21.399999618530273,20.190000534057617,21.25,161678000
2018-07-16,16.504924774169922,20.325000762939453,20.63800048828125,20.05299949645996,20.15999984741211,102277000
2018-07-17,16.915821075439453,20.83099937438965,20.909000396728516,20.201000213623047,20.22100067138672,110827000
2018-07-18,16.953990936279297,20.878000259399414,20.988000869750977,20.663000106811523,20.722000122070312,80834000
2018-07-19,17.083099365234375,21.03700065612793,21.148000717163086,20.804000854492188,20.82900047302246,63247000
2018-07-20,17.07986068725586,21.033000946044922,21.121000289916992,20.875999450683594,21.010000228881836,62893000
2018-07-23,17.598758697509766,21.672000885009766,21.86400032043457,21.040000915527344,21.041000366210938,82211000
2018-07-24,17.64910316467285,21.733999252319336,22.038999557495117,21.600000381469727,21.780000686645508,81158000
2018-07-25,18.34990692138672,22.597000122070312,22.864999771118164,21.770999908447266,21.770999908447266,92271000
2018-07-26,18.123342514038086,22.31800079345703,22.976999282836914,22.156999588012695,22.649999618530273,85069000
2018-07-27,17.95037269592285,22.104999542236328,22.929000854492188,22.006999969482422,22.400999069213867,79443000
2018-07-30,18.28656005859375,22.518999099731445,22.802000045776367,22.104999542236328,22.111000061035156,75275000
2018-07-31,18.00884437561035,22.177000045776367,22.884000778198242,22.15399932861328,22.667999267578125,63860000
2018-08-01,17.60525131225586,21.68000030517578,22.393999099731445,21.6200008392334,22.326000213623047,42669000
2018-08-02,17.568714141845703,21.635000228881836,21.826000213623047,21.325000762939453,21.427000045776367,40312000
2018-08-03,17.687274932861328,21.7810001373291,21.799999237060547,21.440000534057617,21.575000762939453,24832000
2018-08-06,17.617435455322266,21.69499969482422,21.83099937438965,21.586000442504883,21.663000106811523,22638000
2018-08-07,17.890283584594727,22.0310001373291,22.18400001525879,21.714000701904297,21.922000885009766,29798000
2018-08-08,17.821256637573242,21.945999145507812,22.12299919128418,21.895000457763672,22.054000854492188,15801000
2018-08-09,17.58738899230957,21.658000946044922,22.024999618530273,21.5939998626709,22.014999389648438,27563000
2018-08-10,17.234140396118164,21.222999572753906,21.447999954223633,21.04599952697754,21.2810001373291,37017000
2018-08-13,17.140758514404297,21.107999801635742,21.398000717163086,21.045000076293945,21.165000915527344,29842000
2018-08-14,16.83380699157715,20.729999542236328,21.158000946044922,20.68400001525879,21.158000946044922,36327000
2018-08-15,16.77533721923828,20.658000946044922,20.757999420166016,20.277000427246094,20.51300048828125,41132000
2018-08-16,16.946678161621094,20.868999481201172,20.88599967956543,20.66900062561035,20.777000427246094,29239000
2018-08-17,16.99378204345703,20.927000045776367,21.118999481201172,20.551000595092773,20.797000885009766,39093000
2018-08-20,16.786710739135742,20.672000885009766,21.0,20.586000442504883,20.947999954223633,54489000
2018-08-21,17.094472885131836,21.051000595092773,21.143999099731445,20.711000442504883,20.75200080871582,29952000
2018-08-22,16.853290557861328,20.753999710083008,21.17099952697754,20.743000030517578,21.045000076293945,26890000
2018-08-23,16.694948196411133,20.55900001525879,20.908000946044922,20.527999877929688,20.773000717163086,35578000
2018-08-24,16.97185516357422,20.899999618530273,20.927000045776367,20.468000411987305,20.635000228881836,20541000
2018-08-27,17.294235229492188,21.297000885009766,21.437000274658203,20.863000869750977,21.024999618530273,28213000
2018-08-28,17.41279411315918,21.44300079345703,21.59600067138672,21.256999969482422,21.46299934387207,24340000
2018-08-29,17.458271026611328,21.499000549316406,21.579999923706055,21.344999313354492,21.481000900268555,18125000
2018-08-30,17.59307289123535,21.665000915527344,21.694000244140625,21.461000442504883,21.496999740600586,26529000
2018-08-31,17.78634262084961,21.902999877929688,21.93199920654297,21.584999084472656,21.60300064086914,27623000
2018-09-04,17.818822860717773,21.94300079345703,22.02899932861328,21.71299934387207,21.858999252319336,36663000
2018-09-05,17.98042106628418,22.142000198364258,22.18000030517578,21.95800018310547,21.9950008392334,37194000
2018-09-06,17.537857055664062,21.597000122070312,22.281999588012695,21.392000198364258,22.149999618530273,62509000
2018-09-07,18.886669158935547,23.257999420166016,23.541000366210938,22.399999618530273,22.420000076293945,104703000
2018-09-10,19.538747787475586,24.06100082397461,24.094999313354492,23.204999923706055,23.465999603271484,60880000
2018-09-11,18.884235382080078,23.2549991607666,23.969999313354492,23.040000915527344,23.770000457763672,60755000
2018-09-12,18.668230056762695,22.98900032043457,23.084999084472656,22.283000946044922,22.809999465942383,53077000
2018-09-13,19.11728858947754,23.54199981689453,23.922000885009766,23.11199951171875,23.368999481201172,43757000
2018-09-14,19.19200325012207,23.634000778198242,23.708999633789062,23.368999481201172,23.516000747680664,28095000
2018-09-17,19.069381713867188,23.482999801635742,24.030000686645508,23.430999755859375,24.0,36739000
2018-09-18,19.61345100402832,23.972999572753906,24.139999389648438,23.48699951171875,23.5,50511000
2018-09-19,19.781984329223633,24.179000854492188,24.249000549316406,23.976999282836914,24.047000885009766,31160000
2018-09-20,20.03888702392578,24.493000030517578,24.604000091552734,24.172000885009766,24.298999786376953,39986000
2018-09-21,20.298242568969727,24.809999465942383,24.87700080871582,24.51799964904785,24.632999420166016,135321000
2018-09-24,20.408687591552734,24.94499969482422,25.010000228881836,24.731000900268555,24.80500030517578,45326000
2018-09-25,20.26142120361328,24.764999389648438,24.934999465942383,24.579999923706055,24.898000717163086,47037000
2018-09-26,20.079795837402344,24.542999267578125,24.80500030517578,24.479999542236328,24.56399917602539,33428000
2018-09-27,20.163238525390625,24.645000457763672,24.788000106811523,24.490999221801758,24.569000244140625,29572000
2018-09-28,20.1861515045166,24.67300033569336,24.69700050354004,24.385000228881836,24.554000854492188,26739000
2018-10-01,20.413599014282227,24.951000213623047,25.214000701904297,24.767000198364258,24.788000106811523,27709000
2018-10-02,20.298242568969727,24.809999465942383,25.17099952697754,24.79199981689453,24.913999557495117,24888000
2018-10-03,20.406230926513672,24.941999435424805,25.132999420166016,24.70400047302246,24.881000518798828,19607000
2018-10-04,20.303966522216797,24.816999435424805,24.972999572753906,24.6200008392334,24.666000366210938,25660000
2018-10-05,19.981618881225586,24.42300033569336,25.0049991607666,24.239999771118164,24.839000701904297,33860000
2018-10-08,19.747623443603516,24.136999130249023,24.54199981689453,24.038000106811523,24.33099937438965,33397000
2018-10-09,20.02006721496582,24.469999313354492,24.572999954223633,24.03700065612793,24.05900001525879,24675000
2018-10-10,18.967111587524414,23.183000564575195,24.506999969482422,23.163999557495117,24.292999267578125,56327000
2018-10-11,18.727394104003906,22.889999389648438,23.559999465942383,22.7189998626709,23.19700050354004,37424000
2018-10-12,19.058746337890625,23.295000076293945,23.566999435424805,22.910999298095703,23.47599983215332,32589000
2018-10-15,19.01947593688965,23.246999740600586,23.533000946044922,23.003999710083008,23.10300064086914,30099000
2018-10-16,19.498088836669922,23.832000732421875,23.875999450683594,23.417999267578125,23.600000381469727,30355000
2018-10-17,19.40400505065918,23.716999053955078,23.974000930786133,23.392000198364258,23.974000930786133,20262000
2018-10-18,18.655399322509766,22.802000045776367,23.68199920654297,22.652999877929688,23.542999267578125,37442000
2018-10-19,18.676666259765625,22.827999114990234,23.108999252319336,22.69300079345703,23.0,32231000
2018-10-22,18.70448875427246,22.86199951171875,23.243000030517578,22.804000854492188,23.055999755859375,25619000
2018-10-23,18.739662170410156,22.905000686645508,22.95400047302246,21.881999969482422,22.2810001373291,35990000
2018-10-24,17.893699645996094,21.871000289916992,22.641000747680664,21.784000396728516,22.639999389648438,37810000
2018-10-25,18.182514190673828,22.224000930786133,22.339000701904297,21.915000915527344,21.988000869750977,35193000
2018-10-26,17.43881607055664,21.315000534057617,21.733999252319336,20.920000076293945,21.55699920654297,53324000
2018-10-29,17.303821563720703,21.149999618530273,21.868999481201172,20.822999954223633,21.618999481201172,28636000
2018-10-30,18.081872940063477,22.10099983215332,22.1560001373291,21.100000381469727,21.378000259399414,29697000
2018-10-31,18.284778594970703,22.349000930786133,22.566999435424805,22.17099952697754,22.5,28146000
2018-11-01,18.807575225830078,22.988000869750977,23.42300033569336,22.371999740600586,22.516000747680664,36830000
2018-11-02,18.062238693237305,22.07699966430664,22.597000122070312,21.774999618530273,22.533000946044922,40241000
2018-11-05,18.006607055664062,22.009000778198242,22.110000610351562,21.371000289916992,21.902000427246094,27609000
2018-11-06,18.67421531677246,22.825000762939453,22.916000366210938,21.972000122070312,22.030000686645508,29464000
2018-11-07,19.177379608154297,23.440000534057617,23.52899932861328,22.92099952697754,23.198999404907227,29004000
2018-11-08,19.655986785888672,24.024999618530273,24.261999130249023,23.270999908447266,23.270999908447266,29796000
2018-11-09,19.55290985107422,23.89900016784668,23.902000427246094,23.253999710083008,23.5,33611000
2018-11-12,18.296228408813477,22.363000869750977,23.187000274658203,22.027999877929688,23.100000381469727,50306000
2018-11-13,18.394407272338867,22.482999801635742,22.98200035095215,22.23200035095215,22.548999786376953,26697000
2018-11-14,18.506494522094727,22.6200008392334,23.05299949645996,22.562000274658203,22.676000595092773,25411000
2018-11-15,19.33609962463379,23.634000778198242,23.930999755859375,22.586000442504883,22.621999740600586,36694000
2018-11-16,19.44000244140625,23.76099967956543,23.920000076293945,23.165000915527344,23.381999969482422,36005000
2018-11-19,18.7462158203125,22.913000106811523,24.107999801635742,22.854000091552734,23.652999877929688,35326000
2018-11-20,18.630029678344727,22.770999908447266,22.908000946044922,22.257999420166016,22.393999099731445,32123000
2018-11-21,18.8173885345459,23.0,23.33099937438965,22.750999450683594,23.02199935913086,19926000
2018-11-23,18.8092098236084,22.989999771118164,23.268999099731445,22.757999420166016,22.757999420166016,8066000
2018-11-26,19.251827239990234,23.5310001373291,23.815000534057617,23.155000686645508,23.422000885009766,28714000
2018-11-27,19.29436492919922,23.58300018310547,23.836999893188477,23.242000579833984,23.357999801635742,30406000
2018-11-28,19.244462966918945,23.52199935913086,23.799999237060547,23.16200065612793,23.649999618530273,31080000
2018-11-29,19.290281295776367,23.577999114990234,23.863000869750977,23.275999069213867,23.427000045776367,17920000
2018-11-30,19.423635482788086,23.740999221801758,23.827999114990234,23.339000701904297,23.540000915527344,40083000
2018-12-03,19.804899215698242,24.207000732421875,24.70400047302246,24.14699935913086,24.520000457763672,35241000
2018-12-04,18.98429298400879,23.20400047302246,24.113000869750977,23.158000946044922,24.048999786376953,36455000
2018-12-06,18.591583251953125,22.724000930786133,22.725000381469727,21.76099967956543,22.624000549316406,57859000
2018-12-07,18.69957733154297,22.856000900268555,23.827999114990234,22.450000762939453,23.405000686645508,78396000
2018-12-10,19.574172973632812,23.924999237060547,24.031999588012695,22.650999069213867,22.795000076293945,43344000
2018-12-11,20.195154190063477,24.68400001525879,25.034000396728516,24.341999053955078,24.34600067138672,57730000
2018-12-12,20.861120223999023,25.49799919128418,26.018999099731445,25.200000762939453,25.243999481201172,68703000
2018-12-13,21.13274383544922,25.829999923706055,26.149999618530273,25.45800018310547,25.84600067138672,54355000
2018-12-14,20.848852157592773,25.482999801635742,26.159000396728516,25.46299934387207,25.535999298095703,42727000
2018-12-17,20.791580200195312,25.413000106811523,26.131999969482422,25.308000564575195,25.39900016784668,56238000
2018-12-18,20.641935348510742,24.966999053955078,25.55900001525879,24.881000518798828,25.507999420166016,51849000
2018-12-19,20.164058685302734,24.388999938964844,25.593000411987305,24.25200080871582,24.899999618530273,59728000
2018-12-20,19.99871063232422,24.18899917602539,24.850000381469727,23.844999313354492,24.440000534057617,75365000
2018-12-21,20.24839210510254,24.490999221801758,25.173999786376953,24.18899917602539,24.18899917602539,102138000
2018-12-24,19.329853057861328,23.3799991607666,24.3700008392334,23.35099983215332,24.200000762939453,28494000
2018-12-26,20.515438079833984,24.81399917602539,24.850000381469727,23.350000381469727,23.777999877929688,36741000
2018-12-27,20.73949432373047,25.084999084472656,25.12299919128418,24.214000701904297,24.5,37507000
2018-12-28,20.966028213500977,25.358999252319336,25.805999755859375,25.115999221801758,25.299999237060547,28702000
2018-12-31,21.02307891845703,25.42799949645996,25.850000381469727,25.094999313354492,25.783000946044922,26590000
2019-01-02,20.959413528442383,25.35099983215332,25.469999313354492,24.64900016784668,24.885000228881836,30346000
2019-01-03,19.095046997070312,23.09600067138672,24.65399932861328,23.033000946044922,24.45599937438965,68580000
2019-01-04,19.282730102539062,23.322999954223633,23.645000457763672,23.16699981689453,23.429000854492188,54248000
2019-01-07,19.675443649291992,23.79800033569336,24.02400016784668,23.076000213623047,23.364999771118164,53433000
2019-01-08,19.517532348632812,23.60700035095215,24.190000534057617,23.336999893188477,24.01099967956543,36795000
2019-01-09,20.36166000366211,24.628000259399414,24.667999267578125,23.78499984741211,23.841999053955078,52971000
2019-01-10,20.629539489746094,24.95199966430664,25.05699920654297,24.43600082397461,24.55699920654297,29594000
2019-01-11,20.716346740722656,25.05699920654297,25.29199981689453,24.93199920654297,24.94300079345703,20158000
2019-01-14,20.74114990234375,25.086999893188477,25.158000946044922,24.59000015258789,24.81100082397461,25498000
2019-01-15,21.20578956604004,25.64900016784668,26.222000122070312,25.201000213623047,25.275999069213867,39247000
2019-01-16,20.809768676757812,25.170000076293945,25.735000610351562,25.13599967956543,25.719999313354492,24484000
2019-01-17,21.10988426208496,25.533000946044922,25.735000610351562,24.871999740600586,25.006000518798828,35154000
2019-01-18,21.56378173828125,26.082000732421875,26.194000244140625,25.700000762939453,25.913000106811523,34634000
2019-01-22,21.35460662841797,25.82900047302246,25.945999145507812,25.489999771118164,25.799999237060547,37156000
2019-01-23,21.290950775146484,25.75200080871582,26.090999603271484,25.364999771118164,25.95400047302246,31771000
2019-01-24,21.789491653442383,26.354999542236328,26.674999237060547,26.0,26.108999252319336,35999000
2019-01-25,22.15243911743164,26.79400062561035,26.83099937438965,26.090999603271484,26.517000198364258,30333000
2019-01-28,22.125980377197266,26.761999130249023,26.885000228881836,25.864999771118164,26.1560001373291,31320000
2019-01-29,22.018505096435547,26.631999969482422,26.760000228881836,26.382999420166016,26.735000610351562,27870000
2019-01-30,22.390548706054688,27.082000732421875,27.375,26.73699951171875,27.0,28727000
2019-01-31,22.178071975708008,26.825000762939453,27.100000381469727,26.635000228881836,27.055999755859375,21063000
2019-02-01,22.059022903442383,26.680999755859375,26.959999084472656,26.48900032043457,26.915000915527344,22878000
2019-02-04,22.49803352355957,27.211999893188477,27.214000701904297,26.4950008392334,26.75,20761000
2019-02-05,22.322757720947266,27.0,27.46299934387207,26.990999221801758,27.195999145507812,22619000
2019-02-06,22.836183547973633,27.621000289916992,28.0,27.274999618530273,27.32699966430664,27064000
2019-02-07,22.247522354125977,26.909000396728516,27.457000732421875,26.6299991607666,27.285999298095703,28646000
2019-02-08,22.658422470092773,27.4060001373291,27.429000854492188,26.70599937438965,26.732999801635742,23903000
2019-02-11,22.795665740966797,27.57200050354004,27.600000381469727,27.327999114990234,27.440000534057617,18012000
2019-02-12,23.099092483520508,27.93899917602539,28.038999557495117,27.70599937438965,27.864999771118164,19809000
2019-02-13,23.258657455444336,28.131999969482422,28.215999603271484,27.797000885009766,28.0,19190000
2019-02-14,23.273542404174805,28.149999618530273,28.284000396728516,27.895000457763672,28.059999465942383,16015000
2019-02-15,23.30909538269043,28.19300079345703,28.409000396728516,27.878999710083008,28.409000396728516,17352000
2019-02-19,23.286766052246094,28.166000366210938,28.283000946044922,28.014999389648438,28.114999771118164,15152000
2019-02-20,23.432279586791992,28.341999053955078,28.663000106811523,28.22800064086914,28.325000762939453,16150000
2019-02-21,23.22723960876465,28.0939998626709,28.334999084472656,27.89299964904785,28.323999404907227,13254000
2019-02-22,22.860151290893555,27.649999618530273,28.0,27.465999603271484,27.9950008392334,27225000
2019-02-25,23.03377914428711,27.860000610351562,28.08300018310547,27.847999572753906,28.077999114990234,19245000
2019-02-26,22.736135482788086,27.5,27.801000595092773,27.44499969482422,27.792999267578125,27211000
2019-02-27,22.445947647094727,27.14900016784668,27.510000228881836,26.95800018310547,27.32200050354004,29146000
2019-02-28,22.765899658203125,27.535999298095703,27.570999145507812,26.863000869750977,26.996999740600586,31460000
2019-03-01,22.55011749267578,27.274999618530273,27.81599998474121,27.113000869750977,27.773000717163086,19035000
2019-03-04,22.727041244506836,27.48900032043457,27.658000946044922,27.086000442504883,27.5,17382000
2019-03-05,22.902320861816406,27.701000213623047,28.04400062561035,27.452999114990234,27.549999237060547,21699000
2019-03-06,22.434362411499023,27.135000228881836,27.69300079345703,27.04800033569336,27.666000366210938,19973000
2019-03-07,21.9515380859375,26.551000595092773,27.033000946044922,26.408000946044922,27.01799964904785,25411000
2019-03-08,21.842403411865234,26.41900062561035,26.47599983215332,25.920000076293945,26.1560001373291,22167000
2019-03-11,22.24504280090332,26.9060001373291,27.05500030517578,26.405000686645508,26.48900032043457,27161000
2019-03-12,22.29216766357422,26.96299934387207,27.003000259399414,26.427000045776367,26.97599983215332,23324000
2019-03-13,22.42279052734375,27.121000289916992,27.308000564575195,26.902000427246094,27.051000595092773,32089000
2019-03-14,22.173938751220703,26.81999969482422,27.22599983215332,26.788999557495117,27.208999633789062,43094000
2019-03-15,24.000267028808594,29.02899932861328,29.954999923706055,28.350000381469727,28.645999908447266,144066000
2019-03-18,24.29376983642578,29.384000778198242,29.697999954223633,29.020999908447266,29.023000717163086,56746000
2019-03-19,24.746015548706055,29.930999755859375,30.097999572753906,29.410999298095703,29.416000366210938,51556000
2019-03-20,24.276391983032227,29.10300064086914,29.899999618530273,29.02899932861328,29.799999237060547,41263000
2019-03-21,24.757694244384766,29.68000030517578,29.937000274658203,29.100000381469727,29.187999725341797,27379000
2019-03-22,24.411518096923828,29.264999389648438,29.643999099731445,29.139999389648438,29.591999053955078,23307000
2019-03-25,24.370643615722656,29.215999603271484,29.417999267578125,28.899999618530273,29.219999313354492,23878000
2019-03-26,24.776880264282227,29.702999114990234,29.94700050354004,29.42300033569336,29.437000274658203,28009000
2019-03-27,24.688457489013672,29.597000122070312,29.868000030517578,29.246000289916992,29.756999969482422,21862000
2019-03-28,24.947052001953125,29.906999588012695,30.329999923706055,29.566999435424805,29.711000442504883,33030000
2019-03-29,25.08384132385254,30.070999145507812,30.267000198364258,29.827999114990234,30.121999740600586,24493000
2019-04-01,25.50759506225586,30.57900047302246,30.674999237060547,29.975000381469727,30.31100082397461,27040000
2019-04-02,25.27903175354004,30.30500030517578,30.735000610351562,30.26099967956543,30.615999221801758,22857000
2019-04-03,25.374961853027344,30.420000076293945,30.739999771118164,30.18199920654297,30.621999740600586,22266000
2019-04-04,25.191455841064453,30.200000762939453,30.600000381469727,30.16699981689453,30.475000381469727,15228000
2019-04-05,25.381637573242188,30.42799949645996,30.444000244140625,30.18000030517578,30.399999618530273,18875000
2019-04-08,25.39832878112793,30.447999954223633,30.530000686645508,30.200000762939453,30.413999557495117,13899000
2019-04-09,25.312400817871094,30.344999313354492,30.410999298095703,30.02899932861328,30.257999420166016,11621000
2019-04-10,25.65106964111328,30.750999450683594,30.777000427246094,30.299999237060547,30.360000610351562,14992000
2019-04-11,25.8095645904541,30.94099998474121,31.018999099731445,30.62299919128418,30.815000534057617,16669000
2019-04-12,26.445186614990234,31.702999114990234,31.743999481201172,31.05699920654297,31.135000228881836,30087000
2019-04-15,26.39263343811035,31.639999389648438,31.75200080871582,31.316999435424805,31.702999114990234,16216000
2019-04-16,26.56780433654785,31.850000381469727,32.000999450683594,31.610000610351562,32.0,21116000
2019-04-17,26.737144470214844,32.053001403808594,32.09400177001953,31.784000396728516,32.02399826049805,18138000
2019-04-18,26.57781982421875,31.86199951171875,32.244998931884766,31.81599998474121,32.104000091552734,26548000
2019-04-22,26.275848388671875,31.5,31.788999557495117,31.420000076293945,31.73200035095215,13504000
2019-04-23,26.329246520996094,31.56399917602539,31.80900001525879,31.41900062561035,31.676000595092773,19777000
2019-04-24,26.219959259033203,31.433000564575195,31.701000213623047,31.319000244140625,31.45800018310547,23335000
2019-04-25,26.010587692260742,31.18199920654297,31.295000076293945,30.656999588012695,31.295000076293945,26732000
2019-04-26,25.892976760864258,31.041000366210938,31.094999313354492,30.51099967956543,30.915000915527344,16404000
2019-04-29,26.085662841796875,31.27199935913086,31.466999053955078,31.04400062561035,31.124000549316406,13404000
2019-04-30,26.559463500976562,31.84000015258789,31.841999053955078,31.253000259399414,31.332000732421875,18953000
2019-05-01,26.601171493530273,31.889999389648438,32.31999969482422,31.868999481201172,32.04999923706055,18158000
2019-05-02,26.344253540039062,31.582000732421875,32.21900177001953,31.42300033569336,31.99799919128418,20428000
2019-05-03,26.335073471069336,31.570999145507812,31.665000915527344,31.069000244140625,31.4950008392334,19214000
2019-05-06,25.989736557006836,31.156999588012695,31.19300079345703,30.53499984741211,30.679000854492188,14371000
2019-05-07,25.63271713256836,30.729000091552734,30.961999893188477,30.37299919128418,30.864999771118164,21734000
2019-05-08,25.30739974975586,30.339000701904297,30.766000747680664,30.31100082397461,30.530000686645508,15099000
2019-05-09,25.36328887939453,30.4060001373291,30.584999084472656,29.684999465942383,30.0,22282000
2019-05-10,25.354948043823242,30.395999908447266,30.540000915527344,29.666000366210938,30.322999954223633,21025000
2019-05-13,24.472412109375,29.33799934387207,29.56800079345703,28.81999969482422,29.381999969482422,37864000
2019-05-14,25.191455841064453,30.200000762939453,30.459999084472656,29.54800033569336,29.569000244140625,34277000
2019-05-15,25.389141082763672,30.437000274658203,30.777000427246094,29.861000061035156,30.027000427246094,18166000
2019-05-16,24.79856300354004,29.729000091552734,30.309999465942383,29.469999313354492,29.975000381469727,34233000
2019-05-17,24.181293487548828,28.98900032043457,29.35700035095215,28.840999603271484,29.277999877929688,39094000
2019-05-20,22.73819923400879,27.259000778198242,27.9950008392334,26.86400032043457,27.799999237060547,65162000
2019-05-21,22.966764450073242,27.533000946044922,27.97800064086914,27.46500015258789,27.708999633789062,25060000
2019-05-22,22.457090377807617,26.922000885009766,27.506000518798828,26.89699935913086,27.04800033569336,31809000
2019-05-23,21.695512771606445,26.009000778198242,26.548999786376953,25.816999435424805,26.45800018310547,46607000
2019-05-24,21.349334716796875,25.5939998626709,26.573999404907227,25.573999404907227,26.270000457763672,27963000
2019-05-28,21.227556228637695,25.447999954223633,25.773000717163086,25.009000778198242,25.656999588012695,61965000
2019-05-29,21.197521209716797,25.41200065612793,25.636999130249023,25.158000946044922,25.27400016784668,28132000
2019-05-30,21.406063079833984,25.66200065612793,25.733999252319336,25.41200065612793,25.465999603271484,17310000
2019-05-31,20.990650177001953,25.163999557495117,25.573999404907227,25.100000381469727,25.304000854492188,22192000
2019-06-03,21.119115829467773,25.31800079345703,25.83300018310547,25.1200008392334,25.2549991607666,28911000
2019-06-04,22.163476943969727,26.56999969482422,26.600000381469727,25.576000213623047,25.695999145507812,36805000
2019-06-05,22.165142059326172,26.57200050354004,27.150999069213867,26.239999771118164,26.900999069213867,23651000
2019-06-06,22.75489044189453,27.27899932861328,27.5,26.527999877929688,26.70199966430664,32687000
2019-06-07,22.928390502929688,27.48699951171875,27.78700065612793,27.327999114990234,27.47800064086914,25963000
2019-06-10,23.37383270263672,28.020999908447266,28.476999282836914,27.672000885009766,27.67300033569336,23280000
2019-06-11,23.646602630615234,28.347999572753906,29.174999237060547,27.94099998474121,29.048999786376953,37105000
2019-06-12,23.33379364013672,27.972999572753906,28.31599998474121,27.740999221801758,28.16699981689453,27057000
2019-06-13,23.490612030029297,28.160999298095703,28.288999557495117,27.740999221801758,28.152000427246094,37735000
2019-06-14,22.182661056518555,26.593000411987305,26.80900001525879,25.746999740600586,25.81100082397461,100797000
2019-06-17,22.185997009277344,26.597000122070312,26.8700008392334,26.134000778198242,26.483999252319336,35785000
2019-06-18,23.193649291992188,27.80500030517578,28.302000045776367,26.645999908447266,26.815000534057617,54920000
2019-06-19,23.14693832397461,27.749000549316406,27.906999588012695,27.371000289916992,27.878000259399414,28920000
2019-06-20,23.277069091796875,27.905000686645508,28.545000076293945,27.715999603271484,28.250999450683594,57291000
2019-06-21,23.074113845825195,27.39900016784668,28.100000381469727,27.395999908447266,27.660999298095703,45399000
2019-06-24,23.51287078857422,27.920000076293945,27.94499969482422,27.5,27.552000045776367,20506000
2019-06-25,23.286331176757812,27.650999069213867,28.288000106811523,27.601999282836914,27.916000366210938,24436000
2019-06-26,23.70151138305664,28.143999099731445,28.402999877929688,27.809999465942383,27.857999801635742,24774000
2019-06-27,24.06110954284668,28.570999145507812,28.844999313354492,28.222999572753906,28.292999267578125,21813000
2019-06-28,24.24217414855957,28.785999298095703,28.93000030517578,28.48200035095215,28.785999298095703,49265000
2019-07-01,25.294021606445312,30.03499984741211,30.575000762939453,29.632999420166016,30.167999267578125,44832000
2019-07-02,24.871259689331055,29.533000946044922,30.066999435424805,29.389999389648438,29.88800048828125,19011000
2019-07-03,23.992055892944336,28.48900032043457,28.878000259399414,28.302000045776367,28.3700008392334,49411000
2019-07-05,23.80425453186035,28.266000747680664,28.54400062561035,28.19700050354004,28.364999771118164,24565000
2019-07-08,23.155797958374023,27.496000289916992,28.118999481201172,27.43899917602539,28.0,34291000
2019-07-09,23.20380210876465,27.55299949645996,27.597999572753906,27.240999221801758,27.344999313354492,26131000
2019-07-10,23.1170654296875,27.450000762939453,27.8799991607666,27.399999618530273,27.785999298095703,30134000
2019-07-11,23.248443603515625,27.606000900268555,27.7450008392334,27.295000076293945,27.52400016784668,20712000
2019-07-12,24.034164428710938,28.538999557495117,28.593000411987305,27.63800048828125,27.63800048828125,21971000
2019-07-15,24.282594680786133,28.833999633789062,29.448999404907227,28.726999282836914,29.110000610351562,30334000
2019-07-16,23.928056716918945,28.413000106811523,28.77899932861328,28.23900032043457,28.698999404907227,14617000
2019-07-17,24.008054733276367,28.507999420166016,28.729000091552734,28.319000244140625,28.555999755859375,15453000
2019-07-18,24.403867721557617,28.97800064086914,29.030000686645508,28.3799991607666,28.618000030517578,19357000
2019-07-19,24.42239761352539,29.0,29.31599998474121,28.952999114990234,29.183000564575195,22047000
2019-07-22,24.940317153930664,29.614999771118164,29.999000549316406,29.224000930786133,29.299999237060547,33905000
2019-07-23,25.33023452758789,30.077999114990234,30.236000061035156,29.92099952697754,29.950000762939453,19692000
2019-07-24,25.582040786743164,30.37700080871582,30.488000869750977,30.049999237060547,30.1200008392334,19006000
2019-07-25,25.29738998413086,30.038999557495117,30.21299934387207,29.940000534057617,30.21299934387207,15741000
2019-07-26,25.342023849487305,30.091999053955078,30.302000045776367,30.05299949645996,30.159000396728516,14996000
2019-07-29,25.411081314086914,30.173999786376953,30.2549991607666,29.695999145507812,30.12299919128418,12068000
2019-07-30,25.227495193481445,29.95599937438965,30.093000411987305,29.709999084472656,29.909000396728516,11164000
2019-07-31,24.421552658081055,28.999000549316406,30.08300018310547,28.66699981689453,30.003000259399414,20819000
2019-08-01,24.029956817626953,28.534000396728516,29.781999588012695,28.23200035095215,28.913000106811523,21911000
2019-08-02,23.456449508666992,27.85300064086914,28.384000778198242,27.590999603271484,28.207000732421875,20080000
2019-08-05,22.541032791137695,26.766000747680664,27.224000930786133,26.408000946044922,27.19499969482422,27765000
2019-08-06,22.43828010559082,26.643999099731445,27.218000411987305,26.45599937438965,27.01300048828125,22199000
2019-08-07,22.74230194091797,27.0049991607666,27.27199935913086,26.299999237060547,26.402999877929688,22244000
2019-08-08,22.820621490478516,27.097999572753906,27.256000518798828,26.25,27.038000106811523,29163000
2019-08-09,23.22064781188965,27.572999954223633,28.05500030517578,26.95800018310547,26.95800018310547,30735000
2019-08-12,23.213062286376953,27.56399917602539,27.820999145507812,27.253999710083008,27.33799934387207,20040000
2019-08-13,23.8918399810791,28.3700008392334,28.549999237060547,27.202999114990234,27.530000686645508,22340000
2019-08-14,22.869468688964844,27.1560001373291,28.014999389648438,27.038000106811523,27.878999710083008,27108000
2019-08-15,22.623558044433594,26.86400032043457,27.277999877929688,26.485000610351562,27.200000762939453,20010000
2019-08-16,23.056427001953125,27.378000259399414,27.575000762939453,27.197999954223633,27.21500015258789,17458000
2019-08-19,23.477502822875977,27.878000259399414,28.006999969482422,27.56100082397461,27.950000762939453,17489000
2019-08-20,23.611406326293945,28.03700065612793,28.496000289916992,27.701000213623047,27.81599998474121,17920000
2019-08-21,24.211856842041016,28.75,28.826000213623047,28.405000686645508,28.464000701904297,19381000
2019-08-22,24.221961975097656,28.761999130249023,28.94099998474121,28.454999923706055,28.839000701904297,12294000
2019-08-23,22.91746711730957,27.21299934387207,28.54800033569336,27.104999542236328,28.39900016784668,25742000
2019-08-26,23.34612464904785,27.722000122070312,27.795000076293945,27.5,27.69499969482422,14249000
2019-08-27,23.207170486450195,27.55699920654297,28.02199935913086,27.490999221801758,27.915000915527344,14298000
2019-08-28,23.248443603515625,27.606000900268555,27.641000747680664,27.047000885009766,27.433000564575195,17202000
2019-08-29,23.86405372619629,28.336999893188477,28.548999786376953,28.104999542236328,28.14900016784668,16429000
2019-08-30,23.802568435668945,28.263999938964844,28.59000015258789,27.989999771118164,28.535999298095703,16720000
2019-09-03,23.07916259765625,27.405000686645508,28.084999084472656,27.093000411987305,28.0,22210000
2019-09-04,23.83456802368164,28.302000045776367,28.434999465942383,27.81999969482422,27.878999710083008,19865000
2019-09-05,24.5082950592041,29.101999282836914,29.368000030517578,28.836000442504883,28.836000442504883,20938000
2019-09-06,24.583248138427734,29.19099998474121,29.329999923706055,28.93000030517578,29.184999465942383,13748000
2019-09-09,24.64219856262207,29.26099967956543,29.719999313354492,29.040000915527344,29.5,21686000
2019-09-10,24.796306610107422,29.444000244140625,29.44499969482422,28.881999969482422,29.135000228881836,20850000
2019-09-11,25.096961975097656,29.801000595092773,29.878000259399414,29.454999923706055,29.631999969482422,19260000
2019-09-12,25.313392639160156,30.058000564575195,30.232999801635742,29.64699935913086,30.14299964904785,33109000
2019-09-13,24.449338912963867,29.031999588012695,29.798999786376953,28.388999938964844,29.764999389648438,62557000
2019-09-16,24.309545516967773,28.865999221801758,29.027000427246094,28.56999969482422,28.68000030517578,22176000
2019-09-17,24.323867797851562,28.882999420166016,28.93000030517578,28.375,28.802000045776367,21912000
2019-09-18,24.23206901550293,28.77400016784668,29.076000213623047,28.38800048828125,28.849000930786133,16510000
2019-09-19,24.476285934448242,29.06399917602539,29.19499969482422,28.722999572753906,28.850000381469727,19421000
2019-09-20,24.159276962280273,28.426000595092773,28.84000015258789,28.18199920654297,28.767000198364258,35524000
2019-09-23,24.26127052307129,28.54599952697754,28.715999603271484,28.20800018310547,28.36199951171875,14850000
2019-09-24,23.993545532226562,28.231000900268555,28.889999389648438,27.975000381469727,28.73200035095215,20292000
2019-09-25,23.43771743774414,27.57699966430664,27.72100067138672,27.0,27.174999237060547,55588000
2019-09-26,23.534605026245117,27.69099998474121,27.865999221801758,27.26799964904785,27.525999069213867,27477000
2019-09-27,23.299182891845703,27.413999557495117,28.128000259399414,27.29599952697754,27.663000106811523,28660000
2019-09-30,23.46320915222168,27.60700035095215,27.672000885009766,27.25,27.57900047302246,19826000
2019-10-01,23.359521865844727,27.485000610351562,27.96500015258789,27.33799934387207,27.82699966430664,19429000
2019-10-02,22.953271865844727,27.006999969482422,27.3799991607666,26.832000732421875,27.34600067138672,19543000
2019-10-03,23.32383155822754,27.44300079345703,27.450000762939453,26.722000122070312,27.0,17096000
2019-10-04,23.91875457763672,28.14299964904785,28.170000076293945,27.520000457763672,27.849000930786133,25884000
2019-10-07,23.464061737060547,27.607999801635742,28.101999282836914,27.56999969482422,28.000999450683594,18658000
2019-10-08,22.975372314453125,27.033000946044922,27.489999771118164,26.891000747680664,27.4060001373291,22757000
2019-10-09,23.21504020690918,27.315000534057617,27.490999221801758,27.20199966430664,27.368000030517578,16329000
2019-10-10,23.32552719116211,27.44499969482422,27.878000259399414,27.364999771118164,27.45599937438965,17340000
2019-10-11,23.874561309814453,28.090999603271484,28.408000946044922,27.909000396728516,27.948999404907227,23697000
2019-10-14,23.938308715820312,28.166000366210938,28.264999389648438,27.988000869750977,28.04199981689453,13312000
2019-10-15,24.674314498901367,29.031999588012695,29.062000274658203,28.219999313354492,28.263999938964844,21230000
2019-10-16,24.517934799194336,28.847999572753906,29.010000228881836,28.65399932861328,28.899999618530273,20046000
2019-10-17,24.598676681518555,28.94300079345703,29.17099952697754,28.832000732421875,29.013999938964844,13125000
2019-10-18,24.36920166015625,28.67300033569336,28.993999481201172,28.399999618530273,28.950000762939453,16981000
2019-10-21,24.61057472229004,28.957000732421875,29.190000534057617,28.70599937438965,28.8439998626709,13031000
2019-10-22,24.431245803833008,28.746000289916992,29.086000442504883,28.724000930786133,28.958999633789062,13046000
2019-10-23,23.824419021606445,28.031999588012695,28.354000091552734,27.875999450683594,28.29599952697754,20957000
2019-10-24,23.993545532226562,28.231000900268555,28.350000381469727,27.8700008392334,28.288999557495117,16896000
2019-10-25,24.631824493408203,28.98200035095215,29.136999130249023,28.32200050354004,28.326000213623047,20869000
2019-10-28,24.778858184814453,29.155000686645508,29.24799919128418,28.832000732421875,29.115999221801758,12999000
2019-10-29,24.490741729736328,28.81599998474121,29.3700008392334,28.80699920654297,29.22800064086914,13272000
2019-10-30,24.667518615722656,29.02400016784668,29.097000122070312,28.652000427246094,29.000999450683594,17281000
2019-10-31,24.889347076416016,29.28499984741211,29.408000946044922,28.780000686645508,28.979999542236328,27881000
2019-11-01,25.207202911376953,29.659000396728516,29.659000396728516,29.208999633789062,29.298999786376953,21234000
2019-11-04,25.921972274780273,30.5,30.54599952697754,29.90999984741211,29.95199966430664,34075000
2019-11-05,26.690288543701172,31.40399932861328,31.67799949645996,30.44700050354004,30.5,38711000
2019-11-06,26.615489959716797,31.31599998474121,31.42799949645996,30.871000289916992,31.20599937438965,18076000
2019-11-07,26.49480438232422,31.173999786376953,31.950000762939453,31.065000534057617,31.558000564575195,23981000
2019-11-08,26.63673973083496,31.340999603271484,31.360000610351562,30.51300048828125,30.98699951171875,17830000
2019-11-11,26.580642700195312,31.274999618530273,31.323999404907227,31.083999633789062,31.1200008392334,9154000
2019-11-12,26.816917419433594,31.55299949645996,31.639999389648438,31.326000213623047,31.399999618530273,16875000
2019-11-13,26.658838272094727,31.367000579833984,31.570999145507812,31.200000762939453,31.24799919128418,12625000
2019-11-14,26.259384155273438,30.89699935913086,31.18400001525879,30.611000061035156,31.075000762939453,17268000
2019-11-15,26.594247817993164,31.291000366210938,31.305999755859375,31.007999420166016,31.226999282836914,18120000
2019-11-18,26.437864303588867,31.10700035095215,31.340999603271484,30.80299949645996,31.18199920654297,15850000
2019-11-19,27.0013484954834,31.770000457763672,32.56700134277344,31.665000915527344,31.665000915527344,31743000
2019-11-20,26.488853454589844,31.16699981689453,31.683000564575195,30.899999618530273,31.59000015258789,19927000
2019-11-21,26.793119430541992,31.524999618530273,31.56999969482422,30.979999542236328,31.11400032043457,19317000
2019-11-22,26.765073776245117,31.492000579833984,31.947999954223633,31.371000289916992,31.663999557495117,13216000
2019-11-25,27.16452980041504,31.961999893188477,32.018001556396484,31.62700080871582,31.660999298095703,19636000
2019-11-26,26.87981605529785,31.62700080871582,32.018001556396484,31.604999542236328,31.899999618530273,30793000
2019-11-27,27.064237594604492,31.8439998626709,31.993999481201172,31.64699935913086,31.79400062561035,20182000
2019-11-29,26.87471580505371,31.621000289916992,31.77899932861328,31.5,31.684999465942383,9229000
2019-12-02,26.40811538696289,31.07200050354004,31.792999267578125,31.055999755859375,31.77199935913086,23158000
2019-12-03,26.05116081237793,30.652000427246094,30.899999618530273,30.312999725341797,30.582000732421875,18736000
2019-12-04,26.3231258392334,30.972000122070312,31.136999130249023,30.71299934387207,30.975000381469727,14439000
2019-12-05,26.448062896728516,31.118999481201172,31.246000289916992,30.9060001373291,31.05900001525879,15494000
2019-12-06,26.861114501953125,31.604999542236328,31.634000778198242,31.20599937438965,31.464000701904297,16937000
2019-12-09,26.71917724609375,31.437999725341797,31.71500015258789,31.393999099731445,31.600000381469727,24694000
2019-12-10,26.7769718170166,31.506000518798828,31.590999603271484,31.325000762939453,31.510000228881836,14563000
2019-12-11,27.173030853271484,31.972000122070312,32.1349983215332,31.51799964904785,31.51799964904785,20829000
2019-12-12,27.859752655029297,32.779998779296875,33.01599884033203,31.94300079345703,31.972999572753906,38935000
2019-12-13,26.807571411132812,31.54199981689453,31.976999282836914,31.062000274658203,31.805999755859375,70952000
2019-12-16,27.46284294128418,32.3129997253418,32.7599983215332,31.753000259399414,31.797000885009766,37921000
2019-12-17,27.519784927368164,32.380001068115234,32.494998931884766,32.17499923706055,32.374000549316406,20248000
2019-12-18,27.829151153564453,32.74399948120117,33.119998931884766,32.35499954223633,32.439998626708984,35155000
2019-12-19,27.545286178588867,32.40999984741211,32.92599868774414,32.37099838256836,32.92100143432617,31787000
2019-12-20,27.38646125793457,31.899999618530273,32.24700164794922,31.69099998474121,32.24700164794922,50540000
2019-12-23,27.43195915222168,31.952999114990234,32.233001708984375,31.76099967956543,32.05400085449219,20254000
2019-12-24,27.515235900878906,32.04999923706055,32.06800079345703,31.900999069213867,32.0,7024000
2019-12-26,27.298892974853516,31.79800033569336,32.17399978637695,31.68199920654297,32.12699890136719,15848000
2019-12-27,27.174406051635742,31.652999877929688,31.934999465942383,31.52199935913086,31.93000030517578,14487000
2019-12-30,26.910846710205078,31.34600067138672,31.732999801635742,31.274999618530273,31.652000427246094,13104000
2019-12-31,27.13062286376953,31.601999282836914,31.63599967956543,31.280000686645508,31.312000274658203,12487000
2020-01-02,27.677494049072266,32.23899841308594,32.25,31.73200035095215,31.93199920654297,20329000
2020-01-03,26.97351837158203,31.41900062561035,32.0,31.408000946044922,31.750999450683594,22870000
2020-01-06,26.933162689208984,31.371999740600586,31.392000198364258,30.96299934387207,31.084999084472656,20789000
2020-01-07,26.8404483795166,31.263999938964844,31.658000946044922,31.225000381469727,31.524999618530273,18565000
2020-01-08,26.50562858581543,30.874000549316406,31.349000930786133,30.840999603271484,31.29800033569336,31979000
2020-01-09,26.292715072631836,30.625999450683594,31.298999786376953,30.30500030517578,31.23200035095215,42397000
2020-01-10,25.68832778930664,29.922000885009766,30.55500030517578,29.8799991607666,30.545000076293945,40705000
2020-01-13,25.856592178344727,30.118000030517578,30.3799991607666,29.966999053955078,30.00200080871582,22054000
2020-01-14,26.457550048828125,30.81800079345703,30.915000915527344,30.159000396728516,30.200000762939453,28911000
2020-01-15,26.02486801147461,30.31399917602539,30.788000106811523,30.06999969482422,30.731000900268555,22733000
2020-01-16,26.36054229736328,30.704999923706055,30.785999298095703,30.42099952697754,30.5,21508000
2020-01-17,26.509916305541992,30.878999710083008,30.893999099731445,30.406999588012695,30.865999221801758,26896000
2020-01-21,26.44810676574707,30.80699920654297,30.951000213623047,30.632999420166016,30.780000686645508,21967000
2020-01-22,26.868778228759766,31.297000885009766,31.79199981689453,31.049999237060547,31.079999923706055,29264000
2020-01-23,27.4422607421875,31.96500015258789,31.979999542236328,31.082000732421875,31.51799964904785,30266000
2020-01-24,27.815710067749023,32.400001525878906,33.15800094604492,32.07699966430664,33.04999923706055,55782000
2020-01-27,26.53052520751953,30.902999877929688,31.988000869750977,30.86400032043457,31.641000747680664,38843000
2020-01-28,27.327220916748047,31.83099937438965,31.92300033569336,31.277000427246094,31.35300064086914,23166000
2020-01-29,27.2585391998291,31.750999450683594,32.542999267578125,31.714000701904297,32.082000732421875,23668000
2020-01-30,27.060224533081055,31.520000457763672,31.552000045776367,30.858999252319336,31.43199920654297,21128000
2020-01-31,26.198280334472656,30.516000747680664,31.45800018310547,30.36199951171875,31.416000366210938,22123000
2020-02-03,26.20429229736328,30.523000717163086,30.65999984741211,30.36400032043457,30.562999725341797,21288000
2020-02-04,26.751161575317383,31.15999984741211,31.457000732421875,30.96500015258789,31.179000854492188,22559000
2020-02-05,27.247385025024414,31.738000869750977,31.981000900268555,31.586000442504883,31.75,24825000
2020-02-06,27.445697784423828,31.9689998626709,31.988000869750977,31.42300033569336,31.884000778198242,22683000
2020-02-07,27.06279945373535,31.523000717163086,31.851999282836914,31.48699951171875,31.832000732421875,15883000
2020-02-10,26.974374771118164,31.420000076293945,31.459999084472656,31.030000686645508,31.23699951171875,19218000
2020-02-11,27.48604393005371,32.01599884033203,32.07899856567383,31.60099983215332,31.665000915527344,15527000
2020-02-12,27.875808715820312,32.470001220703125,32.50899887084961,32.16299819946289,32.20399856567383,15310000
2020-02-13,27.813140869140625,32.39699935913086,32.54600143432617,32.095001220703125,32.14799880981445,13857000
2020-02-14,27.28086280822754,31.777000427246094,32.56999969482422,31.709999084472656,32.48400115966797,19137000
2020-02-18,26.67818832397461,31.075000762939453,31.500999450683594,30.80500030517578,31.5,26693000
2020-02-19,27.102291107177734,31.569000244140625,31.683000564575195,31.170000076293945,31.299999237060547,20525000
2020-02-20,26.54854965209961,30.923999786376953,31.569000244140625,30.61199951171875,31.395999908447266,25521000
2020-02-21,26.14162254333496,30.450000762939453,30.94499969482422,30.229000091552734,30.850000381469727,24522000
2020-02-24,25.03414535522461,29.15999984741211,29.8799991607666,29.006000518798828,29.420000076293945,36849000
2020-02-25,24.268354415893555,28.26799964904785,29.572999954223633,28.10700035095215,29.410999298095703,31892000
2020-02-26,24.543073654174805,28.58799934387207,28.81999969482422,28.399999618530273,28.434999465942383,23074000
2020-02-27,23.51887321472168,27.395000457763672,28.5310001373291,27.354000091552734,28.030000686645508,34837000
2020-02-28,23.40468978881836,27.261999130249023,27.413000106811523,26.27400016784668,26.33300018310547,44586000
2020-03-02,24.46495246887207,28.496999740600586,28.540000915527344,27.114999771118164,27.676000595092773,31976000
2020-03-03,23.54463005065918,27.424999237060547,28.847999572753906,27.156999588012695,28.46500015258789,29930000
2020-03-04,24.506162643432617,28.545000076293945,28.57200050354004,27.476999282836914,27.753999710083008,23477000
2020-03-05,23.52659797668457,27.40399932861328,28.30900001525879,27.2450008392334,27.72599983215332,24374000
2020-03-06,23.132545471191406,26.94499969482422,27.093000411987305,26.25,26.697999954223633,30169000
2020-03-09,21.26700210571289,24.77199935913086,26.027000427246094,24.424999237060547,25.107999801635742,43934000
2020-03-10,22.570219039916992,26.290000915527344,26.368000030517578,24.34000015258789,25.659000396728516,55071000
2020-03-11,21.116764068603516,24.597000122070312,25.64900016784668,24.249000549316406,25.38800048828125,36030000
2020-03-12,18.782474517822266,21.878000259399414,24.275999069213867,21.631999969482422,22.698999404907227,64281000
2020-03-13,20.108013153076172,23.422000885009766,23.44700050354004,20.115999221801758,22.551000595092773,84714000
2020-03-16,16.103925704956055,18.757999420166016,21.8799991607666,18.023000717163086,20.81800079345703,76935000
2020-03-17,17.12812614440918,19.951000213623047,20.000999450683594,18.148000717163086,19.18199920654297,70662000
2020-03-18,14.41180419921875,16.78700065612793,18.74799919128418,15.567000389099121,18.56599998474121,98993000
2020-03-19,16.693723678588867,19.44499969482422,20.746999740600586,16.5,16.763999938964844,74438000
2020-03-20,16.78277587890625,19.222000122070312,20.868000030517578,18.791000366210938,20.200000762939453,74044000
2020-03-23,16.891918182373047,19.347000122070312,19.597000122070312,17.774999618530273,19.288000106811523,46921000
2020-03-24,18.576129913330078,21.275999069213867,21.871000289916992,20.128999710083008,20.56399917602539,62970000
2020-03-25,18.99434471130371,21.7549991607666,24.399999618530273,20.922000885009766,21.2189998626709,64442000
2020-03-26,21.23123550415039,24.316999435424805,24.479999542236328,22.60300064086914,22.60300064086914,60213000
2020-03-27,20.141605377197266,23.069000244140625,24.208999633789062,23.0,23.299999237060547,39448000
2020-03-30,20.964065551757812,24.01099967956543,24.13599967956543,22.8439998626709,23.219999313354492,52343000
2020-03-31,20.701263427734375,23.709999084472656,25.270999908447266,23.606000900268555,23.799999237060547,50191000
2020-04-01,19.525192260742188,22.363000869750977,23.44099998474121,21.968000411987305,22.798999786376953,41858000
2020-04-02,20.69776725769043,23.70599937438965,23.795000076293945,22.145000457763672,22.239999771118164,45049000
2020-04-03,20.45330238342285,23.426000595092773,24.2549991607666,23.05500030517578,23.663999557495117,28960000
2020-04-06,22.040603637695312,25.243999481201172,25.340999603271484,24.356000900268555,24.45800018310547,38868000
2020-04-07,22.11307144165039,25.32699966430664,26.549999237060547,25.253000259399414,26.18400001525879,45892000
2020-04-08,22.796709060668945,26.110000610351562,26.219999313354492,25.36400032043457,25.677000045776367,27565000
2020-04-09,22.202999114990234,25.43000030517578,26.75,25.131000518798828,26.57900047302246,34828000
2020-04-13,22.693681716918945,25.992000579833984,26.152000427246094,25.280000686645508,25.350000381469727,25729000
2020-04-14,23.36684226989746,26.76300048828125,26.83799934387207,26.23200035095215,26.61199951171875,23094000
2020-04-15,22.477148056030273,25.743999481201172,26.23200035095215,25.615999221801758,26.100000381469727,25926000
2020-04-16,22.551368713378906,25.82900047302246,26.176000595092773,25.410999298095703,26.176000595092773,26896000
2020-04-17,23.214052200317383,26.58799934387207,26.743000030517578,25.893999099731445,26.32200050354004,34089000
2020-04-20,22.55048942565918,25.827999114990234,26.525999069213867,25.791000366210938,26.0,23801000
2020-04-21,21.62238311767578,24.764999389648438,25.479000091552734,24.68000030517578,25.45599937438965,29138000
2020-04-22,22.698043823242188,25.996999740600586,26.222000122070312,25.073999404907227,25.476999282836914,35438000
2020-04-23,22.607242584228516,25.89299964904785,26.520000457763672,25.851999282836914,26.024999618530273,21659000
2020-04-24,23.120628356933594,26.481000900268555,26.506999969482422,25.88800048828125,25.981000900268555,23373000
2020-04-27,23.43843650817871,26.844999313354492,27.121999740600586,26.434999465942383,26.434999465942383,16588000
2020-04-28,23.113645553588867,26.472999572753906,27.641000747680664,26.41200065612793,27.423999786376953,18988000
2020-04-29,24.099376678466797,27.601999282836914,27.698999404907227,26.92300033569336,27.107999801635742,28871000
2020-04-30,23.7152099609375,27.16200065612793,27.405000686645508,26.8799991607666,27.35300064086914,23379000
2020-05-01,22.674474716186523,25.969999313354492,26.78499984741211,25.81999969482422,26.600000381469727,26836000
2020-05-04,22.89798927307129,26.22599983215332,26.243000030517578,25.531999588012695,25.92099952697754,17046000
2020-05-05,23.125865936279297,26.48699951171875,26.893999099731445,26.371000289916992,26.655000686645508,26462000
2020-05-06,23.065622329711914,26.417999267578125,27.04800033569336,26.36199951171875,26.83300018310547,22727000
2020-05-07,23.377317428588867,26.774999618530273,27.047000885009766,26.600000381469727,27.0,18238000
2020-05-08,24.012943267822266,27.503000259399414,27.55500030517578,27.003000259399414,27.219999313354492,16757000
2020-05-11,24.045249938964844,27.540000915527344,27.673999786376953,27.174999237060547,27.336999893188477,20851000
2020-05-12,23.43843650817871,26.844999313354492,27.77199935913086,26.82200050354004,27.658000946044922,18764000
2020-05-13,22.97569465637207,26.315000534057617,27.033000946044922,25.93600082397461,27.006999969482422,21927000
2020-05-14,23.276914596557617,26.65999984741211,26.69499969482422,25.475000381469727,26.09600067138672,19912000
2020-05-15,22.73646354675293,26.041000366210938,26.4060001373291,25.677000045776367,25.941999435424805,21650000
2020-05-18,23.881975173950195,27.35300064086914,27.67300033569336,26.799999237060547,26.86199951171875,26531000
2020-05-19,23.744020462036133,27.19499969482422,27.60300064086914,27.160999298095703,27.35300064086914,18702000
2020-05-20,24.331619262695312,27.868000030517578,28.131000518798828,27.607999801635742,27.69700050354004,18605000
2020-05-21,23.992860794067383,27.479999542236328,27.950000762939453,27.46500015258789,27.892000198364258,14847000
2020-05-22,24.154386520385742,27.665000915527344,27.725000381469727,27.051000595092773,27.374000549316406,17452000
2020-05-26,24.62323570251465,28.20199966430664,28.708999633789062,28.138999938964844,28.5,23573000
2020-05-27,25.10955810546875,28.759000778198242,28.780000686645508,28.0,28.302000045776367,22812000
2020-05-28,24.721025466918945,28.31399917602539,28.93000030517578,28.243000030517578,28.5,18543000
2020-05-29,25.430862426757812,29.12700080871582,29.200000762939453,28.19099998474121,28.290000915527344,27300000
2020-06-01,25.31909942626953,28.999000549316406,29.110000610351562,28.73699951171875,29.04199981689453,18444000
2020-06-02,26.02369499206543,29.805999755859375,29.832000732421875,29.009000778198242,29.10300064086914,31847000
2020-06-03,27.025146484375,30.952999114990234,31.084999084472656,30.051000595092773,30.104999542236328,31926000
2020-06-04,26.969263076782227,30.888999938964844,31.299999237060547,30.209999084472656,30.575000762939453,34997000
2020-06-05,27.684335708618164,31.70800018310547,32.81100082397461,31.509000778198242,31.969999313354492,50958000
2020-06-08,27.722749710083008,31.75200080871582,31.884000778198242,31.336000442504883,31.75,23916000
2020-06-09,27.530668258666992,31.531999588012695,31.88800048828125,31.156999588012695,31.200000762939453,22335000
2020-06-10,27.5062198638916,31.503999710083008,31.92099952697754,31.469999313354492,31.665000915527344,25914000
2020-06-11,25.647388458251953,29.375,30.854999542236328,29.34000015258789,30.761999130249023,45115000
2020-06-12,26.21490478515625,30.024999618530273,30.395000457763672,29.273000717163086,30.281999588012695,39439000
2020-06-15,26.550172805786133,30.409000396728516,30.674999237060547,29.240999221801758,29.5,29824000
2020-06-16,27.12904167175293,31.07200050354004,31.454999923706055,30.399999618530273,31.0,30387000
2020-06-17,27.366531372070312,31.3439998626709,31.67099952697754,31.179000854492188,31.341999053955078,20279000
2020-06-18,27.826648712158203,31.871000289916992,31.91200065612793,31.152000427246094,31.211999893188477,33625000
2020-06-19,26.707275390625,30.277000427246094,31.809999465942383,30.277000427246094,31.76799964904785,58465000
2020-06-22,27.657289505004883,31.354000091552734,31.417999267578125,30.35300064086914,30.549999237060547,27195000
2020-06-23,27.459692001342773,31.1299991607666,31.743999481201172,31.128999710083008,31.506000518798828,22419000
2020-06-24,27.077747344970703,30.69700050354004,31.097000122070312,30.451000213623047,30.920000076293945,19096000
2020-06-25,27.243581771850586,30.885000228881836,30.947999954223633,30.299999237060547,30.606000900268555,15029000
2020-06-26,27.116565704345703,30.740999221801758,31.577999114990234,30.315000534057617,31.35700035095215,31425000
2020-06-29,27.32562255859375,30.97800064086914,31.041000366210938,30.44499969482422,30.80699920654297,14516000
2020-06-30,27.83988380432129,31.56100082397461,31.707000732421875,30.674999237060547,30.9950008392334,25125000
2020-07-01,27.585838317871094,31.273000717163086,31.684999465942383,31.194000244140625,31.51099967956543,15661000
2020-07-02,27.827537536621094,31.547000885009766,31.937999725341797,31.465999603271484,31.774999618530273,16638000
2020-07-06,28.120391845703125,31.878999710083008,32.0989990234375,31.733999252319336,32.0,17561000
2020-07-07,27.620241165161133,31.312000274658203,31.81599998474121,31.2549991607666,31.733999252319336,16150000
2020-07-08,28.189193725585938,31.957000732421875,31.983999252319336,31.41200065612793,31.61400032043457,18023000
2020-07-09,28.359439849853516,32.150001525878906,32.43299865722656,31.524999618530273,32.000999450683594,25225000
2020-07-10,28.17772674560547,31.944000244140625,32.29899978637695,31.54400062561035,32.191001892089844,13280000
2020-07-13,27.46057891845703,31.131000518798828,32.35300064086914,31.058000564575195,32.167999267578125,21549000
2020-07-14,27.793132781982422,31.507999420166016,31.621999740600586,30.518999099731445,30.89900016784668,18363000
2020-07-15,27.67845916748047,31.378000259399414,31.777000427246094,31.017000198364258,31.594999313354492,15253000
2020-07-16,27.463224411010742,31.134000778198242,31.38800048828125,30.93000030517578,31.06100082397461,12929000
2020-07-17,27.584068298339844,31.270999908447266,31.520999908447266,31.0,31.415000915527344,13354000
2020-07-20,27.973960876464844,31.71299934387207,31.764999389648438,31.025999069213867,31.184999465942383,14323000
2020-07-21,27.72785758972168,31.43400001525879,31.92300033569336,31.267000198364258,31.92300033569336,14312000
2020-07-22,27.680225372314453,31.3799991607666,31.56800079345703,31.03700065612793,31.500999450683594,14404000
2020-07-23,27.31591796875,30.966999053955078,31.608999252319336,30.83799934387207,31.336999893188477,19417000
2020-07-24,26.973665237426758,30.57900047302246,31.090999603271484,30.417999267578125,30.659000396728516,15631000
2020-07-27,27.581424713134766,31.26799964904785,31.29599952697754,30.749000549316406,30.829999923706055,20646000
2020-07-28,27.111268997192383,30.735000610351562,31.211000442504883,30.615999221801758,31.118000030517578,13974000
2020-07-29,27.243581771850586,30.885000228881836,31.12299919128418,30.743999481201172,30.85300064086914,16562000
2020-07-30,27.5302677154541,31.209999084472656,31.292999267578125,30.600000381469727,30.600000381469727,21259000
2020-07-31,27.940441131591797,31.674999237060547,31.84000015258789,31.139999389648438,31.469999313354492,24719000
2020-08-03,28.335620880126953,32.12300109863281,32.3489990234375,31.72800064086914,31.799999237060547,20796000
2020-08-04,28.967201232910156,32.8390007019043,32.85900115966797,32.03900146484375,32.04999923706055,25258000
2020-08-05,29.068645477294922,32.95399856567383,33.15800094604492,32.58000183105469,32.82500076293945,22299000
2020-08-06,29.03512954711914,32.91600036621094,33.0880012512207,32.54100036621094,32.777000427246094,14193000
2020-08-07,28.75020408630371,32.59299850463867,32.972999572753906,32.14799880981445,32.8390007019043,14192000
2020-08-10,28.876344680786133,32.736000061035156,32.926998138427734,32.40599822998047,32.422000885009766,11989000
2020-08-11,28.582605361938477,32.40299987792969,33.332000732421875,32.2760009765625,32.75699996948242,19316000
2020-08-12,29.4303035736084,33.36399841308594,33.5880012512207,32.5359992980957,32.584999084472656,18471000
2020-08-13,29.05805778503418,32.94200134277344,33.340999603271484,32.78499984741211,33.22100067138672,15095000
2020-08-14,28.91692543029785,32.78200149536133,32.98500061035156,32.599998474121094,32.801998138427734,10140000
2020-08-17,29.137449264526367,33.03200149536133,33.17900085449219,32.900001525878906,32.95100021362305,10594000
2020-08-18,28.989248275756836,32.86399841308594,33.31800079345703,32.81399917602539,33.18600082397461,8857000
2020-08-19,29.039539337158203,32.92100143432617,33.308998107910156,32.82400131225586,32.946998596191406,11273000
2020-08-20,29.006017684936523,32.882999420166016,32.999000549316406,32.60599899291992,32.76900100708008,8910000
2020-08-21,29.110984802246094,33.00199890136719,33.04600143432617,32.5,32.83000183105469,11508000
2020-08-24,29.462060928344727,33.400001525878906,33.61899948120117,33.11399841308594,33.20100021362305,11996000
2020-08-25,29.650829315185547,33.61399841308594,33.70899963378906,33.29999923706055,33.5,11140000
2020-08-26,29.962207794189453,33.96699905395508,34.1510009765625,33.35100173950195,33.4739990234375,14844000
2020-08-27,29.915464401245117,33.91400146484375,34.130001068115234,33.61399841308594,34.04899978637695,12552000
2020-08-28,30.41649055480957,34.481998443603516,34.481998443603516,33.77000045776367,33.900001525878906,14589000
2020-08-31,30.622024536132812,34.71500015258789,35.05799865722656,34.35200119018555,34.35200119018555,22229000
2020-09-01,31.714941024780273,35.95399856567383,36.207000732421875,34.742000579833984,35.0,29205000
2020-09-02,33.079532623291016,37.500999450683594,37.895999908447266,36.356998443603516,36.58599853515625,37053000
2020-09-03,31.057775497436523,35.20899963378906,36.88999938964844,35.01599884033203,36.60100173950195,41795000
2020-09-04,32.01573944091797,36.29499816894531,37.25299835205078,35.349998474121094,36.09700012207031,58514000
2020-09-08,30.92104721069336,35.05400085449219,36.275001525878906,35.0,35.26599884033203,26685000
2020-09-09,31.758159637451172,36.00299835205078,36.185001373291016,35.11000061035156,35.61600112915039,26273000
2020-09-10,31.497943878173828,35.70800018310547,36.78300094604492,35.43899917602539,36.2130012512207,22851000
2020-09-11,31.729047775268555,35.970001220703125,36.426998138427734,35.46799850463867,36.04999923706055,17362000
2020-09-14,31.949583053588867,36.220001220703125,36.5890007019043,35.935001373291016,36.441001892089844,16447000
2020-09-15,32.36505126953125,36.691001892089844,37.11199951171875,36.53499984741211,36.630001068115234,16618000
2020-09-16,32.37651443481445,36.70399856567383,37.20000076293945,36.6349983215332,36.81800079345703,18498000
2020-09-17,32.27771759033203,36.59199905395508,37.012001037597656,35.5,35.5,22862000
2020-09-18,31.731698989868164,35.972999572753906,36.784000396728516,35.505001068115234,36.71200180053711,35295000
2020-09-21,31.31422996520996,35.17900085449219,35.19599914550781,34.347999572753906,35.000999450683594,24198000
2020-09-22,32.18655776977539,36.159000396728516,36.18000030517578,35.29499816894531,35.637001037597656,19500000
2020-09-23,31.296422958374023,35.159000396728516,36.12099838256836,35.005001068115234,36.018001556396484,15542000
2020-09-24,31.379194259643555,35.25199890136719,35.75699996948242,34.909000396728516,35.02000045776367,13611000
2020-09-25,31.760190963745117,35.68000030517578,35.77199935913086,34.827999114990234,35.20500183105469,18183000
2020-09-28,32.69482421875,36.72999954223633,36.84299850463867,35.90299987792969,36.167999267578125,22192000
2020-09-29,32.424232482910156,36.42599868774414,37.08000183105469,36.39899826049805,36.749000549316406,13722000
2020-09-30,32.42957305908203,36.43199920654297,37.099998474121094,36.17100143432617,36.29499816894531,22403000
2020-10-01,32.810543060302734,36.86000061035156,37.07099914550781,36.481998443603516,36.89799880981445,16016000
2020-10-02,31.762847900390625,35.68299865722656,36.492000579833984,35.6150016784668,36.0,17100000
2020-10-05,32.588016510009766,36.61000061035156,36.685001373291016,35.9900016784668,36.08399963378906,18923000
2020-10-06,32.39929962158203,36.39799880981445,37.20000076293945,36.20199966430664,36.611000061035156,16672000
2020-10-07,32.64497756958008,36.67399978637695,36.986000061035156,36.60599899291992,36.834999084472656,12747000
2020-10-08,33.23159408569336,37.33300018310547,37.42900085449219,36.83100128173828,36.98899841308594,17045000
2020-10-09,33.53155517578125,37.66999816894531,38.0,37.400001525878906,37.59299850463867,17253000
2020-10-12,34.04160690307617,38.24300003051758,38.5099983215332,37.979000091552734,38.17900085449219,18839000
2020-10-13,33.95793533325195,38.14899826049805,38.779998779296875,37.861000061035156,38.441001892089844,16731000
2020-10-14,33.852012634277344,38.029998779296875,38.374000549316406,37.78499984741211,38.354000091552734,17298000
2020-10-15,33.81907272338867,37.99300003051758,38.04899978637695,37.50199890136719,37.505001068115234,14361000
2020-10-16,33.705142974853516,37.8650016784668,38.327999114990234,37.814998626708984,38.327999114990234,10295000
2020-10-19,33.44877624511719,37.57699966430664,38.361000061035156,37.51499938964844,38.124000549316406,14803000
2020-10-20,33.55738067626953,37.69900131225586,38.11399841308594,37.555999755859375,37.70100021362305,13297000
2020-10-21,33.11765670776367,37.20500183105469,37.68600082397461,37.03099822998047,37.57699966430664,11896000
2020-10-22,33.235145568847656,37.33700180053711,37.430999755859375,36.71099853515625,37.108001708984375,13547000
2020-10-23,33.177284240722656,37.27199935913086,37.39400100708008,37.07600021362305,37.32600021362305,8868000
2020-10-26,32.315635681152344,36.30400085449219,36.99599838256836,35.76100158691406,36.959999084472656,15509000
2020-10-27,32.00942611694336,35.959999084472656,36.518001556396484,35.922000885009766,36.518001556396484,9620000
2020-10-28,30.906539916992188,34.72100067138672,35.486000061035156,34.553001403808594,35.400001525878906,22331000
2020-10-29,31.600852966308594,35.500999450683594,35.944000244140625,34.5369987487793,34.72600173950195,15697000
2020-10-30,31.121952056884766,34.9630012512207,35.29899978637695,34.44200134277344,34.93899917602539,18530000
2020-11-02,31.26614761352539,35.125,35.53900146484375,34.834999084472656,35.50400161743164,11757000
2020-11-03,31.48958969116211,35.375999450683594,35.92399978637695,34.66600036621094,35.595001220703125,15457000
2020-11-04,32.457157135009766,36.4630012512207,36.89799880981445,35.7140007019043,36.04800033569336,21277000
2020-11-05,33.90275192260742,38.08700180053711,38.26499938964844,37.20100021362305,37.236000061035156,21783000
2020-11-06,33.880496978759766,38.0620002746582,38.367000579833984,37.71699905395508,38.005001068115234,13545000
2020-11-09,33.42830276489258,37.55400085449219,39.388999938964844,37.500999450683594,38.90999984741211,24088000
2020-11-10,32.323646545410156,36.3129997253418,37.31999969482422,36.0359992980957,37.03200149536133,26784000
2020-11-11,33.46213150024414,37.59199905395508,37.7140007019043,36.85499954223633,37.08599853515625,15133000
2020-11-12,32.95296859741211,37.02000045776367,37.86000061035156,36.827999114990234,37.722999572753906,12160000
2020-11-13,33.2467155456543,37.349998474121094,37.733001708984375,37.15800094604492,37.5,10997000
2020-11-16,33.89740753173828,38.08100128173828,38.137001037597656,37.400001525878906,37.48099899291992,12100000
2020-11-17,33.87871551513672,38.060001373291016,38.24399948120117,37.702999114990234,37.86600112915039,11950000
2020-11-18,33.880496978759766,38.0620002746582,38.49399948120117,37.96200180053711,37.98899841308594,13517000
2020-11-19,34.21073532104492,38.43299865722656,38.48400115966797,37.435001373291016,37.77199935913086,14555000
2020-11-20,34.12172317504883,38.33300018310547,38.8849983215332,38.27000045776367,38.430999755859375,16140000
2020-11-23,34.44840621948242,38.70000076293945,38.915000915527344,38.29999923706055,38.5369987487793,12212000
2020-11-24,34.9139404296875,39.222999572753906,39.28099822998047,38.61800003051758,38.86199951171875,13455000
2020-11-25,34.78932189941406,39.08300018310547,39.54999923706055,38.900001525878906,39.284000396728516,11787000
2020-11-27,35.156063079833984,39.494998931884766,39.91699981689453,39.29999923706055,39.314998626708984,6846000
2020-11-30,35.74623107910156,40.15800094604492,40.215999603271484,39.27399826049805,39.402000427246094,15454000
2020-12-01,36.01237869262695,40.457000732421875,40.667999267578125,40.012001037597656,40.34600067138672,18181000
2020-12-02,35.937618255615234,40.37300109863281,40.54100036621094,40.111000061035156,40.4739990234375,10031000
2020-12-03,35.58778381347656,39.97999954223633,40.66400146484375,39.810001373291016,40.45000076293945,16120000
2020-12-04,36.64527130126953,41.167999267578125,41.2400016784668,40.23899841308594,40.2400016784668,20083000
2020-12-07,37.465087890625,42.0890007019043,42.284000396728516,41.33399963378906,41.64099884033203,19707000
2020-12-08,37.68940353393555,42.340999603271484,42.66999816894531,41.816001892089844,41.928001403808594,18121000
2020-12-09,37.04938888549805,41.62200164794922,42.61000061035156,41.367000579833984,41.946998596191406,20908000
2020-12-10,36.49928283691406,41.00400161743164,41.525001525878906,40.80099868774414,41.14400100708008,26244000
2020-12-11,36.123653411865234,40.582000732421875,40.70000076293945,39.827999114990234,40.400001525878906,26664000
2020-12-14,36.65595245361328,41.18000030517578,41.43000030517578,40.599998474121094,40.65299987792969,26116000
2020-12-15,37.21318435668945,41.805999755859375,41.93899917602539,41.29899978637695,41.52799987792969,21207000
2020-12-16,37.82204055786133,42.4900016784668,42.71500015258789,41.69599914550781,41.79999923706055,23160000
2020-12-17,37.9288444519043,42.61000061035156,43.000999450683594,42.45500183105469,42.650001525878906,17152000
2020-12-18,39.01150894165039,43.45600128173828,43.564998626708984,42.20000076293945,42.47999954223633,45243000
2020-12-21,38.50159454345703,42.88800048828125,43.20000076293945,42.369998931884766,42.814998626708984,19096000
2020-12-22,38.880435943603516,43.310001373291016,43.35499954223633,42.79999923706055,42.88800048828125,17929000
2020-12-23,38.1945686340332,42.54600143432617,43.599998474121094,42.507999420166016,43.5,10533000
2020-12-24,38.73321533203125,43.145999908447266,43.20000076293945,42.75699996948242,42.8489990234375,4123000
2020-12-28,38.77091598510742,43.1879997253418,43.72700119018555,43.1150016784668,43.433998107910156,10625000
2020-12-29,38.51596450805664,42.90399932861328,43.58300018310547,42.67900085449219,43.58300018310547,9593000
2020-12-30,39.03574752807617,43.483001708984375,43.79999923706055,43.0099983215332,43.16699981689453,10553000
2020-12-31,39.306861877441406,43.78499984741211,43.849998474121094,43.30500030517578,43.63100051879883,10211000
2021-01-04,38.17302703857422,42.52199935913086,44.2239990234375,42.124000549316406,43.93299865722656,24171000
2021-01-05,38.43158721923828,42.810001373291016,42.93899917602539,42.2400016784668,42.505001068115234,15069000
2021-01-06,38.1945686340332,42.54600143432617,43.45800018310547,42.05400085449219,42.33000183105469,17226000
2021-01-07,39.8041877746582,44.3390007019043,44.45899963378906,43.060001373291016,43.20600128173828,21267000
2021-01-08,40.00618362426758,44.56399917602539,44.999000549316406,43.8650016784668,44.70000076293945,15271000
2021-01-11,40.016963958740234,44.57600021362305,44.87799835205078,44.04199981689453,44.06100082397461,11660000
2021-01-12,40.34283447265625,44.93899917602539,45.47600173950195,44.560001373291016,44.777000427246094,13846000
2021-01-13,40.5062141418457,45.12099838256836,45.3489990234375,44.81100082397461,45.029998779296875,13118000
2021-01-14,40.58341979980469,45.207000732421875,45.849998474121094,45.132999420166016,45.35100173950195,19692000
2021-01-15,40.02503204345703,44.584999084472656,45.0,44.066001892089844,44.81800079345703,18165000
2021-01-19,41.22977828979492,45.926998138427734,45.94900131225586,44.827999114990234,44.827999114990234,18819000
2021-01-20,41.46409225463867,46.1879997253418,46.57899856567383,45.5,45.95199966430664,14710000
2021-01-21,41.907562255859375,46.68199920654297,46.946998596191406,46.040000915527344,46.21099853515625,15749000
2021-01-22,41.7459831237793,46.50199890136719,46.755001068115234,46.237998962402344,46.37200164794922,16248000
2021-01-25,41.72532653808594,46.479000091552734,47.0,45.608001708984375,46.95600128173828,14692000
2021-01-26,41.642738342285156,46.387001037597656,46.702999114990234,46.1879997253418,46.26499938964844,10742000
2021-01-27,39.92179489135742,44.470001220703125,45.69599914550781,44.1510009765625,45.55400085449219,21857000
2021-01-28,40.55379867553711,45.17399978637695,45.847999572753906,44.702999114990234,45.553001403808594,16946000
2021-01-29,40.442474365234375,45.04999923706055,45.810001373291016,44.76300048828125,44.9900016784668,22069000
2021-02-01,41.9003791809082,46.67399978637695,46.93199920654297,45.35900115966797,45.584999084472656,17027000
2021-02-02,42.8106803894043,47.6879997253418,47.696998596191406,46.79999923706055,46.97600173950195,16141000
2021-02-03,41.76123809814453,46.51900100708008,47.85200119018555,46.45899963378906,47.69300079345703,17857000
2021-02-04,42.249603271484375,47.0629997253418,47.11600112915039,45.74800109863281,46.0,15243000
2021-02-05,41.83485412597656,46.60100173950195,47.69200134277344,46.5359992980957,47.43299865722656,12488000
2021-02-08,42.43543243408203,47.27000045776367,47.34199905395508,46.55799865722656,46.875,17610000
2021-02-09,42.60868835449219,47.4630012512207,47.51900100708008,46.86199951171875,47.20000076293945,12758000
2021-02-10,42.19752502441406,47.005001068115234,47.749000549316406,46.54899978637695,47.72100067138672,14587000
2021-02-11,42.946231842041016,47.8390007019043,47.935001373291016,46.91899871826172,47.36899948120117,17123000
2021-02-12,43.65813064575195,48.63199996948242,48.70199966430664,47.48899841308594,47.8380012512207,13551000
2021-02-16,43.91038513183594,48.91299819946289,49.47800064086914,48.70199966430664,49.0880012512207,15163000
2021-02-17,43.31340789794922,48.24800109863281,48.61199951171875,47.50600051879883,48.42300033569336,14084000
2021-02-18,43.3834228515625,48.32600021362305,48.54100036621094,47.51300048828125,48.02299880981445,16715000
2021-02-19,43.98488998413086,48.99599838256836,49.513999938964844,48.676998138427734,48.724998474121094,17992000
2021-02-22,42.76398849487305,47.63600158691406,48.6609992980957,47.53200149536133,48.400001525878906,16967000
2021-02-23,42.363609313964844,47.189998626708984,47.46200180053711,45.60599899291992,47.11399841308594,21303000
2021-02-24,43.16975784301758,48.0880012512207,48.14099884033203,46.26599884033203,46.768001556396484,15125000
2021-02-25,41.04036331176758,45.715999603271484,47.9379997253418,45.520999908447266,47.474998474121094,23148000
2021-02-26,42.18136978149414,46.98699951171875,47.57600021362305,46.07400131225586,46.75299835205078,22640000
2021-03-01,43.950782775878906,48.95800018310547,49.0,47.38600158691406,47.970001220703125,24677000
2021-03-02,43.13654708862305,48.05099868774414,49.08599853515625,47.959999084472656,49.0369987487793,18546000
2021-03-03,41.570011138916016,46.305999755859375,48.138999938964844,46.196998596191406,47.79999923706055,23991000
2021-03-04,39.82215118408203,44.35900115966797,46.70000076293945,44.143001556396484,46.16699981689453,34575000
2021-03-05,40.410152435302734,45.013999938964844,45.599998474121094,43.29999923706055,45.42499923706055,42414000
2021-03-08,37.8166389465332,42.125,44.79600143432617,41.92599868774414,44.68299865722656,45243000
2021-03-09,39.823055267333984,44.36000061035156,44.689998626708984,43.060001373291016,43.569000244140625,37884000
2021-03-10,39.28351593017578,43.75899887084961,45.40299987792969,43.5099983215332,44.73500061035156,19914000
2021-03-11,40.728851318359375,45.36899948120117,45.744998931884766,44.20899963378906,44.902000427246094,26170000
2021-03-12,40.502628326416016,45.117000579833984,45.3489990234375,44.45199966430664,44.5359992980957,18906000
2021-03-15,42.262168884277344,47.07699966430664,47.12300109863281,45.319000244140625,45.518001556396484,31241000
2021-03-16,42.9273796081543,47.81800079345703,48.400001525878906,46.74100112915039,47.12699890136719,31190000
2021-03-17,43.41305160522461,48.35900115966797,48.72700119018555,47.000999450683594,47.029998779296875,23754000
2021-03-18,41.667869567871094,46.415000915527344,48.334999084472656,46.375,47.45600128173828,28728000
2021-03-19,42.92636489868164,47.44599914550781,47.667999267578125,45.40999984741211,45.70500183105469,108602000
2021-03-22,43.000553131103516,47.52799987792969,48.12799835205078,47.16699981689453,47.29100036621094,31805000
2021-03-23,41.98543167114258,46.40599822998047,47.5369987487793,46.26499938964844,47.37799835205078,24712000
2021-03-24,41.37112045288086,45.72700119018555,46.999000549316406,45.6870002746582,46.94499969482422,20882000
2021-03-25,41.771915435791016,46.16999816894531,46.402000427246094,44.930999755859375,45.49599838256836,17537000
2021-03-26,43.61216354370117,48.20399856567383,48.29999923706055,45.66400146484375,45.66400146484375,28925000
2021-03-29,42.7598876953125,47.262001037597656,48.11600112915039,46.82699966430664,48.040000915527344,28410000
2021-03-30,41.27069854736328,45.61600112915039,46.400001525878906,45.1619987487793,46.38800048828125,27935000
2021-03-31,41.94924545288086,46.36600112915039,46.707000732421875,45.2400016784668,45.900001525878906,28684000
2021-04-01,43.06117248535156,47.595001220703125,47.65800094604492,46.91999816894531,47.207000732421875,23528000
2021-04-05,44.1948127746582,48.847999572753906,48.9640007019043,47.68199920654297,48.029998779296875,22966000
2021-04-06,43.777732849121094,48.387001037597656,48.821998596191406,47.77399826049805,48.3120002746582,18063000
2021-04-07,43.65016174316406,48.24599838256836,48.39099884033203,47.79999923706055,48.000999450683594,12074000
2021-04-08,43.92338562011719,48.54800033569336,48.79800033569336,48.012001037597656,48.79800033569336,18121000
2021-04-09,43.888099670410156,48.50899887084961,48.53099822998047,47.65399932861328,48.0,16614000
2021-04-12,43.75963592529297,48.367000579833984,48.54199981689453,47.86000061035156,48.19300079345703,23247000
2021-04-13,43.8763427734375,48.49599838256836,48.821998596191406,48.02899932861328,48.5,15281000
2021-04-14,43.18331527709961,47.72999954223633,48.91899871826172,47.51900100708008,48.24700164794922,18220000
2021-04-15,43.42759323120117,48.0,48.23099899291992,47.678001403808594,48.16400146484375,18370000
2021-04-16,43.31812286376953,47.87900161743164,48.178001403808594,47.678001403808594,48.04800033569336,16263000
2021-04-19,41.7990608215332,46.20000076293945,47.68000030517578,46.005001068115234,47.65299987792969,26319000
2021-04-20,41.37020492553711,45.72600173950195,46.202999114990234,45.45399856567383,46.000999450683594,19128000
2021-04-21,41.59912109375,45.979000091552734,46.034000396728516,45.2599983215332,45.52199935913086,25947000
2021-04-22,41.175697326660156,45.51100158691406,46.11399841308594,44.900001525878906,45.5099983215332,27057000
2021-04-23,42.17272186279297,46.612998962402344,46.78499984741211,45.75,45.8489990234375,22890000
2021-04-26,42.69023132324219,47.185001373291016,47.382999420166016,46.356998443603516,46.70199966430664,18271000
2021-04-27,42.1926155090332,46.6349983215332,47.42599868774414,46.50600051879883,47.369998931884766,13267000
2021-04-28,41.54573059082031,45.91999816894531,46.59700012207031,45.60499954223633,46.5369987487793,15940000
2021-04-29,42.187198638916016,46.62900161743164,46.96900177001953,45.90299987792969,46.96900177001953,14650000
2021-04-30,41.27430725097656,45.619998931884766,46.073001861572266,45.38399887084961,45.97100067138672,19367000
2021-05-03,40.72603225708008,45.013999938964844,45.98400115966797,44.827999114990234,45.974998474121094,15098000
2021-05-04,40.21938705444336,44.45399856567383,44.77000045776367,43.73099899291992,44.72200012207031,23497000
2021-05-05,40.155155181884766,44.382999420166016,45.14400100708008,44.23699951171875,45.04100036621094,16388000
2021-05-06,40.58489227294922,44.858001708984375,44.909000396728516,43.98400115966797,44.380001068115234,13495000
2021-05-07,40.94679641723633,45.257999420166016,45.8380012512207,44.91999816894531,45.45899963378906,11712000
2021-05-10,39.45577621459961,43.61000061035156,44.85300064086914,43.57699966430664,44.8380012512207,25239000
2021-05-11,39.81495666503906,44.00699996948242,44.17599868774414,42.30500030517578,42.5,17887000
2021-05-12,38.214481353759766,42.237998962402344,43.08599853515625,41.91400146484375,42.92900085449219,29940000
2021-05-13,38.95817184448242,43.060001373291016,43.481998443603516,42.56399917602539,42.98899841308594,21841000
2021-05-14,39.95519256591797,44.1619987487793,44.512001037597656,43.20500183105469,43.638999938964844,16964000
2021-05-17,39.803192138671875,43.99399948120117,44.2140007019043,43.284000396728516,44.2140007019043,15725000
2021-05-18,39.24225616455078,43.374000549316406,44.444000244140625,43.327999114990234,44.391998291015625,17824000
2021-05-19,39.9642448425293,44.172000885009766,44.25,42.56999969482422,42.599998474121094,21369000
2021-05-20,41.16574478149414,45.5,45.93000030517578,44.53300094604492,44.57500076293945,21886000
2021-05-21,40.825557708740234,45.124000549316406,45.79899978637695,44.933998107910156,45.79899978637695,13216000
2021-05-24,41.544822692871094,45.91899871826172,46.24399948120117,45.63600158691406,45.69200134277344,14420000
2021-05-25,41.57648468017578,45.95399856567383,46.29600143432617,45.650001525878906,46.189998626708984,9600000
2021-05-26,41.662445068359375,46.04899978637695,46.209999084472656,45.553001403808594,46.07699966430664,9873000
2021-05-27,42.31295394897461,46.768001556396484,46.84400177001953,45.96500015258789,46.0,19098000
2021-05-28,42.73365783691406,47.233001708984375,47.46200180053711,46.768001556396484,47.0,19946000
2021-06-01,42.36995315551758,46.83100128173828,47.79999923706055,46.720001220703125,47.54399871826172,16277000
2021-06-02,42.860313415527344,47.37300109863281,47.77000045776367,46.946998596191406,47.18299865722656,13286000
2021-06-03,42.05238723754883,46.47999954223633,46.97600173950195,46.32600021362305,46.880001068115234,20389000
2021-06-04,42.97522735595703,47.5,47.84000015258789,46.95199966430664,47.04999923706055,23865000
2021-06-07,41.96009826660156,46.37799835205078,47.448001861572266,46.24700164794922,47.29999923706055,24142000
2021-06-08,41.93748092651367,46.35300064086914,47.23899841308594,46.35100173950195,46.80500030517578,16615000
2021-06-09,41.97367477416992,46.393001556396484,46.71900177001953,46.172000885009766,46.71900177001953,12126000
2021-06-10,42.40251541137695,46.867000579833984,46.95399856567383,46.020999908447266,46.54999923706055,15413000
2021-06-11,42.586177825927734,47.06999969482422,47.2130012512207,46.71500015258789,46.84400177001953,14508000
2021-06-14,43.05031967163086,47.58300018310547,47.59000015258789,46.60599899291992,47.04899978637695,14675000
2021-06-15,42.589805603027344,47.07400131225586,47.65700149536133,46.85499954223633,47.65599822998047,11131000
2021-06-16,42.138336181640625,46.57500076293945,47.11199951171875,46.14799880981445,47.027000427246094,20437000
2021-06-17,42.62871170043945,47.117000579833984,47.52399826049805,46.39400100708008,46.487998962402344,20881000
2021-06-18,41.93477249145508,46.349998474121094,46.97600173950195,46.05099868774414,46.72700119018555,28537000
2021-06-21,42.364234924316406,46.46099853515625,46.53799819946289,45.84400177001953,46.117000579833984,18591000
2021-06-22,42.34965133666992,46.44499969482422,46.858001708984375,46.13199996948242,46.65800094604492,13722000
2021-06-23,42.55116271972656,46.66600036621094,46.78799819946289,46.30400085449219,46.38600158691406,17674000
2021-06-24,42.861183166503906,47.00600051879883,47.3650016784668,46.86000061035156,46.98899841308594,12502000
2021-06-25,42.14449691772461,46.220001220703125,47.244998931884766,46.0,47.1349983215332,19100000
2021-06-28,43.11103057861328,47.279998779296875,47.62900161743164,46.55099868774414,46.599998474121094,13987000
2021-06-29,43.507667541503906,47.71500015258789,47.73099899291992,47.07400131225586,47.23699951171875,14184000
2021-06-30,43.479400634765625,47.683998107910156,47.85900115966797,47.25299835205078,47.8129997253418,15381000
2021-07-01,42.8228874206543,46.9640007019043,47.784000396728516,46.893001556396484,47.784000396728516,11153000
2021-07-02,42.68885040283203,46.81700134277344,47.858001708984375,45.57099914550781,47.676998138427734,37054000
2021-07-06,43.15478515625,47.327999114990234,47.67499923706055,46.83000183105469,47.040000915527344,13870000
2021-07-07,42.81376647949219,46.95399856567383,47.5359992980957,46.637001037597656,47.5,12581000
2021-07-08,42.90129470825195,47.04999923706055,47.108001708984375,46.15599822998047,46.44200134277344,16011000
2021-07-09,43.78394317626953,48.018001556396484,48.0880012512207,46.803001403808594,46.957000732421875,16782000
2021-07-12,44.291831970214844,48.57500076293945,49.402000427246094,47.32600021362305,48.13199996948242,33142000
2021-07-13,44.13317108154297,48.4010009765625,48.75299835205078,48.20000076293945,48.53300094604492,11806000
2021-07-14,43.91250991821289,48.159000396728516,49.20000076293945,48.07500076293945,48.91999816894531,14020000
2021-07-15,43.52499771118164,47.73400115966797,48.44499969482422,47.3120002746582,48.327999114990234,12624000
2021-07-16,42.679725646972656,46.80699920654297,48.02799987792969,46.72600173950195,47.90599822998047,13980000
2021-07-19,42.46089172363281,46.56700134277344,46.59700012207031,45.75899887084961,46.347999572753906,14938000
2021-07-20,42.727142333984375,46.85900115966797,47.224998474121094,46.32699966430664,46.78900146484375,20727000
2021-07-21,43.67816925048828,47.902000427246094,47.928001403808594,46.849998474121094,46.9630012512207,13660000
2021-07-22,43.43288803100586,47.632999420166016,47.89899826049805,47.45100021362305,47.65999984741211,12583000
2021-07-23,44.054752349853516,48.314998626708984,48.358001708984375,47.68299865722656,48.00299835205078,13489000
2021-07-26,43.971778869628906,48.2239990234375,48.36199951171875,47.96799850463867,48.215999603271484,11160000
2021-07-27,43.344444274902344,47.5359992980957,48.180999755859375,46.779998779296875,48.07600021362305,14715000
2021-07-28,43.553253173828125,47.76499938964844,47.90800094604492,47.43199920654297,47.66999816894531,8359000
2021-07-29,44.14228820800781,48.4109992980957,48.58300018310547,47.74399948120117,47.84700012207031,9162000
2021-07-30,44.259925842285156,48.540000915527344,48.63399887084961,47.957000732421875,48.19599914550781,11548000
2021-08-02,44.194271087646484,48.46799850463867,49.459999084472656,48.35100173950195,48.904998779296875,15619000
2021-08-03,44.38666915893555,48.67900085449219,48.7760009765625,47.99599838256836,48.54899978637695,11135000
2021-08-04,44.478755950927734,48.779998779296875,48.99800109863281,48.4010009765625,48.85300064086914,12123000
2021-08-05,44.46690368652344,48.766998291015625,49.042999267578125,48.48899841308594,49.042999267578125,8372000
2021-08-06,44.26266098022461,48.542999267578125,48.8120002746582,48.40299987792969,48.50699996948242,9964000
2021-08-09,44.194271087646484,48.46799850463867,48.68299865722656,48.099998474121094,48.64899826049805,5952000
2021-08-10,43.97359848022461,48.22600173950195,48.64500045776367,47.78300094604492,48.59000015258789,9319000
2021-08-11,44.091224670410156,48.35499954223633,48.59700012207031,47.979000091552734,48.48099899291992,9816000
2021-08-12,44.155975341796875,48.42599868774414,48.5,47.67300033569336,48.22800064086914,8702000
2021-08-13,44.3292236328125,48.61600112915039,48.89699935913086,48.21099853515625,48.26100158691406,8582000
2021-08-16,44.509761810302734,48.81399917602539,48.89099884033203,48.439998626708984,48.483001708984375,9188000
2021-08-17,43.64808654785156,47.86899948120117,48.62200164794922,47.45199966430664,48.558998107910156,16499000
2021-08-18,42.76179122924805,46.89699935913086,47.70800018310547,46.834999084472656,47.665000915527344,15616000
2021-08-19,43.17758560180664,47.35300064086914,47.58300018310547,46.26599884033203,46.6349983215332,14044000
2021-08-20,43.327125549316406,47.516998291015625,47.62300109863281,47.04399871826172,47.28200149536133,10007000
2021-08-23,43.99093246459961,48.244998931884766,48.61899948120117,47.56999969482422,47.632999420166016,15707000
2021-08-24,43.89793014526367,48.143001556396484,48.30400085449219,48.01599884033203,48.2400016784668,9429000
2021-08-25,44.078468322753906,48.340999603271484,48.62699890136719,48.15700149536133,48.15700149536133,10017000
2021-08-26,44.290924072265625,48.57400131225586,48.81100082397461,48.060001373291016,48.29999923706055,10836000
2021-08-27,45.220977783203125,49.59400177001953,49.64400100708008,48.66400146484375,48.80099868774414,16459000
2021-08-30,45.48997497558594,49.888999938964844,50.78499984741211,49.82500076293945,50.0,19614000
2021-08-31,45.3367805480957,49.72100067138672,50.12900161743164,49.27000045776367,50.12900161743164,17378000
2021-09-01,44.96749496459961,49.316001892089844,49.92399978637695,49.28900146484375,49.62699890136719,12586000
2021-09-02,44.85260009765625,49.189998626708984,49.597999572753906,49.01599884033203,49.57899856567383,16991000
2021-09-03,45.379638671875,49.768001556396484,50.599998474121094,49.50400161743164,49.590999603271484,25191000
2021-09-07,45.280250549316406,49.659000396728516,49.7599983215332,49.099998474121094,49.7599983215332,12398000
2021-09-08,45.078739166259766,49.4379997253418,49.98899841308594,48.81100082397461,49.96200180053711,13987000
2021-09-09,44.997589111328125,49.3489990234375,49.869998931884766,49.28499984741211,49.28499984741211,13174000
2021-09-10,45.42249298095703,49.814998626708984,50.5989990234375,49.6510009765625,49.70500183105469,16110000
2021-09-13,45.4963493347168,49.895999908447266,50.24700164794922,49.32600021362305,50.20000076293945,14927000
2021-09-14,45.76169204711914,50.1870002746582,50.54199981689453,49.83599853515625,50.20000076293945,14134000
2021-09-15,46.47929382324219,50.9739990234375,51.06999969482422,49.94200134277344,50.21200180053711,23346000
2021-09-16,46.26136779785156,50.73500061035156,50.915000915527344,50.020999908447266,50.52000045776367,17569000
2021-09-17,46.138282775878906,50.599998474121094,50.762001037597656,50.099998474121094,50.39699935913086,34470000
2021-09-20,45.118858337402344,49.481998443603516,50.29999923706055,48.84400177001953,49.900001525878906,30105000
2021-09-21,45.09772872924805,49.0989990234375,49.375,48.70000076293945,49.3489990234375,16935000
2021-09-22,45.979496002197266,50.058998107910156,50.29999923706055,49.22200012207031,49.42499923706055,20610000
2021-09-23,46.32027816772461,50.43000030517578,50.729000091552734,50.058998107910156,50.250999450683594,18370000
2021-09-24,46.37721633911133,50.492000579833984,50.54999923706055,50.08300018310547,50.22700119018555,10605000
2021-09-27,46.370784759521484,50.48500061035156,50.582000732421875,49.737998962402344,49.97800064086914,9831000
2021-09-28,45.10049057006836,49.10200119018555,50.14500045776367,49.05400085449219,49.70000076293945,20124000
2021-09-29,44.959041595458984,48.948001861572266,49.426998138427734,48.76499938964844,49.362998962402344,15783000
2021-09-30,44.54111862182617,48.49300003051758,49.45199966430664,48.448001861572266,49.45199966430664,15735000
2021-10-01,44.763389587402344,48.73500061035156,48.86600112915039,47.75,48.78499984741211,16052000
2021-10-04,43.716304779052734,47.595001220703125,48.65599822998047,47.27799987792969,48.49300003051758,20093000
2021-10-05,44.58613204956055,48.54199981689453,48.979000091552734,47.53300094604492,47.59400177001953,16557000
2021-10-06,44.894744873046875,48.87799835205078,48.935001373291016,47.970001220703125,48.3129997253418,12042000
2021-10-07,45.36685562133789,49.391998291015625,49.9900016784668,49.26300048828125,49.26300048828125,13261000
2021-10-08,45.2685661315918,49.28499984741211,49.79999923706055,49.12799835205078,49.68199920654297,10279000
2021-10-11,45.22173309326172,49.23400115966797,49.95899963378906,49.084999084472656,49.124000549316406,11186000
2021-10-12,44.573265075683594,48.52799987792969,49.66999816894531,48.20199966430664,49.58399963378906,20991000
2021-10-13,44.5484619140625,48.500999450683594,48.53799819946289,47.95500183105469,48.117000579833984,16424000
2021-10-14,45.70486068725586,49.7599983215332,49.915000915527344,49.082000732421875,49.18600082397461,19233000
2021-10-15,46.22381591796875,50.32500076293945,50.58599853515625,50.108001708984375,50.439998626708984,25103000
2021-10-18,46.23392868041992,50.33599853515625,50.39799880981445,49.86600112915039,50.03900146484375,16042000
2021-10-19,46.879638671875,51.03900146484375,51.08700180053711,50.176998138427734,50.43199920654297,16383000
2021-10-20,46.787784576416016,50.93899917602539,51.34299850463867,50.84400177001953,51.099998474121094,13458000
2021-10-21,47.22499084472656,51.415000915527344,51.479000091552734,50.86000061035156,50.94200134277344,11787000
2021-10-22,47.34071731567383,51.54100036621094,52.13800048828125,51.301998138427734,51.4739990234375,15367000
2021-10-25,47.952449798583984,52.207000732421875,52.45000076293945,51.518001556396484,51.749000549316406,12416000
2021-10-26,49.036285400390625,53.387001037597656,53.499000549316406,52.400001525878906,52.52299880981445,24043000
2021-10-27,48.047969818115234,52.31100082397461,53.606998443603516,52.18600082397461,53.18199920654297,23500000
2021-10-28,48.641319274902344,52.957000732421875,52.994998931884766,52.34299850463867,52.41400146484375,11872000
2021-10-29,48.83422088623047,53.16699981689453,53.21500015258789,52.349998474121094,52.349998474121094,15564000
2021-11-01,48.5017204284668,52.80500030517578,53.257999420166016,52.49300003051758,53.034000396728516,16896000
2021-11-02,49.330204010009766,53.707000732421875,54.082000732421875,52.667999267578125,52.744998931884766,16262000
2021-11-03,49.8170166015625,54.23699951171875,54.37900161743164,53.37699890136719,53.904998779296875,14038000
2021-11-04,50.391082763671875,54.86199951171875,54.90700149536133,54.09199905395508,54.380001068115234,15956000
2021-11-05,51.33713912963867,55.891998291015625,55.96699905395508,54.98099899291992,55.0,18674000
2021-11-08,51.33990478515625,55.89500045776367,56.388999938964844,55.810001373291016,56.196998596191406,17231000
2021-11-09,51.23427963256836,55.779998779296875,56.189998626708984,55.513999938964844,55.91899871826172,15838000
2021-11-10,50.40486145019531,54.87699890136719,56.09000015258789,54.80500030517578,55.43000030517578,18450000
2021-11-11,51.013832092285156,55.540000915527344,55.71200180053711,54.88100051879883,55.26900100708008,14157000
2021-11-12,51.73210525512695,56.321998596191406,56.58399963378906,55.45899963378906,55.840999603271484,13592000
2021-11-15,51.96632385253906,56.57699966430664,56.76900100708008,55.983001708984375,56.76900100708008,13972000
2021-11-16,52.24187469482422,56.87699890136719,56.952999114990234,56.27399826049805,56.409000396728516,13194000
2021-11-17,52.32178497314453,56.9640007019043,57.13600158691406,56.40999984741211,56.81399917602539,12532000
2021-11-18,52.79664611816406,57.48099899291992,57.67300033569336,56.9640007019043,57.11000061035156,12712000
2021-11-19,52.23728561401367,56.87200164794922,57.72100067138672,56.59299850463867,57.62799835205078,19612000
2021-11-22,50.81910705566406,55.327999114990234,57.20399856567383,55.24800109863281,57.167999267578125,25898000
2021-11-23,50.98810958862305,55.512001037597656,55.58599853515625,54.85300064086914,55.242000579833984,17109000
2021-11-24,51.3196907043457,55.87300109863281,55.90800094604492,54.73899841308594,55.323001861572266,12084000
2021-11-26,50.20461654663086,54.659000396728516,55.72999954223633,54.332000732421875,55.176998138427734,14219000
2021-11-29,51.83498001098633,56.433998107910156,56.755001068115234,55.36800003051758,55.619998931884766,18703000
2021-11-30,50.85585021972656,55.36800003051758,56.499000549316406,55.20000076293945,56.32699966430664,22574000
2021-12-01,50.955047607421875,55.47600173950195,56.847999572753906,55.33300018310547,56.347999572753906,21980000
2021-12-02,50.74287033081055,55.244998931884766,55.9109992980957,54.400001525878906,54.606998443603516,22619000
2021-12-03,51.263671875,55.8120002746582,56.900001525878906,55.040000915527344,56.49399948120117,20305000
2021-12-06,51.893760681152344,56.49800109863281,56.83700180053711,55.595001220703125,56.46500015258789,22482000
2021-12-07,54.228607177734375,59.040000915527344,59.30699920654297,57.20000076293945,57.20000076293945,29562000
2021-12-08,54.059600830078125,58.85599899291992,59.09400177001953,58.24300003051758,59.09400177001953,17998000
2021-12-09,53.58748245239258,58.34199905395508,59.02399826049805,58.244998931884766,58.244998931884766,29080000
2021-12-10,58.020198822021484,63.167999267578125,64.4749984741211,61.85900115966797,62.39799880981445,57087000
2021-12-13,57.09984588623047,62.16600036621094,63.44200134277344,62.12300109863281,63.400001525878906,26898000
2021-12-14,56.479862213134766,61.49100112915039,61.86199951171875,60.56399917602539,61.784000396728516,35956000
2021-12-15,58.77153396606445,63.986000061035156,64.08599853515625,61.034000396728516,61.55699920654297,29092000
2021-12-16,57.00984573364258,62.06800079345703,64.06600189208984,61.150001525878906,63.736000061035156,42748000
2021-12-17,58.321475982666016,63.49599838256836,63.999000549316406,61.5099983215332,61.75299835205078,50661000
2021-12-20,59.246402740478516,64.50299835205078,64.60900115966797,62.50899887084961,62.630001068115234,32770000
2021-12-21,59.73725891113281,64.6240005493164,64.9469985961914,63.33000183105469,64.80999755859375,36534000
2021-12-22,60.56549072265625,65.5199966430664,65.71600341796875,63.92599868774414,64.33200073242188,28383000
2021-12-23,61.45290756225586,66.4800033569336,67.072998046875,65.61299896240234,65.61299896240234,23596000
2021-12-27,62.32921600341797,67.4280014038086,67.62999725341797,66.44599914550781,66.4800033569336,19442000
2021-12-28,61.84114074707031,66.9000015258789,67.7760009765625,66.7030029296875,67.75499725341797,17247000
2021-12-29,62.174842834472656,67.26100158691406,67.69999694824219,66.91200256347656,66.9800033569336,14797000
2021-12-30,61.47877883911133,66.50800323486328,67.56999969482422,66.38400268554688,67.30999755859375,11473000
2021-12-31,61.50929641723633,66.54100036621094,67.13099670410156,66.3270034790039,66.6969985961914,12046000
2022-01-03,61.316097259521484,66.33200073242188,67.16999816894531,66.12200164794922,66.63200378417969,22591000
2022-01-04,62.01862716674805,67.09200286865234,67.21900177001953,65.7229995727539,66.28800201416016,21103000
2022-01-05,59.437747955322266,64.30000305175781,67.12100219726562,64.20099639892578,67.12100219726562,34961000
2022-01-06,58.885887145996094,63.702999114990234,64.86499786376953,63.44300079345703,64.01599884033203,28581000
2022-01-07,57.23310089111328,61.915000915527344,63.99100112915039,61.84600067138672,63.584999084472656,27832000
2022-01-10,57.41889953613281,62.11600112915039,62.20399856567383,60.356998443603516,60.88600158691406,29793000
2022-01-11,57.50117874145508,62.20500183105469,62.79999923706055,61.457000732421875,61.55400085449219,19037000
2022-01-12,57.496551513671875,62.20000076293945,63.0989990234375,61.9739990234375,62.750999450683594,18806000
2022-01-13,55.203163146972656,59.71900177001953,62.78799819946289,59.415000915527344,62.74700164794922,30048000
2022-01-14,55.127357482910156,59.637001037597656,60.03799819946289,59.20000076293945,59.577999114990234,25661000
2022-01-18,53.40985107421875,57.77899932861328,59.104000091552734,57.5989990234375,58.832000732421875,35825000
2022-01-19,52.132354736328125,56.39699935913086,58.472999572753906,56.33300018310547,58.15800094604492,22692000
2022-01-20,50.630245208740234,54.77199935913086,57.013999938964844,54.676998138427734,56.79999923706055,25225000
2022-01-21,49.29081344604492,53.323001861572266,55.540000915527344,53.13399887084961,54.66400146484375,38010000
2022-01-24,50.06266784667969,54.15800094604492,54.35100173950195,51.34000015258789,53.0890007019043,54256000
2022-01-25,49.37493896484375,53.41400146484375,54.540000915527344,52.422000885009766,52.79999923706055,38158000
2022-01-26,51.49916458129883,55.71200180053711,57.41699981689453,55.00699996948242,55.20000076293945,49715000
2022-01-27,50.130149841308594,54.23099899291992,57.0260009765625,54.10300064086914,56.97200012207031,34183000
2022-01-28,51.774627685546875,56.0099983215332,56.04999923706055,53.23899841308594,54.33599853515625,30254000
2022-01-31,54.15768051147461,58.5880012512207,58.637001037597656,55.599998474121094,55.939998626708984,40288000
2022-02-01,54.78995895385742,59.27199935913086,59.38999938964844,57.582000732421875,58.58700180053711,25719000
2022-02-02,55.77996826171875,60.34299850463867,60.47999954223633,59.362998962402344,59.900001525878906,24443000
2022-02-03,53.69271469116211,58.084999084472656,59.902000427246094,58.012001037597656,59.56700134277344,30602000
2022-02-04,54.553314208984375,59.01599884033203,59.65299987792969,57.61399841308594,57.63800048828125,20548000
2022-02-07,54.3194465637207,58.76300048828125,60.15800094604492,58.41600036621094,59.01599884033203,18671000
2022-02-08,55.48324203491211,60.02199935913086,60.185001373291016,58.69900131225586,58.8380012512207,14570000
2022-02-09,56.51115798950195,61.13399887084961,61.172000885009766,60.15599822998047,60.73500061035156,22004000
2022-02-10,54.66425323486328,59.13600158691406,61.4640007019043,58.856998443603516,59.529998779296875,24920000
2022-02-11,53.005897521972656,57.34199905395508,59.97600173950195,56.90800094604492,59.13600158691406,27281000
2022-02-14,53.48288345336914,57.858001708984375,58.28099822998047,57.00699996948242,57.5,19291000
2022-02-15,55.71895980834961,60.277000427246094,60.604000091552734,58.82500076293945,58.90299987792969,34284000
2022-02-16,55.20500946044922,59.72100067138672,60.08100128173828,58.72200012207031,59.40599822998047,22931000
2022-02-17,53.52170944213867,57.900001525878906,59.15800094604492,57.888999938964844,58.970001220703125,21424000
2022-02-18,53.613216400146484,57.999000549316406,58.77399826049805,57.327999114990234,58.09400177001953,19708000
2022-02-22,53.37934875488281,57.74599838256836,59.020999908447266,56.98099899291992,57.999000549316406,20204000
2022-02-23,52.24514389038086,56.51900100708008,58.50699996948242,56.4739990234375,58.02299880981445,22416000
2022-02-24,53.614139556884766,58.0,58.569000244140625,54.902000427246094,55.15800094604492,35316000
2022-02-25,54.354576110839844,58.80099868774414,58.9379997253418,57.400001525878906,57.983001708984375,22380000
2022-02-28,54.3018913269043,58.74399948120117,59.22999954223633,57.63800048828125,58.099998474121094,25005000
2022-03-01,52.70085525512695,57.012001037597656,58.762001037597656,56.529998779296875,58.479000091552734,24898000
2022-03-02,54.14842987060547,58.577999114990234,59.053001403808594,57.358001708984375,57.45199966430664,21771000
2022-03-03,53.4847412109375,57.86000061035156,59.369998931884766,57.43299865722656,59.36800003051758,26454000
2022-03-04,55.09223556518555,59.5989990234375,60.590999603271484,58.4010009765625,59.27899932861328,44757000
2022-03-07,52.75446701049805,57.06999969482422,59.87799835205078,57.0,59.70800018310547,26494000
2022-03-08,53.23977279663086,57.595001220703125,59.60499954223633,56.361000061035156,57.21699905395508,26993000
2022-03-09,55.187442779541016,59.70199966430664,60.16400146484375,58.70000076293945,58.87900161743164,22560000
2022-03-10,54.32869338989258,58.77299880981445,59.00199890136719,57.637001037597656,58.555999755859375,19323000
2022-03-11,53.41539764404297,57.78499984741211,59.44300079345703,57.71200180053711,59.20000076293945,19813000
2022-03-14,52.48640441894531,56.779998779296875,57.99800109863281,56.474998474121094,57.69599914550781,25234000
2022-03-15,54.79365539550781,59.2760009765625,59.67599868774414,57.50400161743164,57.72700119018555,28260000
2022-03-16,56.12106704711914,60.71200180053711,60.770999908447266,58.40599822998047,59.665000915527344,29454000
2022-03-17,55.70973205566406,60.266998291015625,60.70000076293945,59.76300048828125,60.47200012207031,18174000
2022-03-18,56.42518997192383,61.04100036621094,61.32099914550781,59.5989990234375,60.39699935913086,41538000
2022-03-21,55.9580192565918,60.12900161743164,60.560001373291016,58.88600158691406,60.560001373291016,25789000
2022-03-22,56.89329528808594,61.13399887084961,61.349998474121094,59.93299865722656,60.172000885009766,19262000
2022-03-23,55.78026580810547,59.9379997253418,61.137001037597656,59.91600036621094,60.79999923706055,13839000
2022-03-24,58.29763412475586,62.643001556396484,62.72200012207031,60.20000076293945,60.66299819946289,26016000
2022-03-25,58.524696350097656,62.887001037597656,63.04100036621094,62.00699996948242,62.70800018310547,14538000
2022-03-28,58.89787292480469,63.28799819946289,63.33000183105469,61.577999114990234,62.5880012512207,14427000
2022-03-29,59.69729232788086,64.14700317382812,64.53099822998047,63.0,64.0,23001000
2022-03-30,58.731300354003906,63.10900115966797,64.42900085449219,62.733001708984375,63.887001037597656,18626000
2022-03-31,58.600067138671875,62.96799850463867,63.900001525878906,62.80500030517578,63.04800033569336,21731000
2022-04-01,58.34880447387695,62.698001861572266,63.457000732421875,61.86899948120117,63.16899871826172,16267000
2022-04-04,59.08121109008789,63.48500061035156,63.672000885009766,62.45199966430664,62.641998291015625,16484000
2022-04-05,57.15201187133789,61.4119987487793,63.22600173950195,61.29999923706055,62.95500183105469,19778000
2022-04-06,56.02408218383789,60.20000076293945,61.159000396728516,59.37699890136719,60.20800018310547,23742000
2022-04-07,56.121795654296875,60.30500030517578,60.763999938964844,59.32400131225586,59.983001708984375,16583000
2022-04-08,54.62813186645508,58.70000076293945,59.85900115966797,58.59700012207031,59.737998962402344,20464000
2022-04-11,54.03346633911133,58.06100082397461,58.928001403808594,57.94300079345703,58.257999420166016,23512000
2022-04-12,54.448524475097656,58.50699996948242,59.85900115966797,58.21699905395508,58.9109992980957,17350000
2022-04-13,55.14371109008789,59.25400161743164,59.67100143432617,58.60499954223633,58.849998474121094,20266000
2022-04-14,53.404354095458984,57.3849983215332,59.70600128173828,57.2859992980957,59.499000549316406,27385000
2022-04-18,54.58160400390625,58.650001525878906,59.12200164794922,57.28499984741211,57.28499984741211,21375000
2022-04-19,55.6164665222168,59.762001037597656,59.869998931884766,57.93600082397461,57.93600082397461,16581000
2022-04-20,55.62577438354492,59.77199935913086,61.34299850463867,59.51300048828125,60.41999816894531,13920000
2022-04-21,55.1613883972168,59.27299880981445,61.58700180053711,59.066001892089844,60.55400085449219,20352000
2022-04-22,54.62348556518555,58.69499969482422,59.874000549316406,58.625999450683594,59.01100158691406,21064000
2022-04-25,54.71004104614258,58.78799819946289,58.875999450683594,57.11199951171875,58.14899826049805,26959000
2022-04-26,52.1219482421875,56.00699996948242,58.54600143432617,55.97100067138672,58.380001068115234,35809000
2022-04-27,52.07261657714844,55.95399856567383,57.007999420166016,55.5,55.57899856567383,19313000
2022-04-28,53.878055572509766,57.89400100708008,58.50199890136719,55.797000885009766,56.59400177001953,22334000
2022-04-29,51.59334182739258,55.43899917602539,57.827999114990234,55.34000015258789,57.262001037597656,26108000
2022-05-02,53.63701248168945,57.6349983215332,57.763999938964844,55.63800048828125,55.7140007019043,26725000
2022-05-03,54.08557891845703,58.117000579833984,58.67499923706055,57.176998138427734,57.60100173950195,17064000
2022-05-04,56.17857360839844,60.36600112915039,60.40700149536133,57.39799880981445,58.17900085449219,23896000
2022-05-05,53.97576141357422,57.999000549316406,59.7869987487793,57.42900085449219,59.42300033569336,32806000
2022-05-06,53.985992431640625,58.0099983215332,58.99800109863281,56.94300079345703,57.49399948120117,20745000
2022-05-09,52.387176513671875,56.29199981689453,57.79999923706055,56.027000427246094,57.28799819946289,30074000
2022-05-10,54.10605239868164,58.138999938964844,59.1150016784668,57.18000030517578,58.04899978637695,29271000
2022-05-11,52.777103424072266,56.71099853515625,58.46900177001953,56.58599853515625,57.45800018310547,26660000
2022-05-12,53.19217300415039,57.15700149536133,57.361000061035156,55.82600021362305,56.34000015258789,25518000
2022-05-13,54.743534088134766,58.82400131225586,59.159000396728516,57.349998474121094,57.70500183105469,19449000
2022-05-16,54.22517013549805,58.266998291015625,58.91400146484375,57.76499938964844,58.4379997253418,14189000
2022-05-17,56.59642028808594,60.814998626708984,60.900001525878906,59.361000061035156,59.54499816894531,24676000
2022-05-18,53.099098205566406,57.05699920654297,60.071998596191406,56.61800003051758,60.0,35024000
2022-05-19,50.832088470458984,54.62099838256836,56.07500076293945,53.895999908447266,55.79999923706055,34884000
2022-05-20,50.5510368347168,54.319000244140625,55.499000549316406,51.24399948120117,55.38999938964844,40281000
2022-05-23,48.98478317260742,52.63600158691406,53.55699920654297,51.42599868774414,52.400001525878906,58586000
2022-05-24,48.78376388549805,52.41999816894531,52.887001037597656,51.61899948120117,52.66600036621094,25060000
2022-05-25,49.47522735595703,53.16299819946289,53.744998931884766,52.38999938964844,52.38999938964844,17842000
2022-05-26,51.246219635009766,55.066001892089844,55.457000732421875,52.77199935913086,53.15399932861328,39743000
2022-05-27,54.281944274902344,58.327999114990234,58.54600143432617,56.000999450683594,56.20899963378906,37301000
2022-05-31,53.988792419433594,58.01300048828125,58.702999114990234,57.599998474121094,58.45000076293945,30009000
2022-06-01,53.38294982910156,57.36199951171875,59.09400177001953,56.84299850463867,58.757999420166016,18345000
2022-06-02,53.67330551147461,57.67399978637695,57.777000427246094,56.8129997253418,57.775001525878906,29488000
2022-06-03,52.42438507080078,56.332000732421875,56.959999084472656,56.097999572753906,56.887001037597656,20562000
2022-06-06,52.22990036010742,56.12300109863281,57.27199935913086,55.75400161743164,57.152000427246094,14557000
2022-06-07,53.32432556152344,57.29899978637695,57.45399856567383,55.75299835205078,56.05400085449219,15895000
2022-06-08,52.61425018310547,56.5359992980957,57.62699890136719,56.2140007019043,57.18199920654297,24004000
2022-06-09,51.763648986816406,55.62200164794922,57.36399841308594,55.59299850463867,56.11600112915039,18787000
2022-06-10,50.37235641479492,54.12699890136719,55.104000091552734,53.97200012207031,55.00899887084961,24018000
2022-06-13,48.17141342163086,51.762001037597656,53.29999923706055,51.60200119018555,52.678001403808594,31619000
2022-06-14,48.40871810913086,52.016998291015625,52.49700164794922,51.45899963378906,52.49700164794922,24380000
2022-06-15,49.01735305786133,52.67100143432617,53.382999420166016,51.551998138427734,52.915000915527344,19141000
2022-06-16,46.269195556640625,49.71799850463867,51.44300079345703,49.22800064086914,51.19499969482422,37244000
2022-06-17,46.40599822998047,49.8650016784668,50.0359992980957,48.7869987487793,49.5,43504000
2022-06-21,47.27116012573242,50.37699890136719,51.090999603271484,50.28900146484375,50.40800094604492,21901000
2022-06-22,46.55144119262695,49.61000061035156,50.37699890136719,49.41999816894531,49.63100051879883,24721000
2022-06-23,46.59648895263672,49.65800094604492,50.17499923706055,49.10100173950195,50.17499923706055,16707000
2022-06-24,47.770347595214844,50.909000396728516,51.18000030517578,50.14500045776367,50.5,21201000
2022-06-27,47.45319366455078,50.57099914550781,51.40399932861328,50.28200149536133,51.380001068115234,13207000
2022-06-28,46.77195739746094,49.845001220703125,51.415000915527344,49.81100082397461,51.26100158691406,15667000
2022-06-29,46.017520904541016,49.04100036621094,49.59299850463867,48.66699981689453,49.54800033569336,14444000
2022-06-30,45.58588790893555,48.58100128173828,49.374000549316406,48.07099914550781,48.803001403808594,18890000
2022-07-01,44.83802032470703,47.784000396728516,48.426998138427734,46.94300079345703,47.941001892089844,21315000
2022-07-05,44.693511962890625,47.630001068115234,47.69300079345703,46.39099884033203,47.20000076293945,20711000
2022-07-06,45.285606384277344,48.26100158691406,48.70500183105469,47.54999923706055,48.053001403808594,22975000
2022-07-07,46.78040313720703,49.854000091552734,50.138999938964844,48.81100082397461,48.81100082397461,21319000
2022-07-08,46.79448318481445,49.86899948120117,49.9630012512207,49.0,49.29899978637695,12713000
2022-07-11,45.3090705871582,48.2859992980957,49.1619987487793,48.097999572753906,48.94900131225586,21449000
2022-07-12,45.16925811767578,48.137001037597656,49.2599983215332,48.00699996948242,48.78200149536133,21159000
2022-07-13,45.20302963256836,48.17300033569336,48.56399917602539,47.229000091552734,47.49800109863281,17665000
2022-07-14,45.476097106933594,48.4640007019043,48.667999267578125,47.34299850463867,48.244998931884766,19957000
2022-07-15,46.39755630493164,49.44599914550781,49.4739990234375,48.612998962402344,49.08300018310547,18714000
2022-07-18,46.078514099121094,49.10599899291992,50.24100112915039,48.819000244140625,50.01599884033203,18042000
2022-07-19,47.76191329956055,50.900001525878906,51.1349983215332,49.5890007019043,49.68000030517578,27257000
2022-07-20,48.02182388305664,51.176998138427734,51.76100158691406,50.446998596191406,50.95399856567383,27412000
2022-07-21,48.57640075683594,51.768001556396484,51.78099822998047,50.60200119018555,51.255001068115234,13912000
2022-07-22,48.09220886230469,51.25199890136719,51.979000091552734,50.667999267578125,51.88100051879883,17867000
2022-07-25,48.1475715637207,51.31100082397461,51.332000732421875,50.65299987792969,51.04600143432617,15061000
2022-07-26,47.95802688598633,51.10900115966797,51.680999755859375,50.891998291015625,51.4630012512207,17958000
2022-07-27,49.525062561035156,52.77899932861328,53.01900100708008,51.69300079345703,51.81999969482422,25699000
2022-07-28,50.07118606567383,53.361000061035156,53.652000427246094,52.05799865722656,52.85900115966797,14867000
2022-07-29,50.24665451049805,53.54800033569336,53.78300094604492,53.027000427246094,53.198001861572266,18482000
2022-08-01,50.330177307128906,53.637001037597656,53.979000091552734,53.04399871826172,53.143001556396484,11485000
2022-08-02,49.845977783203125,53.12099838256836,53.91999816894531,52.722999572753906,53.321998596191406,13072000
2022-08-03,51.3032341003418,54.67399978637695,54.79999923706055,53.4119987487793,53.52899932861328,19228000
2022-08-04,51.87187194824219,55.279998779296875,55.314998626708984,54.500999450683594,54.840999603271484,16293000
2022-08-05,51.7442626953125,55.14400100708008,55.20000076293945,54.327999114990234,54.4900016784668,14357000
2022-08-08,51.189693450927734,54.553001403808594,55.29899978637695,53.874000549316406,54.935001373291016,13722000
2022-08-09,49.99518585205078,53.279998779296875,53.935001373291016,52.775001525878906,53.909000396728516,20072000
2022-08-10,51.647621154785156,55.04100036621094,55.10200119018555,53.92399978637695,54.60599899291992,19519000
2022-08-11,51.18031311035156,54.542999267578125,55.777000427246094,54.42499923706055,55.39500045776367,14268000
2022-08-12,52.38139343261719,55.823001861572266,55.840999603271484,54.564998626708984,54.78099822998047,18399000
2022-08-15,52.44989776611328,55.895999908447266,55.979000091552734,55.04999923706055,55.42300033569336,14329000
2022-08-16,51.76396560668945,55.165000915527344,55.79399871826172,54.60100173950195,55.75199890136719,14782000
2022-08-17,50.53847885131836,53.85900115966797,54.47100067138672,53.104000091552734,54.4370002746582,19022000
2022-08-18,52.402042388916016,55.845001220703125,56.055999755859375,54.16299819946289,54.340999603271484,23459000
2022-08-19,51.46181106567383,54.84299850463867,55.55799865722656,54.7869987487793,55.08599853515625,16923000
2022-08-22,49.615150451660156,52.875,54.308998107910156,52.70500183105469,54.25699996948242,18555000
2022-08-23,49.7118034362793,52.97800064086914,53.762001037597656,52.89099884033203,53.3849983215332,9003000
2022-08-24,49.81126022338867,53.08399963378906,53.130001068115234,52.34400177001953,52.95600128173828,11883000
2022-08-25,51.621334075927734,55.01300048828125,55.04800033569336,53.22600173950195,53.345001220703125,17345000
2022-08-26,48.874786376953125,52.08599853515625,55.0989990234375,52.0,54.88399887084961,25682000
2022-08-29,48.247982025146484,51.417999267578125,52.27399826049805,51.20000076293945,52.0,16580000
2022-08-30,47.517005920410156,50.638999938964844,51.79100036621094,50.138999938964844,51.683998107910156,18282000
2022-08-31,46.833885192871094,49.9109992980957,51.01599884033203,49.65399932861328,51.01599884033203,32445000
2022-09-01,46.16766357421875,49.20100021362305,49.32899856567383,48.08399963378906,49.14699935913086,31930000
2022-09-02,46.93804931640625,50.02199935913086,51.98099899291992,49.83000183105469,51.79999923706055,40426000
2022-09-06,46.748497009277344,49.81999969482422,50.400001525878906,49.0369987487793,49.85300064086914,24738000
2022-09-07,47.398773193359375,50.51300048828125,50.94300079345703,49.90800094604492,50.29100036621094,20440000
2022-09-08,48.03684616088867,51.19300079345703,51.27399826049805,49.869998931884766,50.2599983215332,22535000
2022-09-09,49.01930236816406,52.2400016784668,52.59700012207031,51.54399871826172,51.54399871826172,23019000
2022-09-12,49.644229888916016,52.90599822998047,53.125999450683594,52.45600128173828,52.67499923706055,18157000
2022-09-13,47.25989532470703,50.3650016784668,51.82699966430664,50.167999267578125,51.38399887084961,35136000
2022-09-14,47.926124572753906,51.07500076293945,51.29999923706055,50.277000427246094,50.7130012512207,20605000
2022-09-15,46.9305305480957,50.013999938964844,51.15599822998047,49.72800064086914,50.893001556396484,36574000
2022-09-16,47.151981353759766,50.25,50.36899948120117,48.986000061035156,49.77199935913086,59012000
2022-09-19,47.09005355834961,50.183998107910156,50.3390007019043,49.44200134277344,49.44200134277344,17948000
2022-09-20,46.26618957519531,49.305999755859375,49.882999420166016,48.97200012207031,49.599998474121094,17132000
2022-09-21,45.62086486816406,48.2140007019043,49.987998962402344,48.176998138427734,49.0989990234375,20669000
2022-09-22,45.192237854003906,47.76100158691406,48.32099914550781,47.29999923706055,48.24300003051758,23540000
2022-09-23,44.347259521484375,46.86800003051758,47.79899978637695,46.20000076293945,47.494998931884766,29649000
2022-09-26,43.73979187011719,46.22600173950195,47.33000183105469,46.13100051879883,46.89799880981445,19361000
2022-09-27,43.975399017333984,46.474998474121094,46.98899841308594,45.6510009765625,46.95500183105469,17850000
2022-09-28,44.08989334106445,46.59600067138672,46.875,45.6349983215332,46.13399887084961,27605000
2022-09-29,42.59202575683594,45.01300048828125,46.137001037597656,44.487998962402344,46.09000015258789,39997000
2022-09-30,42.01294708251953,44.4010009765625,45.78200149536133,44.36399841308594,44.90599822998047,27202000
2022-10-03,43.22126007080078,45.678001403808594,46.095001220703125,44.696998596191406,44.92399978637695,21479000
2022-10-04,45.40513610839844,47.986000061035156,48.01599884033203,46.58599853515625,46.849998474121094,27277000
2022-10-05,45.87255859375,48.47999954223633,48.808998107910156,47.145999908447266,47.255001068115234,18493000
2022-10-06,45.371063232421875,47.95000076293945,48.970001220703125,47.87200164794922,48.37900161743164,17250000
2022-10-07,43.57136917114258,46.04800033569336,47.33399963378906,45.902000427246094,47.237998962402344,28425000
2022-10-10,41.41587829589844,43.77000045776367,46.0099983215332,43.183998107910156,46.0,33454000
2022-10-11,40.759212493896484,43.07600021362305,43.869998931884766,42.55799865722656,43.52000045776367,28046000
2022-10-12,40.74123001098633,43.05699920654297,43.571998596191406,42.80099868774414,43.224998474121094,15046000
2022-10-13,41.441429138183594,43.797000885009766,44.37699890136719,41.50699996948242,41.742000579833984,27980000
2022-10-14,40.41289520263672,42.709999084472656,44.395999908447266,42.64099884033203,44.327999114990234,22816000
2022-10-17,41.195404052734375,43.5369987487793,44.124000549316406,43.3390007019043,43.95500183105469,24120000
2022-10-18,41.144317626953125,43.483001708984375,44.85499954223633,43.01599884033203,44.82099914550781,20341000
2022-10-19,41.188785552978516,43.529998779296875,43.83000183105469,43.0880012512207,43.323001861572266,12702000
2022-10-20,40.71569061279297,43.029998779296875,44.21900177001953,42.81399917602539,43.51300048828125,23402000
2022-10-21,42.55418014526367,44.972999572753906,45.066001892089844,42.91699981689453,43.20899963378906,26980000
2022-10-24,43.1966667175293,45.652000427246094,45.87900161743164,45.111000061035156,45.27299880981445,25287000
2022-10-25,43.53257751464844,46.00699996948242,46.42599868774414,45.68299865722656,45.79899978637695,18246000
2022-10-26,43.63759231567383,46.11800003051758,47.17599868774414,45.534000396728516,45.79899978637695,29291000
2022-10-27,43.090675354003906,45.540000915527344,47.07699966430664,45.49100112915039,46.60499954223633,18512000
2022-10-28,44.74656295776367,47.290000915527344,47.433998107910156,45.564998626708984,45.69599914550781,23094000
2022-10-31,44.483516693115234,47.012001037597656,47.28099822998047,46.500999450683594,46.685001373291016,19259000
2022-11-01,44.2734489440918,46.790000915527344,47.68299865722656,46.31700134277344,47.58000183105469,16324000
2022-11-02,43.15029525756836,45.60300064086914,48.04499816894531,45.571998596191406,47.02799987792969,21070000
2022-11-03,42.023353576660156,44.4119987487793,45.2859992980957,44.13600158691406,45.09400177001953,23887000
2022-11-04,44.027435302734375,46.529998779296875,46.888999938964844,45.327999114990234,45.68600082397461,28891000
2022-11-07,44.966087341308594,47.52199935913086,47.77399826049805,46.15700149536133,46.676998138427734,17687000
2022-11-08,45.6180305480957,48.21099853515625,48.880001068115234,47.349998474121094,48.125,20743000
2022-11-09,44.42201232910156,46.946998596191406,47.900001525878906,46.90299987792969,47.849998474121094,23695000
2022-11-10,47.93246841430664,50.65700149536133,50.71699905395508,48.71900177001953,49.099998474121094,33970000
2022-11-11,49.022518157958984,51.808998107910156,51.900001525878906,50.20000076293945,50.47999954223633,26728000
2022-11-14,48.56170654296875,51.321998596191406,52.50199890136719,51.29999923706055,51.53900146484375,21608000
2022-11-15,49.6214714050293,52.44200134277344,53.25699996948242,51.590999603271484,52.99599838256836,23315000
2022-11-16,48.420719146728516,51.17300033569336,51.854000091552734,51.02799987792969,51.672000885009766,25405000
2022-11-17,48.45667266845703,51.21099853515625,51.27399826049805,50.31399917602539,50.5,20375000
2022-11-18,48.74527359008789,51.51599884033203,51.77299880981445,51.099998474121094,51.6870002746582,14536000
2022-11-21,48.96100997924805,51.74399948120117,52.084999084472656,51.111000061035156,51.29399871826172,18622000
2022-11-22,50.15418243408203,53.005001068115234,53.02799987792969,51.9010009765625,52.297000885009766,18920000
2022-11-23,50.493873596191406,53.36399841308594,54.14799880981445,52.880001068115234,53.03499984741211,13964000
2022-11-25,50.140933990478516,52.99100112915039,53.45800018310547,52.948001861572266,53.069000244140625,7455000
2022-11-28,49.412357330322266,52.22100067138672,52.875999450683594,51.624000549316406,52.52399826049805,23505000
2022-11-29,49.33476638793945,52.138999938964844,52.584999084472656,51.483001708984375,52.29999923706055,12694000
2022-11-30,52.13935089111328,55.10300064086914,55.16600036621094,51.78300094604492,52.4109992980957,47349000
2022-12-01,52.112857818603516,55.07500076293945,55.242000579833984,54.19599914550781,55.10300064086914,23006000
2022-12-02,51.17136764526367,54.08000183105469,54.27000045776367,53.608001708984375,53.70500183105469,19320000
2022-12-05,50.21001434326172,53.06399917602539,53.948001861572266,52.54899978637695,53.777000427246094,18548000
2022-12-06,49.75394058227539,52.582000732421875,53.356998443603516,52.17499923706055,53.064998626708984,19655000
2022-12-07,49.061302185058594,51.849998474121094,52.5,51.60499954223633,51.959999084472656,16524000
2022-12-08,50.251651763916016,53.108001708984375,53.242000579833984,52.03799819946289,52.08100128173828,27514000
2022-12-09,51.54228973388672,54.47200012207031,55.263999938964844,54.099998474121094,55.09400177001953,37028000
2022-12-12,52.669227600097656,55.66299819946289,55.6870002746582,54.2239990234375,54.474998474121094,23416000
2022-12-13,54.03273391723633,57.104000091552734,58.183998107910156,56.50299835205078,57.582000732421875,40414000
2022-12-14,54.35443878173828,57.444000244140625,58.564998626708984,56.77299880981445,56.85499954223633,35218000
2022-12-15,52.798858642578125,55.79999923706055,56.64899826049805,55.77000045776367,56.37799835205078,36876000
2022-12-16,52.60110092163086,55.590999603271484,55.97999954223633,55.08700180053711,55.744998931884766,49549000
2022-12-19,52.440818786621094,54.9630012512207,55.64799880981445,54.571998596191406,55.402000427246094,25092000
2022-12-20,51.905555725097656,54.402000427246094,54.900001525878906,54.09199905395508,54.516998291015625,29831000
2022-12-21,53.547584533691406,56.12300109863281,56.191001892089844,54.69499969482422,54.766998291015625,25619000
2022-12-22,52.77092742919922,55.308998107910156,55.49399948120117,54.720001220703125,55.334999084472656,27553000
2022-12-23,52.70796585083008,55.24300003051758,55.36199951171875,54.744998931884766,55.0,13761000
2022-12-27,52.81386947631836,55.354000091552734,55.81100082397461,54.694000244140625,55.154998779296875,16677000
2022-12-28,51.98855972290039,54.48899841308594,55.777000427246094,54.244998931884766,55.16400146484375,15410000
2022-12-29,53.221275329589844,55.78099822998047,56.2599983215332,55.04999923706055,55.185001373291016,18176000
2022-12-30,53.34721374511719,55.91299819946289,55.96500015258789,54.80099868774414,55.18199920654297,14376000
2023-01-03,52.80815124511719,55.347999572753906,56.75699996948242,55.07899856567383,56.5,20173000
2023-01-04,53.453121185302734,56.02399826049805,56.816001892089844,55.60300064086914,56.29899978637695,17074000
2023-01-05,52.955078125,55.50199890136719,55.98400115966797,55.11199951171875,55.57099914550781,16277000
2023-01-06,56.14276885986328,58.84299850463867,59.099998474121094,56.22999954223633,56.3120002746582,35261000
2023-01-09,55.04172134399414,57.68899917602539,60.16699981689453,56.055999755859375,59.22999954223633,37739000
2023-01-10,54.85472106933594,57.49300003051758,57.51300048828125,54.999000549316406,57.20000076293945,44635000
2023-01-11,55.16097640991211,57.81399917602539,57.83399963378906,56.6870002746582,57.29999923706055,22502000
2023-01-12,55.52354431152344,58.194000244140625,58.51100158691406,57.375999450683594,57.558998107910156,19514000
2023-01-13,55.243038177490234,57.900001525878906,58.19300079345703,57.66699981689453,57.71500015258789,19647000
2023-01-17,55.265926361083984,57.92399978637695,58.5359992980957,57.45399856567383,57.4900016784668,15835000
2023-01-18,54.79365158081055,57.42900085449219,58.75600051879883,57.37200164794922,58.32099914550781,15703000
2023-01-19,53.737449645996094,56.321998596191406,57.00600051879883,56.03099822998047,56.9119987487793,22692000
2023-01-20,54.4587516784668,57.077999114990234,57.13600158691406,55.9109992980957,56.303001403808594,22950000
2023-01-23,55.49396514892578,58.16299819946289,58.479000091552734,56.97800064086914,57.20000076293945,23429000
2023-01-24,55.818359375,58.50299835205078,58.66899871826172,57.5629997253418,57.84400177001953,13825000
2023-01-25,55.88038635253906,58.56800079345703,58.696998596191406,57.604000091552734,57.766998291015625,13766000
2023-01-26,57.11118698120117,59.858001708984375,60.055999755859375,58.625999450683594,59.04100036621094,24525000
2023-01-27,56.38701248168945,59.0989990234375,59.92499923706055,59.01900100708008,59.332000732421875,19344000
2023-01-30,55.4767951965332,58.14500045776367,58.96099853515625,57.97600173950195,58.29999923706055,16984000
2023-01-31,55.81645584106445,58.500999450683594,58.722999572753906,58.07400131225586,58.207000732421875,23719000
2023-02-01,57.50905227661133,60.275001525878906,60.83000183105469,58.27000045776367,58.356998443603516,26553000
2023-02-02,57.797203063964844,60.57699966430664,61.31399917602539,59.974998474121094,60.76300048828125,24188000
2023-02-03,57.019588470458984,59.762001037597656,60.80400085449219,59.625,59.79999923706055,19093000
2023-02-06,57.370704650878906,60.130001068115234,60.321998596191406,59.22600173950195,59.33399963378906,18709000
2023-02-07,58.625362396240234,61.44499969482422,61.70100021362305,59.97200012207031,60.066001892089844,24025000
2023-02-08,57.40983200073242,60.17100143432617,61.018001556396484,60.0620002746582,60.667999267578125,15290000
2023-02-09,57.19038009643555,59.941001892089844,61.49300003051758,59.54800033569336,61.2599983215332,18837000
2023-02-10,56.60264205932617,59.32500076293945,59.84600067138672,58.9630012512207,59.63100051879883,21035000
2023-02-13,57.35353469848633,60.11199951171875,60.14799880981445,59.34700012207031,59.5,19847000
2023-02-14,57.467071533203125,60.23099899291992,60.55799865722656,59.332000732421875,59.41699981689453,17571000
2023-02-15,57.980384826660156,60.76900100708008,60.827999114990234,59.66999816894531,59.88600158691406,12683000
2023-02-16,57.29820251464844,60.05400085449219,60.89400100708008,59.95500183105469,60.07500076293945,17449000
2023-02-17,56.825904846191406,59.558998107910156,60.084999084472656,59.244998931884766,60.0,14215000
2023-02-21,55.48537826538086,58.15399932861328,59.308998107910156,57.98400115966797,59.0,22737000
2023-02-22,54.9730224609375,57.617000579833984,58.308998107910156,57.209999084472656,58.224998474121094,23475000
2023-02-23,55.701011657714844,58.380001068115234,58.59400177001953,57.36800003051758,58.57500076293945,18939000
2023-02-24,55.123775482177734,57.775001525878906,58.02399826049805,57.361000061035156,57.75299835205078,15353000
2023-02-27,55.85843276977539,58.54499816894531,58.97999954223633,58.42599868774414,58.58700180053711,18321000
2023-02-28,56.70188522338867,59.42900085449219,59.858001708984375,58.21799850463867,58.555999755859375,27822000
2023-03-01,56.63317108154297,59.356998443603516,59.82099914550781,59.029998779296875,59.400001525878906,15484000
2023-03-02,57.117862701416016,59.8650016784668,60.09400177001953,58.612998962402344,58.93899917602539,27525000
2023-03-03,60.372337341308594,63.2760009765625,63.573001861572266,61.57500076293945,61.77000045776367,46088000
2023-03-06,60.38759994506836,63.29199981689453,64.40499877929688,63.17300033569336,63.5,24983000
2023-03-07,59.64625930786133,62.51499938964844,63.577999114990234,62.35100173950195,63.48699951171875,19334000
2023-03-08,60.32463455200195,63.22600173950195,63.27299880981445,62.367000579833984,62.77799987792969,20912000
2023-03-09,59.395328521728516,62.25199890136719,64.24400329589844,62.1879997253418,63.007999420166016,21775000
2023-03-10,58.66161346435547,61.483001708984375,63.01599884033203,61.28200149536133,62.819000244140625,26098000
2023-03-13,58.81809616088867,61.64699935913086,62.43899917602539,60.6879997253418,60.70899963378906,22364000
2023-03-14,60.34370803833008,63.24599838256836,63.33700180053711,61.849998474121094,62.3390007019043,25893000
2023-03-15,59.731170654296875,62.604000091552734,63.00699996948242,61.619998931884766,62.766998291015625,22963000
2023-03-16,60.72917556762695,63.650001525878906,63.707000732421875,61.78099822998047,62.185001373291016,31716000
2023-03-17,60.20155715942383,63.09700012207031,63.957000732421875,62.70800018310547,63.650001525878906,79303000
2023-03-20,61.41709899902344,64.37100219726562,64.4739990234375,63.15999984741211,63.27399826049805,25857000
2023-03-21,61.190303802490234,63.67499923706055,64.65899658203125,63.43299865722656,64.30899810791016,25000000
2023-03-22,60.63005065917969,63.09199905395508,64.8499984741211,63.06700134277344,63.689998626708984,25799000
2023-03-23,61.42862319946289,63.92300033569336,64.81800079345703,63.15299987792969,63.88999938964844,27162000
2023-03-24,61.134559631347656,63.617000579833984,63.93000030517578,62.85499954223633,63.803001403808594,17228000
2023-03-27,60.237972259521484,62.683998107910156,63.90999984741211,62.5989990234375,63.900001525878906,14707000
2023-03-28,60.03232955932617,62.470001220703125,62.65399932861328,61.88600158691406,62.52299880981445,12439000
2023-03-29,60.10919952392578,62.54999923706055,63.4010009765625,62.4640007019043,63.27799987792969,26395000
2023-03-30,60.902008056640625,63.375,63.60499954223633,62.93000030517578,63.27299880981445,21523000
2023-03-31,61.65060043334961,64.15399932861328,64.22200012207031,62.590999603271484,63.05400085449219,22097000
2023-04-03,61.73997497558594,64.24700164794922,64.38999938964844,63.64400100708008,63.900001525878906,15682000
2023-04-04,60.96542739868164,63.441001892089844,64.42400360107422,63.20000076293945,64.31500244140625,13429000
2023-04-05,60.44649887084961,62.9010009765625,63.16999816894531,62.56999969482422,63.11399841308594,16908000
2023-04-06,59.83436584472656,62.263999938964844,62.84000015258789,61.89699935913086,62.41600036621094,14493000
2023-04-10,60.29082489013672,62.73899841308594,62.7869987487793,61.64500045776367,61.80500030517578,15400000
2023-04-11,59.731536865234375,62.15700149536133,63.0880012512207,62.082000732421875,63.077999114990234,16518000
2023-04-12,59.2635383605957,61.66999816894531,62.75199890136719,61.625999450683594,62.73400115966797,14112000
2023-04-13,59.98811340332031,62.42399978637695,62.650001525878906,61.71099853515625,61.90700149536133,17265000
2023-04-14,59.53644943237305,61.95399856567383,62.803001403808594,61.520999908447266,62.04800033569336,17465000
2023-04-17,60.28793716430664,62.736000061035156,62.83399963378906,61.78099822998047,61.861000061035156,13201000
2023-04-18,60.76457595825195,63.231998443603516,63.54999923706055,62.7130012512207,63.1619987487793,16806000
2023-04-19,60.974082946777344,63.45000076293945,63.67900085449219,62.55500030517578,62.67900085449219,19060000
2023-04-20,60.83184814453125,63.301998138427734,64.27300262451172,62.7140007019043,62.7859992980957,20239000
2023-04-21,60.82032012939453,63.290000915527344,63.380001068115234,62.19900131225586,63.060001373291016,14807000
2023-04-24,60.97792053222656,63.45399856567383,63.8849983215332,63.17900085449219,63.36399841308594,12338000
2023-04-25,59.77477264404297,62.20199966430664,63.5989990234375,62.17399978637695,63.39899826049805,23670000
2023-04-26,59.21452331542969,61.61899948120117,62.3129997253418,61.35100173950195,61.99700164794922,17179000
2023-04-27,59.427860260009766,61.840999603271484,62.00899887084961,60.323001861572266,61.61899948120117,18250000
2023-04-28,60.205291748046875,62.650001525878906,62.678001403808594,61.45600128173828,61.90700149536133,16183000
2023-05-01,61.30561447143555,63.79499816894531,63.89899826049805,62.619998931884766,62.650001525878906,17030000
2023-05-02,58.84455108642578,61.23400115966797,62.650001525878906,60.50199890136719,62.57600021362305,28357000
2023-05-03,58.92720031738281,61.31999969482422,62.19499969482422,61.2400016784668,61.689998626708984,19816000
2023-05-04,58.63505554199219,61.01599884033203,61.395999908447266,60.12900161743164,61.0,17684000
2023-05-05,60.55316925048828,63.012001037597656,63.14699935913086,61.33700180053711,61.595001220703125,24876000
2023-05-08,60.4513053894043,62.90599822998047,63.073001861572266,62.05799865722656,62.97800064086914,13934000
2023-05-09,59.43748092651367,61.85100173950195,62.40700149536133,61.58599853515625,62.27299880981445,16990000
2023-05-10,60.183189392089844,62.62699890136719,62.79999923706055,61.82699966430664,62.20600128173828,19174000
2023-05-11,60.31772994995117,62.766998291015625,62.847999572753906,61.79899978637695,62.65800094604492,14430000
2023-05-12,60.65214538574219,63.1150016784668,63.27000045776367,62.42100143432617,62.8380012512207,11942000
2023-05-15,61.48339080810547,63.97999954223633,64.00199890136719,62.84700012207031,63.1870002746582,14614000
2023-05-16,61.6410026550293,64.14399719238281,64.69100189208984,63.87300109863281,64.0459976196289,14967000
2023-05-17,63.18145751953125,65.74700164794922,66.08999633789062,64.45800018310547,64.73500061035156,24133000
2023-05-18,65.14472198486328,67.79000091552734,67.93599700927734,65.5999984741211,65.5999984741211,26389000
2023-05-19,65.562744140625,68.2249984741211,68.49500274658203,67.84100341796875,68.0,22968000
2023-05-22,65.18988800048828,67.83699798583984,68.46800231933594,67.41200256347656,68.13999938964844,17796000
2023-05-23,65.9711685180664,68.6500015258789,69.89900207519531,68.2020034790039,69.06400299072266,36088000
2023-05-24,65.30136108398438,67.9530029296875,68.43099975585938,67.60600280761719,68.14399719238281,23021000
2023-05-25,70.0361099243164,72.87999725341797,73.23899841308594,69.0770034790039,69.94100189208984,49263000
2023-05-26,78.10160064697266,81.27300262451172,81.49800109863281,74.7020034790039,74.74299621582031,82500000
2023-05-30,77.1992416381836,80.33399963378906,92.1780014038086,79.88099670410156,83.51200103759766,116912000
2023-05-31,77.6432113647461,80.7959976196289,82.16699981689453,79.01300048828125,79.48999786376953,89998000
2023-06-01,75.91249084472656,78.99500274658203,80.5790023803711,78.51599884033203,80.06199645996094,80792000
2023-06-02,78.03144073486328,81.19999694824219,82.37699890136719,78.72000122070312,79.06400299072266,62815000
2023-06-05,77.09931182861328,80.2300033569336,80.91999816894531,79.447998046875,80.91999816894531,26222000
2023-06-06,75.91729736328125,79.0,80.19999694824219,77.63800048828125,80.19999694824219,37823000
2023-06-07,76.17002868652344,79.26300048828125,80.54499816894531,78.7509994506836,78.98200225830078,28957000
2023-06-08,77.28189086914062,80.41999816894531,80.5009994506836,78.87799835205078,79.49099731445312,21909000
2023-06-09,77.32222747802734,80.46199798583984,81.7750015258789,80.38800048828125,80.58000183105469,19241000
2023-06-12,82.19823455810547,85.53600311279297,85.80000305175781,81.11199951171875,81.11199951171875,51065000
2023-06-13,81.7907943725586,85.11199951171875,86.32599639892578,84.0999984741211,86.11299896240234,38990000
2023-06-14,85.15998077392578,88.61799621582031,88.85399627685547,84.72200012207031,85.58999633789062,43524000
2023-06-15,84.89572143554688,88.34300231933594,88.7969970703125,87.10199737548828,88.44100189208984,33814000
2023-06-16,83.42350006103516,86.81099700927734,88.99500274658203,86.54499816894531,88.9280014038086,68299000
2023-06-20,83.41580963134766,86.8030014038086,87.70700073242188,86.10099792480469,86.26599884033203,27535000
2023-06-21,81.89225769042969,84.76599884033203,86.5999984741211,84.45999908447266,86.0,23229000
2023-06-22,81.38699340820312,84.24299621582031,84.89099884033203,83.53099822998047,84.50900268554688,23464000
2023-06-23,79.4277572631836,82.21499633789062,83.60199737548828,81.88500213623047,83.4010009765625,37413000
2023-06-26,79.37752532958984,82.16300201416016,83.69999694824219,82.02200317382812,82.5,21372000
2023-06-27,81.96376037597656,84.83999633789062,85.0,82.0999984741211,82.86799621582031,24923000
2023-06-28,81.9193115234375,84.79399871826172,85.85299682617188,83.70600128173828,83.87300109863281,19445000
2023-06-29,83.33272552490234,86.25700378417969,86.28399658203125,84.64099884033203,85.44499969482422,23386000
2023-06-30,83.80225372314453,86.74299621582031,87.45700073242188,86.43299865722656,86.85199737548828,23145000
2023-07-03,84.67269897460938,87.64399719238281,87.6729965209961,86.49199676513672,86.86199951171875,9038000
2023-07-05,83.2641372680664,86.18599700927734,87.69000244140625,86.17500305175781,86.73999786376953,14440000
2023-07-06,81.92513275146484,84.80000305175781,85.38999938964844,84.43299865722656,84.5,23939000
2023-07-07,81.80435180664062,84.67500305175781,85.79900360107422,84.46600341796875,85.04299926757812,19409000
2023-07-10,84.79732513427734,87.77300262451172,87.91699981689453,84.8280029296875,84.8280029296875,30622000
2023-07-11,85.21468353271484,88.20500183105469,88.30000305175781,86.46299743652344,88.11100006103516,25498000
2023-07-12,85.9779052734375,88.99500274658203,89.75900268554688,88.19999694824219,88.9000015258789,28197000
2023-07-13,86.01751708984375,89.03600311279297,89.89399719238281,87.8270034790039,89.89399719238281,25912000
2023-07-14,85.84555053710938,88.85800170898438,90.33499908447266,88.61599731445312,88.61599731445312,18510000
2023-07-17,87.94873046875,91.03500366210938,91.32099914550781,88.97799682617188,89.10099792480469,26819000
2023-07-18,87.28018951416016,90.34300231933594,90.98999786376953,89.82599639892578,90.5979995727539,24513000
2023-07-19,87.08118438720703,90.13700103759766,90.59700012207031,88.56300354003906,89.72699737548828,24118000
2023-07-20,85.82235717773438,88.83399963378906,90.69999694824219,88.5999984741211,89.25399780273438,28268000
2023-07-21,86.63485717773438,89.67500305175781,91.11499786376953,89.38300323486328,90.4489974975586,74287000
2023-07-24,87.10244750976562,90.15899658203125,90.54399871826172,89.4229965209961,90.08000183105469,19992000
2023-07-25,88.68684387207031,91.79900360107422,92.31800079345703,90.06199645996094,90.06199645996094,20042000
2023-07-26,86.28125,89.30899810791016,91.06199645996094,88.76499938964844,90.9000015258789,19877000
2023-07-27,86.32374572753906,89.35299682617188,90.98500061035156,88.5999984741211,90.8499984741211,21922000
2023-07-28,86.92853546142578,89.97899627685547,90.35600280761719,89.3949966430664,89.93199920654297,18791000
2023-07-31,86.81839752197266,89.86499786376953,90.0999984741211,89.0999984741211,89.75,14952000
2023-08-01,88.88101959228516,92.0,92.06199645996094,89.7699966430664,89.89800262451172,19683000
2023-08-02,86.20494079589844,89.2300033569336,91.30000305175781,89.02899932861328,91.2300033569336,26877000
2023-08-03,85.49774932861328,88.49800109863281,89.53299713134766,88.10800170898438,88.66200256347656,18281000
2023-08-04,85.17604064941406,88.16500091552734,89.36199951171875,87.33699798583984,88.49800109863281,21156000
2023-08-07,86.66478729248047,89.70600128173828,89.73699951171875,88.5270004272461,88.76799774169922,11146000
2023-08-08,85.32191467285156,88.31600189208984,89.05999755859375,87.33999633789062,89.00900268554688,14081000
2023-08-09,82.18885040283203,85.072998046875,88.35299682617188,84.87200164794922,88.27200317382812,24672000
2023-08-10,81.4323959350586,84.29000091552734,86.1500015258789,83.70700073242188,85.31199645996094,20186000
2023-08-11,80.1629409790039,82.97599792480469,83.63999938964844,82.3479995727539,83.4010009765625,20331000
2023-08-14,82.51443481445312,85.41000366210938,85.41799926757812,82.73799896240234,83.11299896240234,17688000
2023-08-15,81.39569854736328,84.25199890136719,85.46199798583984,83.64600372314453,84.9209976196289,14035000
2023-08-16,80.4749984741211,83.29900360107422,85.44999694824219,83.19599914550781,84.77899932861328,16003000
2023-08-17,79.90596771240234,82.70999908447266,83.94200134277344,82.70099639892578,83.6510009765625,19228000
2023-08-18,79.78425598144531,82.58399963378906,82.81700134277344,81.19999694824219,82.0,17759000
2023-08-21,83.58099365234375,86.51399993896484,86.73400115966797,83.177001953125,83.40599822998047,30012000
2023-08-22,82.67770385742188,85.5790023803711,87.4749984741211,85.08799743652344,87.34100341796875,17079000
2023-08-23,84.68621826171875,87.65799713134766,87.81900024414062,85.0,85.0770034790039,19692000
2023-08-24,82.54920959472656,85.44599914550781,90.98600006103516,85.24600219726562,90.23500061035156,30934000
2023-08-25,82.2941665649414,85.18199920654297,86.94400024414062,83.76699829101562,85.7020034790039,24181000
2023-08-28,83.18877410888672,86.10800170898438,86.41300201416016,84.71099853515625,85.63899993896484,14306000
2023-08-29,85.97595977783203,88.99299621582031,89.28399658203125,85.64199829101562,85.83999633789062,27822000
2023-08-30,86.20299530029297,89.22799682617188,89.87100219726562,87.91100311279297,89.23899841308594,23234000
2023-08-31,89.16021728515625,92.28900146484375,92.36699676513672,89.37699890136719,89.8010025024414,55203000
2023-09-01,84.29398345947266,87.25199890136719,90.18699645996094,86.46600341796875,90.18699645996094,65017000
2023-09-05,84.26019287109375,87.21700286865234,88.30000305175781,86.69999694824219,86.95099639892578,24808000
2023-09-06,84.26982879638672,87.22699737548828,87.73699951171875,86.67400360107422,87.25,20142000
2023-09-07,82.7975082397461,85.7030029296875,86.16899871826172,84.052001953125,85.94999694824219,27789000
2023-09-08,82.84774780273438,85.75499725341797,86.08300018310547,85.01200103759766,85.5,16810000
2023-09-11,83.00135803222656,85.91400146484375,86.9000015258789,84.56500244140625,86.87699890136719,15710000
2023-09-12,81.58892059326172,84.4520034790039,85.8270034790039,84.16600036621094,85.02400207519531,16680000
2023-09-13,82.40139770507812,85.29299926757812,85.91100311279297,84.42400360107422,84.71900177001953,17413000
2023-09-14,84.20897674560547,87.16400146484375,87.66699981689453,85.5,85.90299987792969,19648000
2023-09-15,82.28064727783203,85.16799926757812,86.81600189208984,84.29000091552734,86.81600189208984,50190000
2023-09-18,82.11833190917969,85.0,85.63300323486328,84.0,84.25800323486328,16541000
2023-09-19,82.04105377197266,84.91999816894531,85.10299682617188,83.8499984741211,84.5989990234375,13126000
2023-09-20,80.67823028564453,83.05699920654297,84.9990005493164,83.03500366210938,84.9990005493164,13681000
2023-09-21,78.52084350585938,80.83599853515625,82.25,79.50900268554688,79.51100158691406,53654000
2023-09-22,80.53350067138672,82.90799713134766,83.05799865722656,81.03800201416016,81.1240005493164,27764000
2023-09-25,81.00072479248047,83.38899993896484,83.85600280761719,82.3010025024414,82.80000305175781,15648000
2023-09-26,79.28141021728516,81.61900329589844,83.0270004272461,81.12100219726562,82.91699981689453,17641000
2023-09-27,79.34164428710938,81.68099975585938,82.36799621582031,80.43800354003906,81.9260025024414,15352000
2023-09-28,80.81713104248047,83.19999694824219,83.88600158691406,81.46800231933594,82.01699829101562,16180000
2023-09-29,80.67919921875,83.05799865722656,84.40399932861328,82.29100036621094,83.6449966430664,16481000
2023-10-02,81.10367584228516,83.49500274658203,83.85600280761719,82.3499984741211,82.90599822998047,14676000
2023-10-03,79.1493148803711,81.48300170898438,83.57499694824219,80.89099884033203,82.69999694824219,18761000
2023-10-04,80.0215835571289,82.38099670410156,83.05799865722656,81.62999725341797,82.03299713134766,16417000
2023-10-05,80.02644348144531,82.38600158691406,82.86299896240234,81.5479965209961,82.01100158691406,11474000
2023-10-06,82.10515594482422,84.5260009765625,84.83899688720703,81.1719970703125,81.94000244140625,21103000
2023-10-09,83.13673400878906,85.58799743652344,85.66100311279297,83.78299713134766,84.0459976196289,15760000
2023-10-10,83.38249206542969,85.84100341796875,87.25499725341797,85.5719985961914,85.71499633789062,14718000
2023-10-11,84.95124053955078,87.45600128173828,87.53399658203125,85.65499877929688,85.97100067138672,14334000
2023-10-12,87.96633911132812,90.55999755859375,91.79299926757812,87.64299774169922,87.64299774169922,43871000
2023-10-13,85.7885513305664,88.31800079345703,92.59100341796875,88.20899963378906,90.9000015258789,28312000
2023-10-16,87.67202758789062,90.25700378417969,91.5790023803711,89.09700012207031,89.09700012207031,21150000
2023-10-17,85.90705871582031,88.44000244140625,89.2979965209961,86.5999984741211,88.51499938964844,33008000
2023-10-18,86.16252136230469,88.7030029296875,89.56300354003906,87.5199966430664,87.99500274658203,20404000
2023-10-19,84.2975082397461,86.78299713134766,88.9489974975586,86.56700134277344,88.7020034790039,26620000
2023-10-20,82.9181900024414,85.36299896240234,87.48999786376953,85.18399810791016,87.48999786376953,26953000
2023-10-23,83.75257873535156,86.22200012207031,87.36000061035156,84.28199768066406,85.7959976196289,16456000
2023-10-24,85.58748626708984,88.11100006103516,88.30000305175781,86.31199645996094,86.4000015258789,14972000
2023-10-25,82.52963256835938,84.96299743652344,87.87300109863281,84.60800170898438,87.70700073242188,21432000
2023-10-26,80.30717468261719,82.67500305175781,85.44200134277344,81.83399963378906,84.79100036621094,27917000
2023-10-27,81.4349136352539,83.83599853515625,84.02100372314453,82.85399627685547,83.0,18236000
2023-10-30,81.71564483642578,84.125,84.94300079345703,82.71499633789062,84.11000061035156,20889000
2023-10-31,81.727294921875,84.13700103759766,84.55000305175781,83.26000213623047,84.38899993896484,14747000
2023-11-01,82.85116577148438,85.29399871826172,85.38300323486328,83.55699920654297,84.19999694824219,18684000
2023-11-02,84.63458251953125,87.12999725341797,88.05000305175781,86.0,86.19999694824219,18759000
2023-11-03,85.73997497558594,88.26799774169922,88.75,87.10600280761719,87.75,18041000
2023-11-06,85.5602798461914,88.08300018310547,88.58899688720703,87.12100219726562,88.15599822998047,12870000
2023-11-07,87.21062469482422,89.78199768066406,90.177001953125,87.61599731445312,88.23200225830078,19365000
2023-11-08,88.50350952148438,91.11299896240234,91.29100036621094,89.9000015258789,90.0,15280000
2023-11-09,88.52779388427734,91.13800048828125,92.9800033569336,90.85600280761719,91.25,24486000
2023-11-10,93.0096435546875,95.75199890136719,95.8949966430664,91.82099914550781,92.17400360107422,36272000
2023-11-13,91.98096466064453,94.69300079345703,95.23999786376953,94.0479965209961,95.00499725341797,16893000
2023-11-14,94.5094223022461,97.2959976196289,97.677001953125,95.5250015258789,96.23400115966797,23886000
2023-11-15,94.7464370727539,97.54000091552734,98.17500305175781,96.69100189208984,97.95099639892578,16099000
2023-11-16,93.20682525634766,95.95500183105469,96.87000274658203,95.052001953125,96.4000015258789,26198000
2023-11-17,94.97277069091797,97.77300262451172,98.38899993896484,95.0999984741211,95.82099914550781,19789000
2023-11-20,96.71927642822266,99.57099914550781,99.98699951171875,97.30000305175781,97.30000305175781,18674000
2023-11-21,95.30982971191406,98.12000274658203,99.0999984741211,97.16300201416016,97.5,43344000
2023-11-22,94.41615295410156,97.19999694824219,98.79900360107422,97.0999984741211,98.36900329589844,33743000
2023-11-24,95.08348846435547,97.88700103759766,97.98600006103516,96.67500305175781,97.49600219726562,23158000
2023-11-27,92.30248260498047,95.02400207519531,98.10099792480469,94.93299865722656,97.61499786376953,96962000
2023-11-28,91.92463684082031,94.63500213623047,95.08599853515625,93.41600036621094,93.99400329589844,39025000
2023-11-29,91.38844299316406,94.08300018310547,95.94300079345703,93.93699645996094,94.83399963378906,34843000
2023-11-30,89.92169189453125,92.572998046875,94.24199676513672,91.83699798583984,94.0999984741211,49571000
2023-12-01,90.33645629882812,93.0,93.38999938964844,90.80000305175781,92.24600219726562,29612000
2023-12-04,89.75074768066406,92.39700317382812,93.09700012207031,91.64399719238281,92.06400299072266,25009000
2023-12-05,88.6968002319336,91.31199645996094,91.72699737548828,90.58499908447266,91.16000366210938,37066000
2023-12-06,87.77595520019531,90.36399841308594,92.09700012207031,90.30999755859375,92.03600311279297,24813000
2023-12-07,89.58463287353516,92.22599792480469,92.41200256347656,90.36399841308594,90.55400085449219,43517000
2023-12-08,91.72549438476562,94.43000030517578,95.072998046875,91.0530014038086,92.78399658203125,69668000
2023-12-11,99.97623443603516,102.92400360107422,103.95099639892578,95.60900115966797,95.70099639892578,101184000
2023-12-12,104.1569595336914,107.22799682617188,107.93900299072266,102.45800018310547,102.79900360107422,90242000
2023-12-13,105.84810638427734,108.96900177001953,109.97799682617188,106.25399780273438,106.80000305175781,71654000
2023-12-14,107.4800033569336,110.64900207519531,112.14600372314453,109.02799987792969,109.21800231933594,66964000
2023-12-15,109.73839569091797,112.9739990234375,114.98799896240234,109.46199798583984,109.52200317382812,118544000
2023-12-18,111.41495513916016,114.69999694824219,115.18199920654297,111.86399841308594,112.08000183105469,54741000
2023-12-19,111.20321655273438,113.95800018310547,115.0459976196289,113.2509994506836,114.19999694824219,36020000
2023-12-20,108.35380554199219,111.03800201416016,114.13600158691406,110.9260025024414,113.2699966430664,34523000
2023-12-21,110.00391387939453,112.72899627685547,113.54199981689453,111.5,113.26499938964844,24106000
2023-12-22,109.48576354980469,112.197998046875,113.19999694824219,111.35299682617188,112.7979965209961,19089000
2023-12-26,110.45280456542969,113.18900299072266,113.55000305175781,112.302001953125,112.42400360107422,16793000
2023-12-27,109.89462280273438,112.61699676513672,113.95700073242188,112.2959976196289,113.5999984741211,20055000
2023-12-28,109.52770233154297,112.24099731445312,113.2239990234375,111.90499877929688,113.16899871826172,21247000
2023-12-29,108.92660522460938,111.625,112.43800354003906,111.46700286865234,112.14600372314453,20558000
2024-01-02,105.91424560546875,108.53800201416016,110.19999694824219,107.70899963378906,109.21199798583984,28831000
2024-01-03,103.29903411865234,105.85800170898438,107.5,105.53099822998047,107.0199966430664,34735000
2024-01-04,102.36515808105469,104.9010009765625,106.94999694824219,104.73699951171875,105.7959976196289,25658000
2024-01-05,102.39151000976562,104.9280014038086,105.5459976196289,104.1510009765625,105.16000366210938,22475000
2024-01-08,104.88668823242188,107.48500061035156,107.80000305175781,105.19999694824219,105.6500015258789,33110000
2024-01-09,105.6322250366211,108.2490005493164,108.8550033569336,106.47100067138672,106.56199645996094,23225000
2024-01-10,105.44486236572266,108.05699920654297,108.2959976196289,106.26000213623047,108.03500366210938,17643000
2024-01-11,107.33895111083984,109.99800109863281,110.12999725341797,107.45099639892578,108.43199920654297,25757000
2024-01-12,108.09031677246094,110.76799774169922,111.56900024414062,110.0009994506836,111.20999908447266,26882000
2024-01-16,108.80073547363281,111.49600219726562,112.6240005493164,109.86299896240234,111.23400115966797,26145000
2024-01-17,107.69902038574219,110.36699676513672,111.31099700927734,109.02100372314453,110.62899780273438,18314000
2024-01-18,111.62574005126953,114.39099884033203,114.65499877929688,112.18800354003906,112.48999786376953,32228000
2024-01-19,118.19208526611328,121.12000274658203,121.69999694824219,115.5999984741211,115.73100280761719,53077000
2024-01-22,119.099609375,122.05000305175781,123.13300323486328,120.8219985961914,121.625,31222000
2024-01-23,119.66655731201172,122.63099670410156,122.697998046875,120.35199737548828,122.0999984741211,16952000
2024-01-24,122.35594177246094,125.38700103759766,128.4550018310547,123.10099792480469,124.2300033569336,34805000
2024-01-25,120.02662658691406,123.0,128.10000610351562,122.87999725341797,128.10000610351562,36356000
2024-01-26,117.57534790039062,120.48799896240234,122.12100219726562,120.02300262451172,121.97000122070312,25818000
2024-01-29,118.83321380615234,121.7770004272461,122.36699676513672,120.4990005493164,121.49099731445312,21526000
2024-01-30,117.89542388916016,120.81600189208984,122.80000305175781,120.42900085449219,121.677001953125,20683000
2024-01-31,115.14751434326172,118.0,119.72200012207031,117.43099975585938,118.94499969482422,27400000
2024-02-01,117.10012817382812,120.0009994506836,120.30899810791016,117.91100311279297,118.73500061035156,19411000
2024-02-02,119.47431945800781,122.43399810791016,123.46900177001953,120.51499938964844,120.875,26689000
2024-02-05,121.30497741699219,124.30999755859375,124.7750015258789,122.21499633789062,122.69599914550781,22045000
2024-02-06,119.30940246582031,122.26499938964844,127.21099853515625,121.19400024414062,126.35700225830078,25354000
2024-02-07,122.66722106933594,125.70600128173828,125.95099639892578,122.66999816894531,123.4000015258789,25768000
2024-02-08,124.3944320678711,127.47599792480469,129.5970001220703,126.5009994506836,126.69999694824219,29326000
2024-02-09,125.24144744873047,128.343994140625,128.5749969482422,124.89900207519531,125.2030029296875,26293000
2024-02-12,123.44202423095703,126.5,129.0070037841797,125.9000015258789,129.00100708007812,24778000
2024-02-13,122.13929748535156,125.16500091552734,125.58699798583984,122.70899963378906,123.51200103759766,31907000
2024-02-14,123.17074584960938,126.22200012207031,127.30000305175781,124.13200378417969,126.92400360107422,27306000
2024-02-15,123.44886779785156,126.50700378417969,128.0,124.48500061035156,127.99500274658203,21873000
2024-02-16,121.5372085571289,124.5479965209961,127.56800079345703,124.23899841308594,125.90399932861328,21268000
2024-02-20,119.68997955322266,122.65499877929688,123.77200317382812,121.25599670410156,123.58599853515625,26329000
2024-02-21,119.77780151367188,122.74500274658203,122.80500030517578,120.26399993896484,121.80000305175781,20579000
2024-02-22,127.33557891845703,130.49000549316406,131.09800720214844,127.64700317382812,128.17100524902344,40819000
2024-02-23,126.50318908691406,129.63699340820312,131.96200561523438,128.8820037841797,130.83700561523438,23115000
2024-02-26,127.74832153320312,130.91299438476562,131.87899780273438,130.14599609375,131.0,16282000
2024-02-27,126.48951721191406,129.6230010986328,131.19400024414062,129.2220001220703,130.91299438476562,12126000
2024-02-28,125.82499694824219,128.94200134277344,129.8520050048828,128.2969970703125,129.3000030517578,10967000
2024-02-29,126.90522766113281,130.0489959716797,130.83999633789062,128.72799682617188,130.33099365234375,27536000
2024-03-01,136.53469848632812,139.91700744628906,140.7760009765625,132.0,132.59300231933594,44488000
2024-03-04,136.83619689941406,140.2259979248047,143.81700134277344,138.5189971923828,140.31500244140625,34854000
2024-03-05,131.02908325195312,134.27499389648438,139.5,133.23699951171875,139.5,36040000
2024-03-06,131.736572265625,135.0,139.48300170898438,134.70599365234375,139.1580047607422,43196000
2024-03-07,137.29974365234375,140.7010040283203,141.43099975585938,137.28900146484375,138.19900512695312,62832000
2024-03-08,127.70832824707031,130.8719940185547,141.3000030517578,130.1580047607422,139.4250030517578,74025000
2024-03-11,126.18605041503906,129.31199645996094,129.90199279785156,125.25599670410156,127.79299926757812,31105000
2024-03-12,126.06504821777344,129.18800354003906,130.7790069580078,125.9280014038086,130.6999969482422,42789000
2024-03-13,122.74626159667969,125.78700256347656,128.28799438476562,125.23600006103516,128.28799438476562,37838000
2024-03-14,123.17562866210938,126.22699737548828,127.31300354003906,124.77100372314453,126.25399780273438,38029000
2024-03-15,120.56334686279297,123.55000305175781,126.73699951171875,123.00700378417969,125.34600067138672,88823000
2024-03-18,120.73313903808594,123.7239990234375,126.28800201416016,123.16999816894531,125.39800262451172,25737000
2024-03-19,120.80828094482422,123.8010025024414,124.0270004272461,120.4020004272461,121.69499969482422,24491000
2024-03-20,125.04571533203125,127.5999984741211,128.7989959716797,122.65899658203125,123.9020004272461,40946000
2024-03-21,132.10159301757812,134.8000030517578,140.36099243164062,131.60000610351562,132.83200073242188,72468000
2024-03-22,132.6376495361328,135.3470001220703,137.6219940185547,134.61500549316406,135.0,38624000
2024-03-25,132.45242309570312,135.1580047607422,135.843994140625,133.7469940185547,134.5030059814453,21237000
2024-03-26,130.483642578125,133.1490020751953,137.99400329589844,133.05099487304688,136.468994140625,23522000
2024-03-27,129.233154296875,131.8730010986328,135.0,129.6020050048828,135.0,25583000
2024-03-28,129.88778686523438,132.54100036621094,133.00900268554688,131.1529998779297,131.7899932861328,19856000
2024-04-01,132.3230743408203,135.0260009765625,136.29800415039062,132.54100036621094,132.5679931640625,17252000
2024-04-02,131.19610595703125,133.87600708007812,134.23699951171875,130.34100341796875,131.57899475097656,24694000
2024-04-03,133.59213256835938,136.3209991455078,137.6820068359375,132.52699279785156,132.8000030517578,28650000
2024-04-04,129.11264038085938,131.75,140.3979949951172,131.5,138.53199768066406,27014000
2024-04-05,131.26173400878906,133.9429931640625,136.1230010986328,131.4199981689453,132.60000610351562,19438000
2024-04-08,130.93540954589844,133.61000061035156,134.25,131.5749969482422,133.36500549316406,17139000
2024-04-09,130.73745727539062,133.4080047607422,135.947998046875,130.86399841308594,135.73699951171875,17986000
2024-04-10,129.58990478515625,132.23699951171875,133.5749969482422,131.54800415039062,132.3000030517578,17467000
2024-04-11,135.47862243652344,138.24600219726562,139.18699645996094,132.36500549316406,133.26800537109375,31713000
2024-04-12,131.7164306640625,134.40699768066406,136.6510009765625,133.66200256347656,135.2010040283203,27823000
2024-04-15,128.44528198242188,131.06900024414062,137.0,130.60000610351562,137.0,24370000
2024-04-16,130.2455291748047,132.906005859375,133.6320037841797,131.10000610351562,131.53799438476562,18923000
2024-04-17,125.6954345703125,128.26300048828125,134.6999969482422,128.14199829101562,134.31100463867188,24718000
2024-04-18,123.37876892089844,125.89900207519531,129.26499938964844,125.5459976196289,128.8000030517578,24888000
2024-04-19,118.0594253540039,120.47100067138672,126.0,119.75599670410156,125.89900207519531,44797000
2024-04-22,119.99488830566406,122.44599914550781,123.31999969482422,120.05400085449219,122.44999694824219,25162000
2024-04-23,122.41839599609375,124.91899871826172,125.79000091552734,122.802001953125,122.81700134277344,22025000
2024-04-24,123.16609954833984,125.68199920654297,128.56199645996094,124.49600219726562,126.38999938964844,20108000
2024-04-25,126.85084533691406,129.44200134277344,130.80299377441406,125.69999694824219,127.24500274658203,30410000
2024-04-26,131.7164306640625,134.40699768066406,135.58299255371094,130.31300354003906,131.0,24100000
2024-04-29,131.182373046875,133.86199951171875,135.29800415039062,132.57000732421875,134.4080047607422,13372000
2024-04-30,127.42411804199219,130.02699279785156,134.8350067138672,129.90499877929688,132.88800048828125,22113000
2024-05-01,121.79806518554688,124.28600311279297,129.23699951171875,124.13500213623047,127.83300018310547,30958000
2024-05-02,121.37764739990234,123.85700225830078,126.44499969482422,122.33100128173828,125.62799835205078,29480000
2024-05-03,125.25248718261719,127.81099700927734,128.38800048828125,124.71399688720703,125.9000015258789,24898000
2024-05-06,128.40802001953125,131.031005859375,131.07699584960938,127.50700378417969,128.6219940185547,16287000
2024-05-07,127.70245361328125,130.31100463867188,131.8990020751953,129.67599487304688,131.6439971923828,12413000
2024-05-08,129.8839111328125,132.53700256347656,133.79100036621094,128.8489990234375,129.35000610351562,13918000
2024-05-09,127.95332336425781,130.56700134277344,132.16099548339844,130.1999969482422,131.7830047607422,12170000
2024-05-10,130.61199951171875,133.27999877929688,134.39999389648438,131.531005859375,131.531005859375,16300000
2024-05-13,131.0735626220703,133.75100708007812,135.83900451660156,133.01100158691406,134.8000030517578,18507000
2024-05-14,135.24050903320312,138.0030059814453,138.19900512695312,132.5800018310547,133.23399353027344,19420000
2024-05-15,140.74209594726562,143.61700439453125,143.89500427246094,136.9980010986328,138.0,32757000
2024-05-16,138.38619995117188,141.21299743652344,144.5399932861328,140.50599670410156,142.60000610351562,28395000
2024-05-17,136.73593139648438,139.5290069580078,141.9530029296875,138.17799377441406,141.24200439453125,18174000
2024-05-20,138.5723876953125,141.4029998779297,141.69400024414062,139.3159942626953,139.60000610351562,27170000
2024-05-21,137.11911010742188,139.9199981689453,140.93899536132812,139.3459930419922,139.8679962158203,15333000
2024-05-22,136.43702697753906,139.2239990234375,140.5,138.4219970703125,139.6009979248047,21002000
2024-05-23,136.53990173339844,139.32899475097656,142.89999389648438,137.8000030517578,142.84300231933594,31039000
2024-05-24,137.96578979492188,140.78399658203125,141.35800170898438,139.20199584960938,139.97900390625,16730000
2024-05-28,138.41757202148438,141.2449951171875,141.71800231933594,139.25399780273438,141.0,22919000
2024-05-29,136.2831573486328,139.06700134277344,139.91000366210938,138.3000030517578,139.91000366210938,26861000
2024-05-30,133.6774139404297,136.4080047607422,138.2779998779297,135.56399536132812,137.89999389648438,21717000
2024-05-31,130.19549560546875,132.85499572753906,136.2550048828125,130.7259979248047,136.13600158691406,73091000
2024-06-03,129.54383850097656,132.19000244140625,135.3000030517578,130.2530059814453,135.27000427246094,26278000
2024-06-04,130.41798400878906,133.08200073242188,133.19900512695312,130.7010040283203,132.0399932861328,23048000
2024-06-05,138.48031616210938,141.3090057373047,141.43499755859375,134.0540008544922,134.60000610351562,32947000
2024-06-06,137.32196044921875,140.1269989013672,142.2689971923828,138.82400512695312,142.18699645996094,20172000
2024-06-07,137.84820556640625,140.66400146484375,142.5,139.70199584960938,140.7779998779297,17859000
2024-06-10,141.1634979248047,144.0469970703125,144.90499877929688,140.91299438476562,140.97999572753906,31042000
2024-06-11,143.17831420898438,146.10299682617188,146.50100708007812,141.6230010986328,143.82000732421875,34844000
2024-06-12,146.5572967529297,149.55099487304688,150.5800018310547,147.63999938964844,150.0,56697000
2024-06-13,164.53802490234375,167.8990020751953,173.5850067138672,165.2519989013672,171.0,89061000
2024-06-14,170.03082275390625,173.50399780273438,174.7239990234375,168.2100067138672,168.68600463867188,69705000
2024-06-17,179.22598266601562,182.88699340820312,184.3000030517578,177.85800170898438,180.0,87528000
2024-06-18,176.6437225341797,180.2519989013672,185.16200256347656,178.50100708007812,183.95899963378906,86797000
2024-06-20,169.9837646484375,173.45599365234375,180.47500610351562,172.2220001220703,180.3459930419922,68157000
2024-06-21,162.5427703857422,165.86300659179688,171.39999389648438,165.14199829101562,169.5659942626953,99289000
2024-06-24,156.5291748046875,159.2209930419922,166.10000610351562,159.0659942626953,164.2050018310547,58575000
2024-06-25,155.406494140625,158.07899475097656,160.60400390625,156.39999389648438,160.01300048828125,53329000
2024-06-26,156.508544921875,159.1999969482422,161.8179931640625,157.35899353027344,159.76199340820312,46479000
2024-06-27,155.9835662841797,158.66600036621094,160.56199645996094,157.10000610351562,159.1999969482422,31649000
2024-06-28,157.83865356445312,160.55299377441406,163.92300415039062,158.60000610351562,159.58799743652344,69377000
2024-07-01,161.30604553222656,164.0800018310547,164.875,159.35000610351562,160.82000732421875,47623000
2024-07-02,162.9458465576172,165.7480010986328,165.9199981689453,162.1999969482422,164.0800018310547,32539000
2024-07-03,169.99855041503906,172.9219970703125,172.9219970703125,166.4459991455078,167.0,39954000
2024-07-05,167.45135498046875,170.33099365234375,176.5469970703125,169.60000610351562,175.55599975585938,45240000
2024-07-08,171.63441467285156,174.58599853515625,175.69000244140625,170.5,170.5,36398000
2024-07-09,170.400634765625,173.33099365234375,177.09800720214844,170.55599975585938,175.656005859375,37802000
2024-07-10,171.51939392089844,174.468994140625,176.6490020751953,172.63600158691406,174.60000610351562,41074000
2024-07-11,167.71090698242188,170.59500122070312,176.48699951171875,166.85000610351562,176.46600341796875,51026000
2024-07-12,167.19180297851562,170.06700134277344,172.59100341796875,169.13099670410156,171.10299682617188,30453000
2024-07-15,168.52194213867188,171.4199981689453,173.50999450683594,169.25999450683594,170.0,22999200
2024-07-16,166.51646423339844,169.3800048828125,172.80999755859375,166.39999389648438,172.39999389648438,22244900
2024-07-17,153.3429718017578,155.97999572753906,162.83999633789062,155.61000061035156,162.30999755859375,43343400
2024-07-18,157.8062286376953,160.52000427246094,161.50999450683594,153.89999389648438,158.88999938964844,37973500
2024-07-19,154.68978881835938,157.35000610351562,163.9499969482422,157.1199951171875,161.83999633789062,26309500
2024-07-22,158.33706665039062,161.05999755859375,162.99000549316406,157.89999389648438,160.22999572753906,28813300
2024-07-23,161.0012664794922,163.77000427246094,165.3300018310547,159.89999389648438,160.39999389648438,21570200
2024-07-24,148.78143310546875,151.33999633789062,161.41000366210938,151.10000610351562,160.35000610351562,37162600
2024-07-25,146.736572265625,149.25999450683594,153.5500030517578,145.52000427246094,151.25999450683594,30872100
2024-07-26,149.0665283203125,151.6300048828125,153.5800018310547,149.9199981689453,153.5,20839900
2024-07-29,147.6803436279297,150.22000122070312,155.0,149.14999389648438,152.02000427246094,16625800
2024-07-30,141.09364318847656,143.52000427246094,153.47000122070312,143.35000610351562,153.27999877929688,31102300
2024-07-31,157.96351623535156,160.67999267578125,161.3300018310547,151.0,151.47000122070312,45827500
2024-08-01,144.5344696044922,147.02000427246094,158.91000366210938,146.1699981689453,157.5,40320000
2024-08-02,141.3885498046875,143.82000732421875,145.35000610351562,139.60000610351562,141.92999267578125,33745800
2024-08-05,139.67796325683594,142.0800018310547,145.4199981689453,128.5,129.61000061035156,41309300
2024-08-06,141.48687744140625,143.9199981689453,148.91000366210938,140.25,141.72999572753906,24751300
2024-08-07,133.96620178222656,136.27000427246094,150.10000610351562,135.8300018310547,148.25,29749800
2024-08-08,143.276123046875,145.74000549316406,146.27000427246094,138.39999389648438,141.1999969482422,27583200
2024-08-09,145.75347900390625,148.25999450683594,149.5500030517578,144.11000061035156,144.1999969482422,18438700
2024-08-12,146.10739135742188,148.6199951171875,151.1300048828125,146.3699951171875,148.0800018310547,17778500
2024-08-13,153.5199432373047,156.16000366210938,156.3800048828125,149.80999755859375,151.5500030517578,22053600
2024-08-14,155.02407836914062,157.69000244140625,160.25,154.72000122070312,158.02000427246094,20184200
2024-08-15,163.32139587402344,166.1300048828125,166.6699981689453,160.33999633789062,161.1999969482422,27945000
2024-08-16,162.91830444335938,165.72000122070312,166.08999633789062,162.67999267578125,164.47000122070312,19296900
2024-08-19,164.8746795654297,167.7100067138672,167.8300018310547,160.4199981689453,164.86000061035156,20441700
2024-08-20,163.14442443847656,165.9499969482422,168.3699951171875,164.14999389648438,167.0500030517578,19417500
2024-08-21,162.977294921875,165.77999877929688,166.47000122070312,162.8800048828125,165.1199951171875,16097700
2024-08-22,159.59544372558594,162.33999633789062,172.4199981689453,161.49000549316406,170.83999633789062,30044500
2024-08-23,163.54750061035156,166.36000061035156,168.27999877929688,163.4600067138672,165.02999877929688,18848000
2024-08-26,156.92144775390625,159.6199951171875,165.6999969482422,158.66000366210938,164.9600067138672,18521200
2024-08-27,158.66151428222656,161.38999938964844,162.02999877929688,155.8300018310547,157.60000610351562,16683100
2024-08-28,155.50576782226562,158.17999267578125,162.27999877929688,156.25,160.0800018310547,18063600
2024-08-29,154.27691650390625,156.92999267578125,163.1999969482422,155.41000366210938,158.49000549316406,23519300
2024-08-30,160.06735229492188,162.82000732421875,163.24000549316406,158.7100067138672,161.1199951171875,25158500
2024-09-03,150.20692443847656,152.7899932861328,160.74000549316406,151.3800048828125,160.3800048828125,37179100
2024-09-04,151.51441955566406,154.1199951171875,157.7899932861328,149.14999389648438,150.3000030517578,20324100
2024-09-05,150.2364044189453,152.82000732421875,156.36000061035156,150.11000061035156,150.57000732421875,31548500
2024-09-06,134.68385314941406,137.0,143.5,136.60000610351562,143.25,76634600
2024-09-09,138.4392852783203,140.82000732421875,141.58999633789062,134.89999389648438,139.11000061035156,39516700
2024-09-10,145.704345703125,148.2100067138672,149.86000061035156,141.0399932861328,141.22000122070312,36067500
2024-09-11,155.5942840576172,158.27000427246094,158.8699951171875,145.0399932861328,148.38999938964844,39700800
2024-09-12,161.77792358398438,164.55999755859375,166.32000732421875,156.8300018310547,158.10000610351562,43530700
2024-09-13,164.85499572753906,167.69000244140625,168.0800018310547,164.0399932861328,166.74000549316406,29850000
2024-09-16,161.24705505371094,164.02000427246094,165.5,160.41000366210938,165.19000244140625,26126900
2024-09-17,159.72328186035156,162.47000122070312,166.02000427246094,160.6999969482422,165.49000549316406,19844300
2024-09-18,158.93678283691406,161.6699981689453,167.47000122070312,161.36000061035156,163.77000427246094,26557600
2024-09-19,165.1309051513672,167.4199981689453,170.0,165.66000366210938,167.67999267578125,32453100
2024-09-20,168.7606201171875,171.10000610351562,172.02000427246094,166.47000122070312,167.17999267578125,91758500
2024-09-23,170.575439453125,172.94000244140625,173.32000732421875,168.35000610351562,172.0,29431100
2024-09-24,172.449462890625,174.83999633789062,175.99000549316406,171.67999267578125,172.80999755859375,34223400
2024-09-25,173.12017822265625,175.52000427246094,177.13999938964844,173.75999450683594,174.64999389648438,16613800
2024-09-26,175.655029296875,178.08999633789062,180.25,175.0,178.5,24340000
2024-09-27,170.328857421875,172.69000244140625,178.47000122070312,171.75999450683594,178.1699981689453,20580900
2024-09-30,170.14144897460938,172.5,172.9199981689453,169.6300048828125,171.8699951171875,16902000
2024-10-01,165.1802215576172,167.47000122070312,172.25,165.8000030517578,172.16000366210938,23770400
2024-10-02,168.3266143798828,170.66000366210938,172.83999633789062,167.02000427246094,167.5500030517578,14317800
2024-10-03,169.53981018066406,171.88999938964844,174.94000244140625,169.19000244140625,169.6199951171875,13072300
2024-10-04,174.22482299804688,176.63999938964844,176.89999389648438,172.60000610351562,176.3000030517578,17921400
2024-10-07,172.68618774414062,175.0800018310547,178.30999755859375,173.86000061035156,174.82000732421875,15588300
2024-10-08,178.25894165039062,180.72999572753906,181.60000610351562,174.88999938964844,175.4199981689453,20774200
2024-10-09,183.4075469970703,185.9499969482422,186.4199981689453,176.4199981689453,179.24000549316406,25504100
2024-10-10,183.15110778808594,185.69000244140625,186.30999755859375,182.52999877929688,183.55999755859375,16318000
2024-10-11,178.99868774414062,181.47999572753906,182.58999633789062,177.39999389648438,181.13999938964844,23070000
2024-10-14,179.81732177734375,182.30999755859375,184.9499969482422,180.1300048828125,183.3000030517578,17195800
2024-10-15,173.57386779785156,175.97999572753906,181.6999969482422,173.3699951171875,180.7899932861328,27657500
2024-10-16,174.40240478515625,176.82000732421875,179.25,175.3300018310547,178.50999450683594,15285100
2024-10-17,179.04798889160156,181.52999877929688,185.50999450683594,180.69000244140625,181.3699951171875,25232400
2024-10-18,177.43040466308594,179.88999938964844,182.7100067138672,178.67999267578125,182.32000732421875,17835200
2024-10-21,177.529052734375,179.99000549316406,181.72000122070312,178.25,179.3800048828125,13695100
2024-10-22,176.92738342285156,179.3800048828125,180.69000244140625,177.41000366210938,178.66000366210938,12062600
2024-10-23,171.13763427734375,173.50999450683594,178.97999572753906,172.57000732421875,177.58999633789062,19513700
2024-10-24,169.00717163085938,171.35000610351562,174.3000030517578,169.5,174.25999450683594,20485200
2024-10-25,170.63462829589844,173.0,176.8000030517578,172.72000122070312,174.19000244140625,19977700
2024-10-28,169.66802978515625,172.02000427246094,173.97000122070312,171.35000610351562,173.0,13195800
2024-10-29,176.789306640625,179.24000549316406,180.22999572753906,171.2100067138672,172.44000244140625,23702300
2024-10-30,174.22482299804688,176.63999938964844,179.19000244140625,175.6199951171875,177.47000122070312,17911500
2024-10-31,167.44876098632812,169.77000427246094,174.4499969482422,167.3800048828125,174.4499969482422,26086600
2024-11-01,166.61041259765625,168.9199981689453,171.3300018310547,167.5,168.25999450683594,17847000
2024-11-04,166.24545288085938,168.5500030517578,172.4499969482422,168.4199981689453,169.27999877929688,13621300
2024-11-05,171.5222930908203,173.89999389648438,174.39999389648438,170.0500030517578,170.0500030517578,13441800
2024-11-06,177.0950469970703,179.5500030517578,180.2100067138672,175.9600067138672,179.6300048828125,24300800
2024-11-07,181.29681396484375,183.80999755859375,184.8699951171875,181.7899932861328,181.99000549316406,18970600
2024-11-08,181.129150390625,183.63999938964844,185.0500030517578,181.8300018310547,182.99000549316406,13503200
2024-11-11,176.4638214111328,178.91000366210938,183.6300048828125,176.82000732421875,183.39999389648438,17036700
2024-11-12,173.8105926513672,176.22000122070312,179.55999755859375,173.1999969482422,178.89999389648438,15862000
2024-11-13,171.2066650390625,173.5800018310547,175.58999633789062,172.60000610351562,174.7100067138672,17472500
2024-11-14,168.0504608154297,170.3800048828125,175.57000732421875,169.8699951171875,174.77000427246094,20638900
2024-11-15,162.586181640625,164.83999633789062,169.13999938964844,163.42999267578125,168.47000122070312,20836200
2024-11-18,163.4048309326172,165.6699981689453,166.35000610351562,162.22000122070312,165.66000366210938,17856900
2024-11-19,163.08920288085938,165.35000610351562,166.8000030517578,164.30999755859375,166.66000366210938,18003400
2024-11-20,161.01792907714844,163.25,165.5399932861328,160.86000061035156,165.5399932861328,17196700
2024-11-21,161.69850158691406,163.94000244140625,166.33999633789062,160.60000610351562,166.25,24835300
2024-11-22,161.9845428466797,164.22999572753906,164.91000366210938,162.39999389648438,164.3000030517578,17332500
2024-11-25,162.56646728515625,164.82000732421875,167.22999572753906,162.88999938964844,165.39999389648438,26850600
2024-11-26,162.48756408691406,164.74000549316406,166.3699951171875,162.69000244140625,164.60000610351562,16308800
2024-11-27,157.4868621826172,159.6699981689453,163.1999969482422,157.5399932861328,163.1999969482422,19722700
2024-11-29,159.8639373779297,162.0800018310547,162.69000244140625,159.0800018310547,159.57000732421875,11024000
2024-12-02,164.23336791992188,166.50999450683594,168.3800048828125,162.75,162.9499969482422,21472400
2024-12-03,165.85093688964844,168.14999389648438,168.27000427246094,164.02999877929688,164.47999572753906,17024400
2024-12-04,168.2279510498047,170.55999755859375,175.38999938964844,168.55999755859375,173.44000244140625,32748200
2024-12-05,168.1392059326172,170.47000122070312,172.39999389648438,169.1999969482422,170.75,18490000
2024-12-06,177.07534790039062,179.52999877929688,180.67999267578125,169.3300018310547,170.10000610351562,27830800
2024-12-09,176.49342346191406,178.94000244140625,180.7899932861328,176.02000427246094,178.9499969482422,20886300
2024-12-10,169.4608917236328,171.80999755859375,178.5,169.72999572753906,177.80999755859375,27762600
2024-12-11,180.6951446533203,183.1999969482422,184.8699951171875,176.42999267578125,180.00999450683594,41295200
2024-12-12,178.18988037109375,180.66000366210938,182.0,175.99000549316406,180.92999267578125,46967200
2024-12-13,221.72637939453125,224.8000030517578,228.6999969482422,211.11000061035156,213.89999389648438,121336600
2024-12-16,246.5818328857422,250.0,251.8800048828125,230.80999755859375,231.7899932861328,111623200
2024-12-17,236.94540405273438,240.22999572753906,242.47000122070312,233.8000030517578,240.64999389648438,70382100
2024-12-18,220.5625,223.6199951171875,239.85000610351562,219.22000122070312,239.41000366210938,53960100
2024-12-19,215.33497619628906,218.32000732421875,228.0500030517578,217.5800018310547,227.91000366210938,40845200
2024-12-20,217.7711944580078,220.7899932861328,230.2899932861328,218.91000366210938,220.36000061035156,131910400
2024-12-23,229.7871856689453,232.35000610351562,233.39999389648438,225.1300048828125,226.69000244140625,40643800
2024-12-24,237.03634643554688,239.67999267578125,240.22999572753906,234.8000030517578,240.1199951171875,22827200
2024-12-26,242.6536865234375,245.36000061035156,247.27999877929688,237.60000610351562,240.0,28459000
2024-12-27,239.08349609375,241.75,245.77999877929688,236.35000610351562,245.63999938964844,29282200
2024-12-30,232.98155212402344,235.5800018310547,238.77000427246094,231.6199951171875,234.6999969482422,27316800
2024-12-31,229.28280639648438,231.83999633789062,237.4600067138672,231.30999755859375,235.8800048828125,17927700
2025-01-02,229.42124938964844,231.97999572753906,239.5,230.24000549316406,236.16000366210938,31525800
2025-01-03,229.9849853515625,232.5500030517578,236.49000549316406,229.0,233.58999633789062,24973200
2025-01-06,233.80239868164062,236.41000366210938,241.75,233.3000030517578,236.5,34028400
2025-01-07,226.1180877685547,228.63999938964844,239.5,227.60000610351562,239.5,25928600
2025-01-08,226.78070068359375,229.30999755859375,232.47000122070312,226.05999755859375,229.6999969482422,18756500
2025-01-10,221.8358612060547,224.30999755859375,227.8300018310547,221.25,227.3000030517578,23864000
2025-01-13,222.8050537109375,225.2899932861328,229.25999450683594,219.50999450683594,219.99000549316406,23772100
2025-01-14,222.22154235839844,224.6999969482422,230.25999450683594,223.10000610351562,226.57000732421875,18143100
2025-01-15,225.4851531982422,228.0,230.33999633789062,225.5800018310547,228.5500030517578,21745600
2025-01-16,226.87962341308594,229.41000366210938,238.60000610351562,229.2100067138672,235.22000122070312,23471900
2025-01-17,234.82102966308594,237.44000244140625,238.10000610351562,232.66000366210938,237.0800018310547,31196600
2025-01-21,237.65936279296875,240.30999755859375,242.75,237.39999389648438,241.5,30903200
2025-01-22,238.2527618408203,240.91000366210938,246.99000549316406,240.69000244140625,246.75,29610500
2025-01-23,237.6297149658203,240.27999877929688,240.39999389648438,236.1199951171875,238.41000366210938,17653900
2025-01-24,242.00096130371094,244.6999969482422,249.58999633789062,241.91000366210938,244.6999969482422,25387800
2025-01-27,199.90049743652344,202.1300048828125,218.42999267578125,196.22999572753906,213.39999389648438,90569400
2025-01-28,205.0728302001953,207.36000061035156,209.9499969482422,198.88999938964844,208.00999450683594,50316000
2025-01-29,204.07395935058594,206.35000610351562,211.4499969482422,202.77000427246094,208.83999633789062,32533700
2025-01-30,213.28128051757812,215.66000366210938,221.9600067138672,213.6999969482422,218.57000732421875,42449500
2025-01-31,218.8293914794922,221.27000427246094,226.8000030517578,216.3000030517578,219.66000366210938,41104700
2025-02-03,215.32843017578125,217.72999572753906,220.94000244140625,213.50999450683594,215.4600067138672,24507300
2025-02-04,219.97659301757812,222.42999267578125,223.02999877929688,215.3000030517578,219.35000610351562,23768500
2025-02-05,229.4410400390625,232.0,237.92999267578125,227.5,233.94000244140625,29196000
2025-02-06,228.80809020996094,231.36000061035156,234.8000030517578,228.55999755859375,234.5,21169500
2025-02-07,222.38967895507812,224.8699951171875,235.64999389648438,224.11000061035156,235.0,22117500
2025-02-10,232.44749450683594,235.0399932861328,235.82000732421875,227.1199951171875,227.42999267578125,23901600
2025-02-11,232.44749450683594,235.0399932861328,237.88999938964844,229.97000122070312,232.47999572753906,18476200
2025-02-12,233.74307250976562,236.35000610351562,236.47999572753906,230.0,230.36000061035156,16397300
2025-02-13,233.19912719726562,235.8000030517578,236.9499969482422,230.72999572753906,236.05999755859375,20962000
2025-02-14,230.46957397460938,233.0399932861328,235.74000549316406,228.89999389648438,234.52999877929688,16988800
2025-02-18,226.00930786132812,228.52999877929688,232.1999969482422,224.3000030517578,230.10000610351562,26080500
2025-02-19,226.20709228515625,228.72999572753906,229.07000732421875,224.39999389648438,227.85000610351562,16375500
2025-02-20,224.2390594482422,226.74000549316406,228.97999572753906,222.75,228.64999389648438,16104000
2025-02-21,216.24818420410156,218.66000366210938,227.75,215.6300048828125,225.64999389648438,24883600
2025-02-24,205.63650512695312,207.92999267578125,219.47999572753906,207.5399932861328,218.60000610351562,33050400
2025-02-25,200.30596923828125,202.5399932861328,208.63999938964844,200.9199981689453,207.0,33100800
2025-02-26,210.59127807617188,212.94000244140625,213.5399932861328,206.0,206.91000366210938,21368300
2025-02-27,195.61825561523438,197.8000030517578,219.25,197.39999389648438,217.27999877929688,27572900
2025-02-28,197.2302703857422,199.42999267578125,201.19000244140625,193.14999389648438,195.75999450683594,39747200
2025-03-03,185.3032989501953,187.3699951171875,204.05999755859375,184.52999877929688,204.0,37435600
2025-03-04,185.41209411621094,187.47999572753906,193.9499969482422,180.47999572753906,189.22000122070312,37910500
2025-03-05,189.46688842773438,191.5800018310547,194.0800018310547,187.10000610351562,191.86000061035156,25644500
2025-03-06,177.47067260742188,179.4499969482422,186.8300018310547,177.61000061035156,181.0399932861328,56864100
2025-03-07,192.80960083007812,194.9600067138672,195.47999572753906,181.55999755859375,187.72999572753906,74528900
2025-03-10,182.41549682617188,184.4499969482422,191.97999572753906,180.42999267578125,189.60000610351562,44217100
2025-03-11,187.99330139160156,190.08999633789062,195.6199951171875,185.35000610351562,188.0500030517578,42153200
2025-03-12,192.08763122558594,194.22999572753906,199.97999572753906,192.4499969482422,196.22000122070312,30409700
2025-03-13,189.24929809570312,191.36000061035156,196.32000732421875,189.47000122070312,193.14999389648438,27236100
2025-03-14,193.38319396972656,195.5399932861328,197.5,193.1999969482422,196.1999969482422,25900900
2025-03-17,192.3546600341797,194.5,196.72000122070312,187.5,188.0500030517578,26830600
2025-03-18,186.58897399902344,188.6699981689453,192.88999938964844,186.89999389648438,190.44000244140625,24951000
2025-03-19,193.41285705566406,195.57000732421875,198.27000427246094,186.89999389648438,189.33999633789062,37962700
2025-03-20,189.008544921875,190.5399932861328,193.83999633789062,188.94000244140625,191.52000427246094,31430000
2025-03-21,190.1195526123047,191.66000366210938,192.07000732421875,187.3699951171875,188.2100067138672,43086500
2025-03-24,189.7128448486328,191.25,196.69000244140625,190.6699981689453,194.3000030517578,33180300
2025-03-25,186.74685668945312,188.25999450683594,191.60000610351562,187.67999267578125,190.88999938964844,23417300
2025-03-26,177.82911682128906,179.27000427246094,188.05999755859375,177.5800018310547,186.66000366210938,30578500
2025-03-27,170.60763549804688,171.99000549316406,178.3800048828125,170.4600067138672,177.66000366210938,32151700
2025-03-28,167.76071166992188,169.1199951171875,173.3000030517578,166.47000122070312,171.92999267578125,30391500
2025-03-31,166.08428955078125,167.42999267578125,167.94000244140625,160.6199951171875,164.49000549316406,35656400
2025-04-01,167.16554260253906,168.52000427246094,168.7100067138672,163.4199981689453,166.3699951171875,20472400
2025-04-02,170.7068328857422,172.08999633789062,173.42999267578125,165.5,166.0800018310547,19523700
2025-04-03,152.77215576171875,154.00999450683594,163.42999267578125,153.6999969482422,160.5399932861328,44354900
2025-04-04,145.11419677734375,146.2899932861328,152.8000030517578,139.1699981689453,148.1699981689453,72302200
2025-04-07,152.90109252929688,154.13999938964844,160.42999267578125,138.10000610351562,144.49000549316406,68503500
2025-04-08,154.7759246826172,156.02999877929688,169.77999877929688,153.08999633789062,167.6199951171875,58888200
2025-04-09,183.66184997558594,185.14999389648438,187.3300018310547,157.50999450683594,160.5,72708300
2025-04-10,170.91517639160156,172.3000030517578,176.9499969482422,166.39999389648438,175.3000030517578,51212200
2025-04-11,180.47767639160156,181.94000244140625,182.66000366210938,173.30999755859375,173.6199951171875,33964100
2025-04-14,176.92645263671875,178.36000061035156,186.0,175.82000732421875,185.0800018310547,25748300
2025-04-15,177.51168823242188,178.9499969482422,182.25999450683594,178.0800018310547,179.72999572753906,17242400
2025-04-16,173.20657348632812,174.61000061035156,176.0800018310547,166.9199981689453,170.42999267578125,34638600
2025-04-17,169.61569213867188,170.99000549316406,176.25,169.9199981689453,176.25,22501800
2025-04-21,164.87411499023438,166.2100067138672,168.0,161.61000061035156,166.99000549316406,23469800
2025-04-22,168.21702575683594,169.5800018310547,170.52000427246094,165.22000122070312,167.42999267578125,18504900
2025-04-23,175.4881134033203,176.91000366210938,180.4499969482422,175.82000732421875,177.77999877929688,24380500
2025-04-24,186.6377410888672,188.14999389648438,188.57000732421875,178.3000030517578,179.69000244140625,27576900
2025-04-25,190.7643280029297,192.30999755859375,193.3699951171875,186.88999938964844,186.9199981689453,21242300
2025-04-28,190.92303466796875,192.47000122070312,193.10000610351562,187.67999267578125,190.52999877929688,16385800
2025-04-29,189.63348388671875,191.1699981689453,193.25,190.10000610351562,191.72000122070312,14630000
2025-04-30,190.92303466796875,192.47000122070312,193.1999969482422,184.02000427246094,185.89999389648438,22768900
2025-05-01,195.7439727783203,197.3300018310547,201.39999389648438,196.24000549316406,198.13999938964844,24939700
2025-05-02,202.0032501220703,203.63999938964844,205.67999267578125,201.0800018310547,203.89999389648438,17766800
2025-05-05,199.1067352294922,200.72000122070312,203.22999572753906,200.0,200.25,14025400
2025-05-06,198.48178100585938,200.08999633789062,201.91000366210938,195.94000244140625,196.44000244140625,16348800
2025-05-07,203.1638641357422,204.80999755859375,206.22999572753906,198.42999267578125,199.2899932861328,20253700
2025-05-08,206.10006713867188,207.77000427246094,211.16000366210938,203.69000244140625,208.0,18460900
2025-05-09,206.52659606933594,208.1999969482422,209.9600067138672,206.52000427246094,209.3300018310547,13289200
2025-05-12,219.799072265625,221.5800018310547,221.8000030517578,215.8800048828125,219.49000549316406,25437700
2025-05-13,230.55194091796875,232.4199981689453,235.27999877929688,222.0,222.0,28790500
2025-05-14,230.25436401367188,232.1199951171875,233.5,228.35000610351562,230.22999572753906,19751400
2025-05-15,230.7701873779297,232.63999938964844,234.4600067138672,228.07000732421875,230.16000366210938,18803700
2025-05-16,226.77256774902344,228.61000061035156,232.63999938964844,226.38999938964844,232.32000732421875,23094600
2025-05-19,228.77633666992188,230.6300048828125,231.25,221.60000610351562,221.85000610351562,15355500
2025-05-20,229.81788635253906,231.67999267578125,231.77000427246094,226.33999633789062,226.49000549316406,11787200
2025-05-21,227.88356018066406,229.72999572753906,236.5,227.8300018310547,228.38999938964844,17642900
2025-05-22,228.67713928222656,230.52999877929688,233.69000244140625,227.42999267578125,228.33999633789062,14340200
2025-05-23,226.8816680908203,228.72000122070312,230.64999389648438,226.17999267578125,226.94000244140625,15385600
2025-05-27,233.75599670410156,235.64999389648438,236.47999572753906,231.1300048828125,232.8699951171875,17941700
2025-05-28,237.50558471679688,239.42999267578125,240.99000549316406,234.42999267578125,237.14999389648438,20443000
2025-05-29,240.0251922607422,241.97000122070312,246.07000732421875,237.39999389648438,245.91000366210938,20743700
2025-05-30,240.12437438964844,242.07000732421875,243.1699981689453,234.89999389648438,241.22000122070312,27088600
2025-06-02,246.7110137939453,248.7100067138672,250.0,243.19000244140625,243.25,19197000
2025-06-03,254.7855987548828,256.8500061035156,257.8800048828125,249.39999389648438,250.0800018310547,30380200
2025-06-04,258.9815673828125,261.0799865722656,265.42999267578125,257.5899963378906,258.05999755859375,31536000
2025-06-05,257.8408203125,259.92999267578125,264.8900146484375,259.05999755859375,262.95001220703125,41970900
2025-06-06,244.9453125,246.92999267578125,255.32000732421875,246.1300048828125,251.13999938964844,41146700
2025-06-09,242.31661987304688,244.27999877929688,248.1699981689453,241.11000061035156,245.0500030517578,25334100
2025-06-10,242.66380310058594,244.6300048828125,246.27999877929688,241.39999389648438,244.22000122070312,25491300
2025-06-11,250.87725830078125,252.91000366210938,254.77000427246094,243.8000030517578,246.36000061035156,24599000
2025-06-12,254.01185607910156,256.07000732421875,257.8900146484375,249.5,250.19000244140625,20410900
2025-06-13,246.7010955810547,248.6999969482422,254.0,248.35000610351562,250.66000366210938,19028400
2025-06-16,250.07376098632812,252.10000610351562,255.19000244140625,249.57000732421875,250.35000610351562,20363000
2025-06-17,247.36570739746094,249.3699951171875,253.9600067138672,247.9199981689453,250.9499969482422,22014300
2025-06-18,249.24050903320312,251.25999450683594,255.63999938964844,249.41000366210938,250.88999938964844,30435500
2025-06-20,248.5644073486328,249.99000549316406,253.52000427246094,244.1699981689453,253.2100067138672,42134900
2025-06-23,252.32284545898438,253.77000427246094,254.2100067138672,246.4600067138672,249.11000061035156,19747000
2025-06-24,262.2658386230469,263.7699890136719,265.8699951171875,258.7699890136719,258.7699890136719,32764900
2025-06-25,263.14080810546875,264.6499938964844,269.8699951171875,263.42999267578125,266.0,18894200
2025-06-26,268.6293029785156,270.1700134277344,271.6700134277344,264.1300048828125,265.0799865722656,23569600
2025-06-27,267.81402587890625,269.3500061035156,271.8500061035156,266.8800048828125,270.29998779296875,27477600
2025-06-30,274.0780334472656,275.6499938964844,277.7099914550781,272.1300048828125,274.7300109863281,24708400
2025-07-01,263.2302551269531,264.739990234375,274.5,262.6600036621094,274.3999938964844,28847600
2025-07-02,268.36083984375,269.8999938964844,272.0,262.7300109863281,263.989990234375,17582100
2025-07-03,273.6107482910156,275.17999267578125,275.79998779296875,270.1199951171875,270.7300109863281,10592700
2025-07-07,272.616455078125,274.17999267578125,277.55999755859375,272.6600036621094,275.1300048828125,16760600
2025-07-08,270.25,271.79998779296875,276.3500061035156,271.1499938964844,276.3500061035156,14869400
2025-07-09,276.31524658203125,277.8999938964844,279.45001220703125,272.7200012207031,272.9599914550781,20133000
2025-07-10,273.8294677734375,275.3999938964844,281.17999267578125,272.70001220703125,279.7900085449219,17891600
2025-07-11,272.8153076171875,274.3800048828125,276.4700012207031,271.8900146484375,274.1400146484375,14274700
2025-07-14,274.0283508300781,275.6000061035156,278.3599853515625,269.5799865722656,274.1300048828125,11934200
2025-07-15,279.337890625,280.94000244140625,283.3599853515625,277.8500061035156,279.80999755859375,17918400
2025-07-16,279.2086181640625,280.80999755859375,281.510009765625,275.6700134277344,280.1099853515625,15031000
2025-07-17,284.8164978027344,286.45001220703125,288.2799987792969,279.9100036621094,281.1400146484375,17231100
2025-07-18,281.7242126464844,283.3399963378906,287.5299987792969,281.0,287.1099853515625,15012400
2025-07-21,286.56640625,288.2099914550781,290.5400085449219,283.6300048828125,283.9599914550781,17726800
2025-07-22,277.00128173828125,278.5899963378906,288.0,276.42999267578125,287.6499938964844,16564800
2025-07-23,282.0722351074219,283.69000244140625,284.0,273.0,276.7799987792969,20556200
2025-07-24,287.0635681152344,288.7099914550781,291.20001220703125,283.5,289.7900085449219,16413800
2025-07-25,288.5251770019531,290.17999267578125,292.5899963378906,287.2699890136719,288.07000732421875,12476200
2025-07-28,292.6216735839844,294.29998779296875,295.45001220703125,290.5899963378906,292.4599914550781,13683400
2025-07-29,295.72393798828125,297.4200134277344,302.19000244140625,294.8699951171875,297.5,19210800
2025-07-30,300.894287109375,302.6199951171875,303.260009765625,295.79998779296875,297.1499938964844,16738900
2025-07-31,292.025146484375,293.70001220703125,306.95001220703125,290.2300109863281,302.79998779296875,25488500
2025-08-01,286.9939880371094,288.6400146484375,292.6400146484375,281.6099853515625,286.5400085449219,21428100
2025-08-04,296.0221862792969,297.7200012207031,298.4800109863281,291.3999938964844,292.20001220703125,17164600
2025-08-05,291.259521484375,292.92999267578125,301.20001220703125,291.45001220703125,297.80999755859375,18477500
2025-08-06,299.94970703125,301.6700134277344,302.80999755859375,291.8999938964844,292.8999938964844,17392100
2025-08-07,302.02777099609375,303.760009765625,310.3399963378906,299.8800048828125,306.1700134277344,16319400
2025-08-08,303.23089599609375,304.9700012207031,307.8699951171875,302.54998779296875,304.04998779296875,12458700
2025-08-11,302.1669616699219,303.8999938964844,308.30999755859375,301.2900085449219,305.04998779296875,12396400
2025-08-12,311.0460510253906,312.8299865722656,313.44000244140625,304.6700134277344,306.6300048828125,17609600
2025-08-13,307.327392578125,309.0899963378906,317.3500061035156,304.75,316.75,17371200
2025-08-14,309.4551696777344,311.2300109863281,314.1700134277344,307.0,307.010009765625,15717600
2025-08-15,304.5930480957031,306.3399963378906,311.5,299.760009765625,311.0299987792969,22806900
2025-08-18,304.0163879394531,305.760009765625,306.1700134277344,299.0,302.70001220703125,14724700
2025-08-19,293.2282409667969,294.9100036621094,302.8999938964844,292.3900146484375,302.4200134277344,20149600
2025-08-20,289.50958251953125,291.1700134277344,295.489990234375,281.8699951171875,295.4599914550781,23600500
2025-08-21,287.9485168457031,289.6000061035156,292.3900146484375,286.1700134277344,290.05999755859375,14946300
2025-08-22,292.32342529296875,294.0,300.0899963378906,289.010009765625,291.75,16301300
2025-08-25,292.5521240234375,294.2300109863281,298.3999938964844,291.7099914550781,292.80999755859375,15124700
2025-08-26,296.310546875,298.010009765625,300.25,293.989990234375,294.3500061035156,25689100
2025-08-27,298.53778076171875,300.25,301.17999267578125,293.7799987792969,297.5299987792969,13830300
2025-08-28,306.8898620605469,308.6499938964844,311.0,302.3299865722656,302.92999267578125,18907100
2025-08-29,295.6941223144531,297.3900146484375,307.010009765625,293.6600036621094,307.010009765625,21610700
2025-09-02,296.53924560546875,298.239990234375,298.7099914550781,287.1700134277344,289.3399963378906,19693000
2025-09-03,300.6656188964844,302.3900146484375,304.45001220703125,296.3999938964844,302.2900085449219,18529400
2025-09-04,304.3544616699219,306.1000061035156,308.7799987792969,302.25,305.05999755859375,31220800
2025-09-05,332.98028564453125,334.8900146484375,356.3399963378906,331.4200134277344,355.7799987792969,78401600
2025-09-08,343.67889404296875,345.6499938964844,354.1700134277344,341.25,342.75,43535600
2025-09-09,334.7501220703125,336.6700134277344,350.9800109863281,335.8299865722656,349.54998779296875,26972300
2025-09-10,367.4624938964844,369.57000732421875,372.9700012207031,350.54998779296875,351.5199890136719,51086800
2025-09-11,357.57916259765625,359.6300048828125,374.2300109863281,358.760009765625,371.17999267578125,29430900
2025-09-12,357.8177795410156,359.8699951171875,364.3900146484375,357.1600036621094,362.9100036621094,31949800
2025-09-15,362.0137023925781,364.0899963378906,365.5,356.3399963378906,359.8699951171875,21792200
2025-09-16,357.9470520019531,360.0,365.69000244140625,356.989990234375,365.42999267578125,21306500
2025-09-17,344.1959228515625,346.1700134277344,359.92999267578125,341.5,358.8500061035156,45197100
2025-09-18,343.380615234375,345.3500061035156,350.70001220703125,343.7900085449219,350.0,24663900
2025-09-19,342.9729309082031,344.94000244140625,346.2699890136719,336.42999267578125,344.6499938964844,41240100
2025-09-22,337.4351806640625,338.7900085449219,346.6700134277344,337.94000244140625,342.42999267578125,28660000
2025-09-23,337.5845642089844,338.94000244140625,345.2200012207031,337.0199890136719,340.239990234375,21944100
2025-09-24,337.9530944824219,339.30999755859375,340.0799865722656,333.80999755859375,339.760009765625,19677300
2025-09-25,334.75592041015625,336.1000061035156,338.05999755859375,327.29998779296875,332.989990234375,21678200
2025-09-26,333.19219970703125,334.5299987792969,339.0799865722656,330.5799865722656,337.42999267578125,15464700
2025-09-29,326.5887145996094,327.8999938964844,341.04998779296875,327.54998779296875,336.0,21336000
2025-09-30,328.5906677246094,329.9100036621094,331.04998779296875,324.6099853515625,330.1199951171875,20109500
2025-10-01,332.0567626953125,333.3900146484375,337.95001220703125,324.5,328.1499938964844,21122700
2025-10-02,336.82757568359375,338.17999267578125,347.6099853515625,335.25,347.6099853515625,19917600
2025-10-03,337.0168151855469,338.3699951171875,344.3999938964844,335.739990234375,341.5,14749100
2025-10-06,334.1483459472656,335.489990234375,344.1300048828125,334.55999755859375,335.9200134277344,18465700
2025-10-07,335.0646667480469,336.4100036621094,338.1099853515625,326.5799865722656,337.0299987792969,18086700
2025-10-08,344.1183166503906,345.5,346.5400085449219,332.6199951171875,333.82000732421875,21478300
2025-10-09,343.6402282714844,345.0199890136719,347.30999755859375,340.3999938964844,345.75,17643700
2025-10-10,323.331787109375,324.6300048828125,350.6000061035156,324.04998779296875,345.3900146484375,28941000
2025-10-13,355.2735290527344,356.70001220703125,359.3800048828125,343.5199890136719,352.7699890136719,45984300
2025-10-14,342.7538146972656,344.1300048828125,350.6700134277344,339.6499938964844,350.1300048828125,22078000
2025-10-15,349.92498779296875,351.3299865722656,359.3999938964844,347.5,354.4700012207031,23918500
2025-10-16,352.7337341308594,354.1499938964844,363.239990234375,349.489990234375,356.79998779296875,20317200
2025-10-17,347.9330139160156,349.3299865722656,350.9700012207031,340.7799987792969,349.6099853515625,20937900
2025-10-20,347.8433532714844,349.239990234375,356.5899963378906,347.8399963378906,353.79998779296875,15640200
2025-10-21,341.2897033691406,342.6600036621094,351.1000061035156,341.30999755859375,350.0,16092600
2025-10-22,338.9391174316406,340.29998779296875,348.010009765625,335.510009765625,347.29998779296875,19268800
2025-10-23,342.9131774902344,344.2900085449219,346.57000732421875,340.3999938964844,340.3999938964844,12859200
2025-10-24,352.71380615234375,354.1300048828125,358.29998779296875,350.8800048828125,352.510009765625,16143700
2025-10-27,360.6021423339844,362.04998779296875,362.75,355.0799865722656,361.5400085449219,20065800
2025-10-28,371.47845458984375,372.9700012207031,374.05999755859375,362.5299987792969,362.6199951171875,21056000
2025-10-29,384.43646240234375,385.9800109863281,386.4800109863281,373.19000244140625,373.19000244140625,24975200
2025-10-30,374.9644775390625,376.4700012207031,386.3999938964844,370.05999755859375,386.3999938964844,24295300
2025-10-31,368.1518249511719,369.6300048828125,378.82000732421875,365.1000061035156,378.2699890136719,21598400
2025-11-03,361.1001281738281,362.54998779296875,374.8500061035156,361.9800109863281,372.0,17198900
2025-11-04,350.5325622558594,351.94000244140625,368.95001220703125,351.0,358.5199890136719,24047500
2025-11-05,357.54443359375,358.9800109863281,364.8699951171875,350.0899963378906,350.8900146484375,17087600
2025-11-06,354.16796875,355.5899963378906,363.5,352.7099914550781,360.1099853515625,19896900
2025-11-07,348.0325927734375,349.42999267578125,354.5,337.2699890136719,354.19000244140625,21903200
2025-11-10,356.9568176269531,358.3900146484375,360.0,354.6099853515625,357.8999938964844,16409000
2025-11-11,350.552490234375,351.9599914550781,361.8900146484375,349.6700134277344,358.9700012207031,16446800
2025-11-12,353.7994689941406,355.2200012207031,358.8699951171875,351.67999267578125,358.0400085449219,12190500
2025-11-13,338.62042236328125,339.9800109863281,353.54998779296875,334.1600036621094,351.5799865722656,22616600
2025-11-14,341.0904541015625,342.4599914550781,344.739990234375,329.05999755859375,331.4700012207031,18500800
2025-11-17,341.27972412109375,342.6499938964844,352.20001220703125,337.5199890136719,339.82000732421875,14799600
2025-11-18,339.1383056640625,340.5,347.9700012207031,335.510009765625,343.20001220703125,21726800
2025-11-19,353.0026550292969,354.4200134277344,359.69000244140625,337.79998779296875,340.7099914550781,21851900
2025-11-20,345.4330749511719,346.82000732421875,376.0799865722656,345.17999267578125,366.0,28867000
2025-11-21,338.83953857421875,340.20001220703125,348.6000061035156,331.79998779296875,345.1600036621094,30280300
2025-11-24,376.4485168457031,377.9599914550781,382.0,347.6600036621094,347.7300109863281,47262400
2025-11-25,383.4902648925781,385.0299987792969,388.1300048828125,371.75,384.92999267578125,33507600
2025-11-26,395.9801025390625,397.57000732421875,399.8699951171875,383.260009765625,385.54998779296875,28693000
2025-11-28,401.3485412597656,402.9599914550781,403.0,397.1600036621094,399.3500061035156,13365500
2025-12-01,384.5360412597656,386.0799865722656,395.4200134277344,385.1000061035156,394.8500061035156,23252000
2025-12-02,380.0440979003906,381.57000732421875,393.5,379.7900085449219,388.30999755859375,22207000
2025-12-03,379.087890625,380.6099853515625,382.29998779296875,370.6499938964844,380.0,21336400
2025-12-04,379.5062561035156,381.0299987792969,383.8900146484375,376.5299987792969,380.67999267578125,15845900
2025-12-05,388.6794128417969,390.239990234375,393.5299987792969,385.1499938964844,386.1700134277344,24779900
2025-12-08,399.4960021972656,401.1000061035156,407.2900085449219,397.3999938964844,402.4800109863281,30410600
2025-12-09,404.66522216796875,406.2900085449219,406.92999267578125,395.510009765625,398.75,24546000
2025-12-10,411.3185119628906,412.9700012207031,414.6099853515625,399.55999755859375,402.20001220703125,31531000
2025-12-11,404.7449035644531,406.3699951171875,409.29998779296875,394.19000244140625,404.8299865722656,45681600
2025-12-12,358.4906005859375,359.92999267578125,382.0,355.1499938964844,379.9599914550781,95588500
2025-12-15,338.4510803222656,339.80999755859375,362.0,337.510009765625,361.8900146484375,65894900
2025-12-16,339.93511962890625,341.29998779296875,347.5,335.05999755859375,336.0199890136719,58061100
2025-12-17,324.7162170410156,326.0199890136719,346.6099853515625,321.4200134277344,346.6099853515625,73300900
2025-12-18,328.5608215332031,329.8800048828125,336.0299987792969,323.6300048828125,336.0,54501900
2025-12-19,338.9988708496094,340.3599853515625,343.45001220703125,332.5799865722656,333.3399963378906,159095200
2025-12-22,340.7352600097656,341.45001220703125,346.239990234375,337.2200012207031,346.0299987792969,28739600
2025-12-23,348.5887756347656,349.32000732421875,350.1099853515625,338.5400085449219,340.80999755859375,28232600
2025-12-24,349.48687744140625,350.2200012207031,352.8599853515625,347.1400146484375,350.69000244140625,11424400
2025-12-26,351.39288330078125,352.1300048828125,353.25,347.75,351.05999755859375,15028100
2025-12-29,348.65863037109375,349.3900146484375,350.3299865722656,344.69000244140625,348.7200012207031,21946900
2025-12-30,349.1176452636719,349.8500061035156,352.67999267578125,349.29998779296875,349.9700012207031,16633600
2025-12-31,345.3755187988281,346.1000061035156,349.8800048828125,345.4200134277344,349.7300109863281,15346100
2026-01-02,346.8923034667969,347.6199951171875,360.6600036621094,345.55999755859375,352.7799987792969,25398600
2026-01-05,342.7011413574219,343.4200134277344,355.0299987792969,336.5,354.739990234375,31136000
2026-01-06,343.0503845214844,343.7699890136719,349.04998779296875,338.0,343.6000061035156,27135500
2026-01-07,342.78094482421875,343.5,349.70001220703125,335.8800048828125,341.70001220703125,20249300
2026-01-08,331.7840270996094,332.4800109863281,343.67999267578125,330.5,342.7799987792969,24385200
2026-01-09,344.24786376953125,344.9700012207031,347.3900146484375,333.5,337.9200134277344,22482500
2026-01-12,351.47271728515625,352.2099914550781,353.8999938964844,340.95001220703125,340.95001220703125,20949600
2026-01-13,353.86767578125,354.6099853515625,359.489990234375,350.9100036621094,352.8800048828125,18308000
2026-01-14,339.17852783203125,339.8900146484375,350.69000244140625,334.4200134277344,348.9700012207031,30094700
2026-01-15,342.30194091796875,343.0199890136719,349.67999267578125,341.6700134277344,349.1199951171875,22218800
2026-01-16,350.9737548828125,351.7099914550781,354.510009765625,344.04998779296875,346.2699890136719,31291200
2026-01-20,331.9037780761719,332.6000061035156,345.3999938964844,331.79998779296875,344.1000061035156,32293900
2026-01-21,328.1116943359375,328.79998779296875,335.79998779296875,324.20001220703125,335.510009765625,32006600
2026-01-22,324.8086242675781,325.489990234375,336.989990234375,324.8900146484375,335.3500061035156,24275400
2026-01-23,319.3800354003906,320.04998779296875,321.989990234375,314.1099853515625,319.29998779296875,30259500
2026-01-26,324.16998291015625,324.8500061035156,328.67999267578125,317.6000061035156,319.79998779296875,25006400
2026-01-27,332.0933837890625,332.7900085449219,334.760009765625,327.0199890136719,329.760009765625,25537600
2026-01-28,332.54241943359375,333.239990234375,339.989990234375,326.70001220703125,338.8500061035156,23001700
2026-01-29,330.0376892089844,330.7300109863281,335.95001220703125,320.2799987792969,332.55999755859375,20447500
2026-01-30,330.6064758300781,331.29998779296875,338.20001220703125,328.3299865722656,332.44000244140625,28313000
2026-02-02,330.4168701171875,331.1099853515625,336.05999755859375,325.75,326.1099853515625,17278200
2026-02-03,319.659423828125,320.3299865722656,338.8999938964844,308.6499938964844,336.739990234375,36914800
2026-02-04,307.4051513671875,308.04998779296875,319.510009765625,295.29998779296875,319.510009765625,43330300
2026-02-05,309.8600158691406,310.510009765625,326.5299987792969,306.70001220703125,314.3399963378906,42775800
2026-02-06,332.2231140136719,332.9200134277344,335.0,316.29998779296875,320.1000061035156,33003400
2026-02-09,343.22003173828125,343.94000244140625,352.3399963378906,330.6499938964844,330.7699890136719,30091000
2026-02-10,339.72735595703125,340.44000244140625,348.010009765625,339.8399963378906,347.4700012207031,19542700
2026-02-11,342.0425109863281,342.760009765625,347.20001220703125,333.739990234375,346.79998779296875,17004700
2026-02-12,330.4767761230469,331.1700134277344,346.2900085449219,329.55999755859375,343.8299865722656,22007300
2026-02-13,324.48931884765625,325.1700134277344,334.32000732421875,324.69000244140625,329.8500061035156,18397200
2026-02-17,331.8439025878906,332.5400085449219,335.75,316.30999755859375,319.67999267578125,23469700
2026-02-18,332.8118591308594,333.510009765625,337.8800048828125,327.2300109863281,329.5199890136719,13565300
2026-02-19,333.29083251953125,333.989990234375,338.44000244140625,329.67999267578125,333.010009765625,15180900
2026-02-20,331.9536437988281,332.6499938964844,340.1099853515625,329.5799865722656,332.3599853515625,17658900
2026-02-23,329.64849853515625,330.3399963378906,338.5,325.32000732421875,332.25,16472400
2026-02-24,324.8086242675781,325.489990234375,328.30999755859375,314.45001220703125,322.5400085449219,23614400
2026-02-25,331.6143798828125,332.30999755859375,335.9100036621094,329.2799987792969,330.739990234375,20182300
2026-02-26,321.0265808105469,321.70001220703125,326.5799865722656,307.92999267578125,326.5,33025300
2026-02-27,318.8810729980469,319.54998779296875,320.0,310.0,310.70001220703125,28004200
2026-03-02,318.1526184082031,318.82000732421875,320.0400085449219,307.20001220703125,309.3599853515625,20567200
2026-03-03,313.18304443359375,313.8399963378906,315.8800048828125,307.3999938964844,313.0,20826200
2026-03-04,316.86529541015625,317.5299987792969,322.6400146484375,311.739990234375,315.67999267578125,34895800
2026-03-05,332.0733947753906,332.7699890136719,336.1199951171875,323.0299987792969,330.17999267578125,57076600
2026-03-06,329.7882080078125,330.4800109863281,343.510009765625,327.3999938964844,328.2799987792969,39152200
2026-03-09,345.0262451171875,345.75,348.489990234375,323.6099853515625,327.25,40605800
2026-03-10,341.86285400390625,342.5799865722656,353.1400146484375,340.79998779296875,348.7300109863281,29531700
2026-03-11,340.85498046875,341.57000732421875,345.80999755859375,338.2200012207031,342.5899963378906,20104100
2026-03-12,335.2667236328125,335.9700012207031,339.8299865722656,332.20001220703125,337.739990234375,21982700
2026-03-13,321.4856262207031,322.1600036621094,338.32000732421875,321.42999267578125,337.67999267578125,34725000
2026-03-16,324.2398681640625,324.9200134277344,329.20001220703125,320.05999755859375,326.0199890136719,31363100
2026-03-17,320.63739013671875,321.30999755859375,327.44000244140625,317.25,325.760009765625,38026500
2026-03-18,315.2686462402344,315.92999267578125,325.44000244140625,315.54998779296875,320.42999267578125,25460600
2026-03-19,319.17047119140625,319.8399963378906,323.2699890136719,308.510009765625,312.4700012207031,23524800
2026-03-20,309.8600158691406,310.510009765625,321.510009765625,309.9200134277344,320.1199951171875,43325900
2026-03-23,322.510009765625,322.510009765625,326.4800109863281,314.92999267578125,318.0,27369200
2026-03-24,318.2900085449219,318.2900085449219,324.3999938964844,314.8399963378906,320.0,19799000
2026-03-25,318.80999755859375,318.80999755859375,324.29998779296875,316.7200012207031,322.5899963378906,19900000
2026-03-26,309.4200134277344,309.4200134277344,316.9200134277344,309.1700134277344,314.0199890136719,20343700
2026-03-27,300.67999267578125,300.67999267578125,307.5,298.8699951171875,307.05999755859375,23593900
2026-03-30,293.4100036621094,293.4100036621094,304.7699890136719,289.9599914550781,300.8699951171875,28054500
2026-03-31,309.510009765625,309.510009765625,310.30999755859375,296.3399963378906,299.3900146484375,29289500
2026-04-01,313.489990234375,313.489990234375,315.7900085449219,310.4800109863281,313.3699951171875,19171000
2026-04-02,314.54998779296875,314.54998779296875,314.69000244140625,301.75,304.489990234375,14021100
2026-04-06,314.42999267578125,314.42999267578125,316.3999938964844,310.2799987792969,315.05999755859375,12111300
2026-04-07,333.9700012207031,333.9700012207031,334.1499938964844,321.79998779296875,326.7300109863281,33310900
2026-04-08,350.6300048828125,350.6300048828125,354.1400146484375,342.5299987792969,351.75,31573100
2026-04-09,354.9100036621094,354.9100036621094,358.70001220703125,351.5,352.29998779296875,20514900
2026-04-10,371.54998779296875,371.54998779296875,376.54998779296875,360.82000732421875,360.94000244140625,29958100
2026-04-13,379.75,379.75,380.8599853515625,369.4800109863281,369.6600036621094,24115800
2026-04-14,380.7799987792969,380.7799987792969,382.2799987792969,376.32000732421875,377.8999938964844,24423000
2026-04-15,396.7200012207031,396.7200012207031,397.0799865722656,385.57000732421875,389.8800048828125,29559300
2026-04-16,398.4700012207031,398.4700012207031,399.67999267578125,392.3500061035156,395.0,18872900
2026-04-17,406.5400085449219,406.5400085449219,406.7300109863281,399.80999755859375,400.8999938964844,20581700
2026-04-20,399.6300048828125,399.6300048828125,406.4200134277344,395.8999938964844,405.70001220703125,16922000
2026-04-21,402.1700134277344,402.1700134277344,403.6000061035156,394.57000732421875,399.4100036621094,16275500
2026-04-22,422.6499938964844,422.6499938964844,423.20001220703125,404.8599853515625,406.9800109863281,23702500
2026-04-23,419.94000244140625,419.94000244140625,429.30999755859375,417.79998779296875,422.3900146484375,19501600
2026-04-24,422.760009765625,422.760009765625,425.0,408.8599853515625,424.9800109863281,22491100
2026-04-27,418.20001220703125,418.20001220703125,422.75,414.6300048828125,420.4800109863281,17451600
2026-04-28,399.8299865722656,399.8299865722656,405.80999755859375,394.6499938964844,400.30999755859375,25519200
2026-04-29,405.45001220703125,405.45001220703125,405.6400146484375,396.7799987792969,403.5,15962500
2026-04-30,417.42999267578125,417.42999267578125,418.3800048828125,404.2300109863281,415.5199890136719,21821600
2026-05-01,421.2799987792969,421.2799987792969,423.1700134277344,413.2799987792969,415.0899963378906,11882600
2026-05-04,416.5,416.5,423.8299865722656,409.5299987792969,418.2200012207031,15140400
2026-05-05,427.3599853515625,427.3599853515625,433.3900146484375,419.3500061035156,421.6600036621094,21175200
2026-05-06,425.44000244140625,425.44000244140625,437.67999267578125,417.7799987792969,435.55999755859375,20707000
2026-05-07,412.55999755859375,412.55999755859375,426.489990234375,406.29998779296875,421.82000732421875,22791700
2026-05-08,430.0,430.0,435.0,414.0,419.79998779296875,22561400
2026-05-11,428.42999267578125,428.42999267578125,433.6499938964844,425.04998779296875,427.6199951171875,16825500
2026-05-12,419.29998779296875,419.29998779296875,429.3399963378906,408.4100036621094,423.42999267578125,19004300
2026-05-13,416.7900085449219,416.7900085449219,418.6300048828125,404.79998779296875,415.80999755859375,16981200
2026-05-14,439.7900085449219,439.7900085449219,442.3599853515625,415.5899963378906,416.7300109863281,19733800
2026-05-15,425.19000244140625,425.19000244140625,432.80999755859375,419.79998779296875,432.80999755859375,18957100
2026-05-18,420.7099914550781,420.7099914550781,422.010009765625,414.3699951171875,421.4100036621094,17863300
2026-05-19,411.07000732421875,411.07000732421875,417.95001220703125,405.8599853515625,409.82000732421875,20652100
2026-05-20,417.760009765625,417.760009765625,424.1700134277344,411.4200134277344,412.80999755859375,16312600
2026-05-21,414.57000732421875,414.57000732421875,422.25,410.5,413.54998779296875,16865300
2026-05-22,414.1400146484375,414.1400146484375,419.989990234375,410.2099914550781,417.489990234375,14086400
2026-05-26,422.010009765625,422.010009765625,435.30999755859375,417.0,418.5,22562900
2026-05-27,421.8599853515625,421.8599853515625,432.79998779296875,416.489990234375,425.07000732421875,17601000
2026-05-28,426.5799865722656,426.5799865722656,429.67999267578125,414.010009765625,421.1400146484375,17855600
2026-05-29,446.7699890136719,446.7699890136719,448.8999938964844,431.4700012207031,432.95001220703125,41798400
2026-06-01,459.9700012207031,459.9700012207031,466.04998779296875,442.2200012207031,450.0899963378906,30419600
