Date,Adj Close,Close,High,Low,Open,Volume
2010-01-04,23.027507781982422,30.950000762939453,31.100000381469727,30.59000015258789,30.6200008392334,38409100
2010-01-05,23.034944534301758,30.959999084472656,31.100000381469727,30.639999389648438,30.850000381469727,49749600
2010-01-06,22.893579483032227,30.770000457763672,31.079999923706055,30.520000457763672,30.8799991607666,58182400
2010-01-07,22.655502319335938,30.450000762939453,30.700000762939453,30.190000534057617,30.6299991607666,50559700
2010-01-08,22.811742782592773,30.65999984741211,30.8799991607666,30.239999771118164,30.280000686645508,51197400
2010-01-11,22.52157211303711,30.270000457763672,30.760000228881836,30.1200008392334,30.709999084472656,68754700
2010-01-12,22.372764587402344,30.06999969482422,30.399999618530273,29.90999984741211,30.149999618530273,65912100
2010-01-13,22.581087112426758,30.350000381469727,30.520000457763672,30.010000228881836,30.260000228881836,51863500
2010-01-14,23.034944534301758,30.959999084472656,31.100000381469727,30.260000228881836,30.309999465942383,63228100
2010-01-15,22.960540771484375,30.860000610351562,31.239999771118164,30.709999084472656,31.079999923706055,79913200
2010-01-19,23.139110565185547,31.100000381469727,31.239999771118164,30.68000030517578,30.75,46575700
2010-01-20,22.75966453552246,30.59000015258789,30.940000534057617,30.309999465942383,30.809999465942383,54849500
2010-01-21,22.328121185302734,30.010000228881836,30.719999313354492,30.0,30.610000610351562,73086700
2010-01-22,21.546905517578125,28.959999084472656,30.200000762939453,28.84000015258789,30.0,102004600
2010-01-25,21.81475067138672,29.31999969482422,29.65999984741211,29.100000381469727,29.239999771118164,63373000
2010-01-26,21.948671340942383,29.5,29.850000381469727,29.09000015258789,29.200000762939453,66639900
2010-01-27,22.075157165527344,29.670000076293945,29.81999969482422,29.020000457763672,29.350000381469727,63949500
2010-01-28,21.695711135864258,29.15999984741211,29.8700008392334,28.889999389648438,29.84000015258789,117513700
2010-01-29,20.966564178466797,28.18000030517578,29.920000076293945,27.65999984741211,29.899999618530273,193888500
2010-02-01,21.13768768310547,28.40999984741211,28.479999542236328,27.920000076293945,28.389999389648438,85931100
2010-02-02,21.17488670349121,28.459999084472656,28.5,28.139999389648438,28.3700008392334,54413700
2010-02-03,21.301376342773438,28.6299991607666,28.790000915527344,28.1200008392334,28.260000228881836,61397900
2010-02-04,20.713594436645508,27.84000015258789,28.5,27.809999465942383,28.3799991607666,77850000
2010-02-05,20.847522735595703,28.020000457763672,28.280000686645508,27.56999969482422,28.0,80960100
2010-02-08,20.624311447143555,27.719999313354492,28.079999923706055,27.56999969482422,28.010000228881836,52820600
2010-02-09,20.84007453918457,28.010000228881836,28.34000015258789,27.75,27.969999313354492,59195800
2010-02-10,20.825199127197266,27.989999771118164,28.239999771118164,27.84000015258789,28.030000686645508,48591300
2010-02-11,20.921916961669922,28.1200008392334,28.399999618530273,27.700000762939453,27.93000030517578,65993700
2010-02-12,20.780555725097656,27.93000030517578,28.059999465942383,27.579999923706055,27.809999465942383,81117200
2010-02-16,21.19167709350586,28.350000381469727,28.3700008392334,28.020000457763672,28.1299991607666,51935600
2010-02-17,21.371076583862305,28.59000015258789,28.649999618530273,28.360000610351562,28.530000686645508,45882900
2010-02-18,21.655136108398438,28.969999313354492,29.030000686645508,28.510000228881836,28.59000015258789,42856500
2010-02-19,21.50563621520996,28.770000457763672,28.920000076293945,28.690000534057617,28.790000915527344,44451800
2010-02-22,21.475725173950195,28.729999542236328,28.940000534057617,28.649999618530273,28.84000015258789,36707100
2010-02-23,21.176734924316406,28.329999923706055,28.829999923706055,28.09000015258789,28.68000030517578,52266200
2010-02-24,21.40097999572754,28.6299991607666,28.790000915527344,28.3799991607666,28.520000457763672,43165900
2010-02-25,21.37856101989746,28.600000381469727,28.649999618530273,28.020000457763672,28.270000457763672,48735300
2010-02-26,21.430885314941406,28.670000076293945,28.850000381469727,28.510000228881836,28.649999618530273,40370600
2010-03-01,21.6925106048584,29.020000457763672,29.049999237060547,28.530000686645508,28.770000457763672,43805400
2010-03-02,21.273910522460938,28.459999084472656,29.299999237060547,28.239999771118164,29.079999923706055,93123900
2010-03-03,21.273910522460938,28.459999084472656,28.610000610351562,28.350000381469727,28.510000228881836,48442100
2010-03-04,21.40097999572754,28.6299991607666,28.649999618530273,28.270000457763672,28.459999084472656,42890600
2010-03-05,21.371076583862305,28.59000015258789,28.68000030517578,28.420000076293945,28.65999984741211,56001800
2010-03-08,21.40097999572754,28.6299991607666,28.93000030517578,28.5,28.520000457763672,39414500
2010-03-09,21.528057098388672,28.799999237060547,29.110000610351562,28.549999237060547,28.559999465942383,50271600
2010-03-10,21.655136108398438,28.969999313354492,29.110000610351562,28.799999237060547,28.860000610351562,44891400
2010-03-11,21.812103271484375,29.18000030517578,29.190000534057617,28.850000381469727,28.889999389648438,35349700
2010-03-12,21.879383087158203,29.270000457763672,29.3799991607666,29.040000915527344,29.31999969482422,31700200
2010-03-15,21.894329071044922,29.290000915527344,29.3700008392334,29.010000228881836,29.18000030517578,37512000
2010-03-16,21.95413589477539,29.3700008392334,29.489999771118164,29.200000762939453,29.420000076293945,36723500
2010-03-17,22.148483276367188,29.6299991607666,29.8700008392334,29.399999618530273,29.5,50385700
2010-03-18,22.133535385131836,29.610000610351562,29.719999313354492,29.5,29.6299991607666,43845200
2010-03-19,22.11859130859375,29.59000015258789,29.899999618530273,29.350000381469727,29.760000228881836,81332100
2010-03-22,22.126056671142578,29.600000381469727,29.700000762939453,29.389999389648438,29.5,37718200
2010-03-23,22.335359573364258,29.8799991607666,29.899999618530273,29.40999984741211,29.59000015258789,42026600
2010-03-24,22.163434982299805,29.649999618530273,29.850000381469727,29.600000381469727,29.719999313354492,33987700
2010-03-25,22.43253517150879,30.010000228881836,30.56999969482422,29.799999237060547,29.829999923706055,73168700
2010-03-26,22.170907974243164,29.65999984741211,30.200000762939453,29.59000015258789,30.09000015258789,55595500
2010-03-29,22.11859130859375,29.59000015258789,29.81999969482422,29.549999237060547,29.709999084472656,33336000
2010-03-30,22.253137588500977,29.770000457763672,29.860000610351562,29.5,29.6299991607666,34954800
2010-03-31,21.894329071044922,29.290000915527344,29.719999313354492,29.170000076293945,29.639999389648438,63760000
2010-04-01,21.797155380249023,29.15999984741211,29.540000915527344,28.6200008392334,29.350000381469727,74768100
2010-04-05,21.879383087158203,29.270000457763672,29.43000030517578,29.030000686645508,29.1299991607666,34331200
2010-04-06,21.91675567626953,29.31999969482422,29.579999923706055,28.979999542236328,29.149999618530273,47366800
2010-04-07,21.939184188842773,29.350000381469727,29.559999465942383,29.139999389648438,29.15999984741211,58318800
2010-04-08,22.36526107788086,29.920000076293945,29.979999542236328,29.299999237060547,29.31999969482422,63713800
2010-04-09,22.679216384887695,30.34000015258789,30.40999984741211,29.899999618530273,29.950000762939453,54752500
2010-04-12,22.664262771606445,30.31999969482422,30.489999771118164,30.209999084472656,30.25,37068800
2010-04-13,22.761445999145508,30.450000762939453,30.5,30.1299991607666,30.149999618530273,41374600
2010-04-14,23.038021087646484,30.81999969482422,31.0,30.65999984741211,30.790000915527344,68941200
2010-04-15,23.075389862060547,30.8700008392334,30.950000762939453,30.709999084472656,30.81999969482422,52745400
2010-04-16,22.925888061523438,30.670000076293945,30.979999542236328,30.600000381469727,30.790000915527344,88703100
2010-04-19,23.202465057373047,31.040000915527344,31.25,30.760000228881836,30.770000457763672,64970300
2010-04-20,23.441669464111328,31.360000610351562,31.440000534057617,31.1299991607666,31.219999313354492,52199500
2010-04-21,23.419239044189453,31.329999923706055,31.5,31.229999542236328,31.329999923706055,55343100
2010-04-22,23.464080810546875,31.389999389648438,31.530000686645508,30.899999618530273,31.040000915527344,84847600
2010-04-23,23.142658233642578,30.959999084472656,31.579999923706055,30.649999618530273,31.1200008392334,126766600
2010-04-26,23.254785537719727,31.110000610351562,31.280000686645508,30.860000610351562,31.0,63649300
2010-04-27,23.060426712036133,30.850000381469727,31.25,30.75,30.950000762939453,68730900
2010-04-28,23.105289459228516,30.90999984741211,31.0,30.6200008392334,30.920000076293945,64557900
2010-04-29,23.172563552856445,31.0,31.43000030517578,30.670000076293945,30.93000030517578,52665200
2010-04-30,22.828718185424805,30.540000915527344,31.079999923706055,30.520000457763672,31.06999969482422,63214800
2010-05-03,23.067914962768555,30.860000610351562,31.059999465942383,30.579999923706055,30.670000076293945,43989500
2010-05-04,22.522235870361328,30.1299991607666,30.549999237060547,29.75,30.520000457763672,82085600
2010-05-05,22.31294822692871,29.850000381469727,30.09000015258789,29.690000534057617,29.770000457763672,66833800
2010-05-06,21.662607192993164,28.979999542236328,29.8799991607666,27.90999984741211,29.59000015258789,128613000
2010-05-07,21.087034225463867,28.209999084472656,28.950000762939453,27.31999969482422,28.93000030517578,173718100
2010-05-10,21.632707595825195,28.940000534057617,29.479999542236328,28.709999084472656,29.010000228881836,86653300
2010-05-11,21.587862014770508,28.8799991607666,29.649999618530273,28.56999969482422,28.68000030517578,63789400
2010-05-12,22.00646209716797,29.440000534057617,29.579999923706055,28.920000076293945,28.979999542236328,47146800
2010-05-13,21.85696029663086,29.239999771118164,29.729999542236328,29.18000030517578,29.260000228881836,45188800
2010-05-14,21.625232696533203,28.93000030517578,29.209999084472656,28.639999389648438,29.200000762939453,63334000
2010-05-17,21.632707595825195,28.940000534057617,29.229999542236328,28.450000762939453,29.1200008392334,46053300
2010-05-18,21.475025177001953,28.600000381469727,29.0,28.399999618530273,28.8700008392334,52690600
2010-05-19,21.204700469970703,28.239999771118164,28.690000534057617,27.790000915527344,28.520000457763672,61746700
2010-05-20,20.356224060058594,27.110000610351562,27.84000015258789,27.040000915527344,27.649999618530273,87991100
2010-05-21,20.153488159179688,26.84000015258789,27.110000610351562,26.440000534057617,26.6299991607666,117596300
2010-05-24,19.725488662719727,26.270000457763672,26.860000610351562,26.260000228881836,26.850000381469727,73711700
2010-05-25,19.575313568115234,26.06999969482422,26.329999923706055,25.3799991607666,25.649999618530273,98373600
2010-05-26,18.779386520385742,25.010000228881836,26.610000610351562,24.559999465942383,26.229999542236328,176684100
2010-05-27,19.522748947143555,26.0,26.360000610351562,25.729999542236328,25.729999542236328,136433600
2010-05-28,19.372577667236328,25.799999237060547,26.1200008392334,25.65999984741211,25.84000015258789,67496900
2010-06-01,19.440156936645508,25.889999389648438,26.309999465942383,25.520000457763672,25.530000686645508,76152400
2010-06-02,19.868152618408203,26.459999084472656,26.479999542236328,25.729999542236328,26.059999465942383,65718800
2010-06-03,20.168500900268555,26.860000610351562,26.93000030517578,26.40999984741211,26.549999237060547,67837000
2010-06-04,19.365068435668945,25.790000915527344,26.56999969482422,25.6200008392334,26.100000381469727,89832200
2010-06-07,18.9896297454834,25.290000915527344,25.829999923706055,25.239999771118164,25.81999969482422,80456200
2010-06-08,18.854473114013672,25.110000610351562,25.260000228881836,24.649999618530273,25.25,87355000
2010-06-09,18.614185333251953,24.790000915527344,25.520000457763672,24.75,25.219999313354492,87794000
2010-06-10,18.77187728881836,25.0,25.149999618530273,24.780000686645508,25.1299991607666,78930900
2010-06-11,19.267452239990234,25.65999984741211,25.719999313354492,24.770000457763672,25.040000915527344,68057700
2010-06-14,19.14730453491211,25.5,25.959999084472656,25.469999313354492,25.860000610351562,50972400
2010-06-15,19.958253860473633,26.579999923706055,26.649999618530273,25.739999771118164,25.75,81641500
2010-06-16,19.763029098510742,26.31999969482422,26.579999923706055,26.229999542236328,26.469999313354492,48698000
2010-06-17,19.80057716369629,26.3700008392334,26.670000076293945,26.040000915527344,26.559999465942383,47995500
2010-06-18,19.85314178466797,26.440000534057617,26.530000686645508,26.170000076293945,26.3700008392334,52075600
2010-06-21,19.485204696655273,25.950000762939453,26.889999389648438,25.889999389648438,26.780000686645508,54625300
2010-06-22,19.350048065185547,25.770000457763672,26.450000762939453,25.760000228881836,26.15999984741211,55985400
2010-06-23,19.0046443939209,25.309999465942383,25.780000686645508,25.219999313354492,25.780000686645508,61466200
2010-06-24,18.77187728881836,25.0,25.719999313354492,24.93000030517578,25.459999084472656,85243400
2010-06-25,18.418970108032227,24.530000686645508,25.110000610351562,24.309999465942383,25.049999237060547,156256700
2010-06-28,18.253765106201172,24.309999465942383,24.610000610351562,24.1200008392334,24.510000228881836,73784800
2010-06-29,17.502891540527344,23.309999465942383,24.200000762939453,23.110000610351562,24.1299991607666,119882100
2010-06-30,17.277633666992188,23.010000228881836,23.68000030517578,22.950000762939453,23.299999237060547,81050500
2010-07-01,17.390268325805664,23.15999984741211,23.31999969482422,22.729999542236328,23.09000015258789,92239400
2010-07-02,17.472856521606445,23.270000457763672,23.479999542236328,23.049999237060547,23.360000610351562,62485100
2010-07-06,17.88584327697754,23.81999969482422,24.09000015258789,23.579999923706055,23.700000762939453,73592000
2010-07-07,18.246259689331055,24.299999237060547,24.31999969482422,23.610000610351562,23.81999969482422,79965300
2010-07-08,18.328868865966797,24.40999984741211,24.6200008392334,23.969999313354492,24.600000381469727,50758100
2010-07-09,18.22374153137207,24.270000457763672,24.40999984741211,24.149999618530273,24.329999923706055,53806100
2010-07-12,18.644229888916016,24.829999923706055,24.889999389648438,24.420000076293945,24.43000030517578,49854200
2010-07-13,18.86949348449707,25.1299991607666,25.299999237060547,24.899999618530273,25.139999389648438,61928700
2010-07-14,19.102258682250977,25.440000534057617,25.610000610351562,25.1200008392334,25.5,72808100
2010-07-15,19.15481948852539,25.510000228881836,25.59000015258789,24.979999542236328,25.5,56934700
2010-07-16,18.689279556274414,24.889999389648438,25.639999389648438,24.8799991607666,25.510000228881836,65064800
2010-07-19,18.944580078125,25.229999542236328,25.299999237060547,24.90999984741211,24.959999084472656,38181800
2010-07-20,19.13229751586914,25.479999542236328,25.479999542236328,24.700000762939453,24.860000610351562,45530700
2010-07-21,18.861988067626953,25.1200008392334,25.649999618530273,24.979999542236328,25.600000381469727,73297300
2010-07-22,19.402610778808594,25.84000015258789,25.989999771118164,25.469999313354492,25.510000228881836,73016400
2010-07-23,19.380077362060547,25.809999465942383,26.020000457763672,25.25,25.84000015258789,108520100
2010-07-26,19.597835540771484,26.100000381469727,26.200000762939453,25.799999237060547,25.860000610351562,67249900
2010-07-27,19.642885208129883,26.15999984741211,26.239999771118164,25.959999084472656,26.139999389648438,60672100
2010-07-28,19.485204696655273,25.950000762939453,26.190000534057617,25.829999923706055,26.06999969482422,69704800
2010-07-29,19.545272827148438,26.030000686645508,26.40999984741211,25.600000381469727,26.1299991607666,69446200
2010-07-30,19.380077362060547,25.809999465942383,25.84000015258789,25.350000381469727,25.75,83534800
2010-08-02,19.770545959472656,26.329999923706055,26.3799991607666,25.75,25.989999771118164,55044600
2010-08-03,19.642885208129883,26.15999984741211,26.350000381469727,25.969999313354492,26.200000762939453,56877700
2010-08-04,19.32001304626465,25.729999542236328,26.239999771118164,25.440000534057617,26.149999618530273,78531900
2010-08-05,19.049699783325195,25.3700008392334,25.579999923706055,25.209999084472656,25.489999771118164,64922100
2010-08-06,19.184856414794922,25.549999237060547,25.559999465942383,25.020000457763672,25.18000030517578,55982100
2010-08-09,19.22991180419922,25.610000610351562,25.729999542236328,25.3700008392334,25.549999237060547,57096500
2010-08-10,18.824434280395508,25.06999969482422,25.34000015258789,24.8799991607666,25.329999923706055,87257700
2010-08-11,18.666757583618164,24.860000610351562,24.899999618530273,24.559999465942383,24.68000030517578,76746900
2010-08-12,18.388925552368164,24.489999771118164,24.68000030517578,24.360000610351562,24.420000076293945,70240500
2010-08-13,18.321348190307617,24.399999618530273,24.670000076293945,24.239999771118164,24.350000381469727,45263500
2010-08-16,18.39643096923828,24.5,24.610000610351562,24.299999237060547,24.360000610351562,40909700
2010-08-17,18.65309715270996,24.709999084472656,24.959999084472656,24.600000381469727,24.709999084472656,52912600
2010-08-18,18.73613739013672,24.81999969482422,24.950000762939453,24.40999984741211,24.68000030517578,46818900
2010-08-19,18.449277877807617,24.440000534057617,24.739999771118164,24.209999084472656,24.6200008392334,54064600
2010-08-20,18.29075050354004,24.229999542236328,24.399999618530273,24.200000762939453,24.309999465942383,49560100
2010-08-23,18.32849884033203,24.280000686645508,24.639999389648438,24.239999771118164,24.440000534057617,51643000
2010-08-24,18.147323608398438,24.040000915527344,24.350000381469727,24.0,24.09000015258789,66522500
2010-08-25,18.19261360168457,24.100000381469727,24.219999313354492,23.8700008392334,24.0,47404800
2010-08-26,17.98124885559082,23.81999969482422,24.190000534057617,23.790000915527344,24.09000015258789,49105300
2010-08-27,18.06429100036621,23.93000030517578,24.020000457763672,23.510000228881836,23.8799991607666,60939400
2010-08-30,17.845375061035156,23.639999389648438,23.81999969482422,23.600000381469727,23.739999771118164,45453100
2010-08-31,17.7170467376709,23.469999313354492,23.729999542236328,23.31999969482422,23.600000381469727,66074600
2010-09-01,18.041643142700195,23.899999618530273,23.950000762939453,23.540000915527344,23.670000076293945,65235900
2010-09-02,18.07184410095215,23.940000534057617,23.950000762939453,23.709999084472656,23.8799991607666,48837100
2010-09-03,18.336044311523438,24.290000915527344,24.450000762939453,24.200000762939453,24.239999771118164,64189100
2010-09-07,18.086931228637695,23.959999084472656,24.299999237060547,23.920000076293945,24.100000381469727,51928700
2010-09-08,18.06429100036621,23.93000030517578,24.200000762939453,23.739999771118164,24.06999969482422,65512400
2010-09-09,18.124675750732422,24.010000228881836,24.209999084472656,23.989999771118164,24.190000534057617,46028900
2010-09-10,18.003902435302734,23.850000381469727,24.030000686645508,23.790000915527344,23.979999542236328,58284300
2010-09-13,18.955049514770508,25.110000610351562,25.290000915527344,24.09000015258789,24.200000762939453,114680400
2010-09-14,18.894657135009766,25.030000686645508,25.350000381469727,24.889999389648438,25.040000915527344,87160400
2010-09-15,18.962600708007812,25.1200008392334,25.219999313354492,24.920000076293945,25.100000381469727,56201900
2010-09-16,19.121124267578125,25.329999923706055,25.3700008392334,25.049999237060547,25.059999465942383,44548300
2010-09-17,19.0380802154541,25.219999313354492,25.530000686645508,25.079999923706055,25.399999618530273,70341600
2010-09-20,19.196613311767578,25.43000030517578,25.520000457763672,25.110000610351562,25.280000686645508,49838700
2010-09-21,18.985240936279297,25.149999618530273,25.420000076293945,25.079999923706055,25.420000076293945,52675700
2010-09-22,18.577604293823242,24.610000610351562,24.969999313354492,24.360000610351562,24.889999389648438,94299400
2010-09-23,18.44173240661621,24.43000030517578,24.59000015258789,24.360000610351562,24.510000228881836,46201800
2010-09-24,18.7059383392334,24.780000686645508,24.799999237060547,24.579999923706055,24.639999389648438,51948800
2010-09-27,18.668195724487305,24.729999542236328,24.989999771118164,24.59000015258789,24.850000381469727,43603300
2010-09-28,18.630451202392578,24.68000030517578,24.899999618530273,24.350000381469727,24.799999237060547,56041200
2010-09-29,18.494571685791016,24.5,24.65999984741211,24.399999618530273,24.6299991607666,44318900
2010-09-30,18.48702049255371,24.489999771118164,24.829999923706055,24.360000610351562,24.610000610351562,61262700
2010-10-01,18.403987884521484,24.3799991607666,24.81999969482422,24.299999237060547,24.770000457763672,62672300
2010-10-04,18.049192428588867,23.90999984741211,23.989999771118164,23.780000686645508,23.959999084472656,98143400
2010-10-05,18.38134765625,24.350000381469727,24.450000762939453,23.90999984741211,24.059999465942383,78152900
2010-10-06,18.44173240661621,24.43000030517578,24.540000915527344,24.1299991607666,24.31999969482422,50489700
2010-10-07,18.517223358154297,24.530000686645508,24.75,24.280000686645508,24.6200008392334,50096100
2010-10-08,18.547420501708984,24.56999969482422,24.649999618530273,24.3700008392334,24.6200008392334,41327800
2010-10-11,18.5625057220459,24.59000015258789,24.739999771118164,24.5,24.739999771118164,27587800
2010-10-12,18.74368667602539,24.829999923706055,24.93000030517578,24.43000030517578,24.649999618530273,50141500
2010-10-13,19.128677368164062,25.34000015258789,25.540000915527344,24.889999389648438,25.020000457763672,75336500
2010-10-14,19.04563331604004,25.229999542236328,25.34000015258789,25.0,25.290000915527344,51949100
2010-10-15,19.27964973449707,25.540000915527344,25.549999237060547,25.229999542236328,25.360000610351562,68954800
2010-10-18,19.491010665893555,25.81999969482422,25.950000762939453,25.450000762939453,25.59000015258789,48330500
2010-10-19,18.947505950927734,25.100000381469727,25.3700008392334,24.950000762939453,25.270000457763672,66150900
2010-10-20,19.106029510498047,25.309999465942383,25.399999618530273,25.100000381469727,25.260000228881836,56283600
2010-10-21,19.189062118530273,25.420000076293945,25.540000915527344,25.049999237060547,25.399999618530273,50032400
2010-10-22,19.15886878967285,25.3799991607666,25.540000915527344,25.270000457763672,25.520000457763672,25837900
2010-10-25,19.01544189453125,25.190000534057617,25.350000381469727,25.170000076293945,25.239999771118164,50912400
2010-10-26,19.551403045654297,25.899999618530273,25.969999313354492,25.059999465942383,25.1200008392334,69304200
2010-10-27,19.66463279724121,26.049999237060547,26.110000610351562,25.6200008392334,25.790000915527344,64805500
2010-10-28,19.8382625579834,26.280000686645508,26.3799991607666,25.920000076293945,26.209999084472656,80730300
2010-10-29,20.132658004760742,26.670000076293945,27.200000762939453,26.479999542236328,27.149999618530273,114193200
2010-11-01,20.344038009643555,26.950000762939453,27.219999313354492,26.700000762939453,26.8799991607666,61912100
2010-11-02,20.676179885864258,27.389999389648438,27.420000076293945,27.020000457763672,27.059999465942383,54402100
2010-11-03,20.40442657470703,27.030000686645508,27.489999771118164,26.959999084472656,27.459999084472656,110255300
2010-11-04,20.487459182739258,27.139999389648438,27.43000030517578,27.010000228881836,27.40999984741211,93599300
2010-11-05,20.268537521362305,26.850000381469727,27.190000534057617,26.530000686645508,27.170000076293945,110953700
2010-11-08,20.238346099853516,26.809999465942383,28.8700008392334,26.579999923706055,26.68000030517578,71670800
2010-11-09,20.344038009643555,26.950000762939453,27.110000610351562,26.709999084472656,26.809999465942383,58538600
2010-11-10,20.336477279663086,26.940000534057617,27.079999923706055,26.809999465942383,27.010000228881836,52277300
2010-11-11,20.140214920043945,26.68000030517578,26.719999313354492,26.280000686645508,26.68000030517578,62073100
2010-11-12,19.83071517944336,26.270000457763672,26.520000457763672,26.100000381469727,26.469999313354492,64962200
2010-11-15,19.777875900268555,26.200000762939453,26.5,26.170000076293945,26.329999923706055,51794600
2010-11-16,19.603174209594727,25.809999465942383,26.040000915527344,25.649999618530273,26.040000915527344,65339200
2010-11-17,19.42089080810547,25.56999969482422,25.90999984741211,25.549999237060547,25.899999618530273,58299700
2010-11-18,19.62596321105957,25.84000015258789,26.079999923706055,25.610000610351562,25.709999084472656,59514000
2010-11-19,19.512035369873047,25.690000534057617,25.829999923706055,25.600000381469727,25.799999237060547,52423200
2010-11-22,19.542417526245117,25.729999542236328,25.739999771118164,25.440000534057617,25.649999618530273,53350500
2010-11-23,19.079113006591797,25.1200008392334,25.600000381469727,25.09000015258789,25.56999969482422,69742500
2010-11-24,19.26898956298828,25.3700008392334,25.459999084472656,25.15999984741211,25.200000762939453,56825900
2010-11-26,19.177858352661133,25.25,25.40999984741211,25.170000076293945,25.209999084472656,21356500
2010-11-29,19.22342300415039,25.309999465942383,25.420000076293945,24.93000030517578,25.190000534057617,56603600
2010-11-30,19.185441970825195,25.260000228881836,25.469999313354492,25.0,25.049999237060547,75282100
2010-12-01,19.777870178222656,26.040000915527344,26.25,25.559999465942383,25.56999969482422,74123500
2010-12-02,20.4234561920166,26.889999389648438,26.979999542236328,26.200000762939453,26.239999771118164,91759200
2010-12-03,20.522199630737305,27.020000457763672,27.059999465942383,26.780000686645508,26.809999465942383,52622000
2010-12-06,20.385482788085938,26.84000015258789,26.979999542236328,26.760000228881836,26.93000030517578,36264200
2010-12-07,20.40826988220215,26.8700008392334,27.1299991607666,26.850000381469727,27.079999923706055,57860500
2010-12-08,20.681699752807617,27.229999542236328,27.239999771118164,26.799999237060547,26.829999923706055,41666800
2010-12-09,20.567768096923828,27.079999923706055,27.34000015258789,27.010000228881836,27.280000686645508,47148300
2010-12-10,20.76524543762207,27.34000015258789,27.399999618530273,27.110000610351562,27.190000534057617,37625800
2010-12-13,20.69688606262207,27.25,27.450000762939453,27.170000076293945,27.270000457763672,47943900
2010-12-14,20.977907180786133,27.6200008392334,27.75,27.260000228881836,27.309999465942383,64070500
2010-12-15,21.152599334716797,27.850000381469727,27.989999771118164,27.530000686645508,27.530000686645508,69634200
2010-12-16,21.258928298950195,27.989999771118164,27.989999771118164,27.65999984741211,27.760000228881836,57680200
2010-12-17,21.190576553344727,27.899999618530273,28.09000015258789,27.75,27.920000076293945,87456500
2010-12-20,21.122217178344727,27.809999465942383,27.989999771118164,27.68000030517578,27.950000762939453,52811000
2010-12-21,21.31969451904297,28.06999969482422,28.139999389648438,27.760000228881836,27.850000381469727,38153000
2010-12-22,21.41083526611328,28.190000534057617,28.399999618530273,27.979999542236328,28.010000228881836,42252300
2010-12-23,21.49437713623047,28.299999237060547,28.31999969482422,27.959999084472656,27.969999313354492,24902500
2010-12-27,21.31969451904297,28.06999969482422,28.200000762939453,27.8799991607666,28.1200008392334,21652800
2010-12-28,21.274120330810547,28.010000228881836,28.170000076293945,27.959999084472656,27.969999313354492,23042200
2010-12-29,21.24374008178711,27.969999313354492,28.1200008392334,27.8799991607666,27.940000534057617,19502500
2010-12-30,21.152599334716797,27.850000381469727,28.0,27.780000686645508,27.920000076293945,20786100
2010-12-31,21.19816780090332,27.90999984741211,27.920000076293945,27.6299991607666,27.799999237060547,24752000
2011-01-03,21.2513370513916,27.979999542236328,28.18000030517578,27.920000076293945,28.049999237060547,53443800
2011-01-04,21.33488655090332,28.09000015258789,28.170000076293945,27.850000381469727,27.940000534057617,54405600
2011-01-05,21.26652717590332,28.0,28.010000228881836,27.770000457763672,27.899999618530273,58998700
2011-01-06,21.88932991027832,28.81999969482422,28.850000381469727,27.860000610351562,28.040000915527344,88026300
2011-01-07,21.72223472595215,28.600000381469727,28.739999771118164,28.25,28.639999389648438,73762000
2011-01-10,21.433624267578125,28.219999313354492,28.399999618530273,28.040000915527344,28.260000228881836,57573600
2011-01-11,21.35007095336914,28.110000610351562,28.25,28.049999237060547,28.200000762939453,50298900
2011-01-12,21.68425941467285,28.549999237060547,28.59000015258789,28.06999969482422,28.1200008392334,52631100
2011-01-13,21.41083526611328,28.190000534057617,28.389999389648438,28.010000228881836,28.329999923706055,67077600
2011-01-14,21.49437713623047,28.299999237060547,28.3799991607666,27.90999984741211,28.079999923706055,62688400
2011-01-18,21.767810821533203,28.65999984741211,28.739999771118164,28.139999389648438,28.15999984741211,53322700
2011-01-19,21.623497009277344,28.469999313354492,28.68000030517578,28.270000457763672,28.459999084472656,50005900
2011-01-20,21.53235626220703,28.350000381469727,28.549999237060547,28.1299991607666,28.5,58613600
2011-01-21,21.281715393066406,28.020000457763672,28.43000030517578,28.020000457763672,28.399999618530273,58080300
2011-01-24,21.555139541625977,28.3799991607666,28.559999465942383,27.989999771118164,28.020000457763672,52047800
2011-01-25,21.60831069946289,28.450000762939453,28.450000762939453,28.1200008392334,28.139999389648438,42436600
2011-01-26,21.858943939208984,28.780000686645508,28.989999771118164,28.5,28.510000228881836,74628800
2011-01-27,21.92730140686035,28.8700008392334,29.459999084472656,28.489999771118164,28.75,146938600
2011-01-28,21.076642990112305,27.75,28.93000030517578,27.450000762939453,28.899999618530273,141249400
2011-01-31,21.061450958251953,27.729999542236328,27.899999618530273,27.420000076293945,27.770000457763672,65029000
2011-02-01,21.258928298950195,27.989999771118164,28.059999465942383,27.610000610351562,27.799999237060547,62810700
2011-02-02,21.220956802368164,27.940000534057617,28.110000610351562,27.8799991607666,27.93000030517578,45824000
2011-02-03,21.00069808959961,27.649999618530273,27.969999313354492,27.540000915527344,27.969999313354492,60340100
2011-02-04,21.091838836669922,27.770000457763672,27.84000015258789,27.510000228881836,27.700000762939453,40412200
2011-02-07,21.418428421020508,28.200000762939453,28.34000015258789,27.790000915527344,27.799999237060547,68980900
2011-02-08,21.479183197021484,28.280000686645508,28.34000015258789,28.049999237060547,28.100000381469727,34904200
2011-02-09,21.24374008178711,27.969999313354492,28.260000228881836,27.90999984741211,28.190000534057617,52905100
2011-02-10,20.886770248413086,27.5,27.940000534057617,27.290000915527344,27.93000030517578,76672400
2011-02-11,20.69688606262207,27.25,27.809999465942383,27.06999969482422,27.760000228881836,83939700
2011-02-14,20.681699752807617,27.229999542236328,27.270000457763672,26.950000762939453,27.209999084472656,56766200
2011-02-15,20.597652435302734,26.959999084472656,27.329999923706055,26.950000762939453,27.040000915527344,44116500
2011-02-16,20.643497467041016,27.020000457763672,27.06999969482422,26.600000381469727,27.049999237060547,70817900
2011-02-17,20.788658142089844,27.209999084472656,27.3700008392334,26.90999984741211,26.969999313354492,57207300
2011-02-18,20.67405891418457,27.059999465942383,27.209999084472656,26.989999771118164,27.1299991607666,68667800
2011-02-22,20.314979553222656,26.59000015258789,27.100000381469727,26.520000457763672,26.780000686645508,60889000
2011-02-23,20.314979553222656,26.59000015258789,26.860000610351562,26.43000030517578,26.530000686645508,60234100
2011-02-24,20.452491760253906,26.770000457763672,27.059999465942383,26.5,26.639999389648438,64494200
2011-02-25,20.284414291381836,26.549999237060547,26.950000762939453,26.5,26.90999984741211,53006300
2011-02-28,20.30733299255371,26.579999923706055,26.860000610351562,26.510000228881836,26.690000534057617,51379900
2011-03-01,19.9864501953125,26.15999984741211,26.780000686645508,26.149999618530273,26.600000381469727,60055000
2011-03-02,19.92533302307129,26.079999923706055,26.3700008392334,26.040000915527344,26.110000610351562,48658200
2011-03-03,20.017013549804688,26.200000762939453,26.399999618530273,26.18000030517578,26.260000228881836,68271500
2011-03-04,19.826005935668945,25.950000762939453,26.239999771118164,25.799999237060547,26.219999313354492,70437200
2011-03-07,19.650285720825195,25.719999313354492,26.270000457763672,25.549999237060547,26.1299991607666,64980400
2011-03-08,19.795448303222656,25.90999984741211,26.020000457763672,25.649999618530273,25.770000457763672,50549800
2011-03-09,19.78017234802246,25.889999389648438,25.979999542236328,25.65999984741211,25.809999465942383,39789100
2011-03-10,19.413448333740234,25.40999984741211,25.709999084472656,25.350000381469727,25.6200008392334,66549500
2011-03-11,19.619722366333008,25.68000030517578,25.850000381469727,25.360000610351562,25.40999984741211,49905800
2011-03-14,19.627368927001953,25.690000534057617,25.760000228881836,25.350000381469727,25.489999771118164,54473400
2011-03-15,19.398160934448242,25.389999389648438,25.469999313354492,25.0,25.079999923706055,76067300
2011-03-16,18.939760208129883,24.790000915527344,25.280000686645508,24.68000030517578,25.219999313354492,100725400
2011-03-17,18.932119369506836,24.780000686645508,25.219999313354492,24.75,25.059999465942383,62497000
2011-03-18,18.9473934173584,24.799999237060547,25.18000030517578,24.799999237060547,25.059999465942383,85486700
2011-03-21,19.352323532104492,25.329999923706055,25.579999923706055,25.149999618530273,25.18000030517578,46878100
2011-03-22,19.329402923583984,25.299999237060547,25.459999084472656,25.229999542236328,25.299999237060547,30895600
2011-03-23,19.51276969909668,25.540000915527344,25.610000610351562,25.18000030517578,25.229999542236328,43969000
2011-03-24,19.719043731689453,25.809999465942383,25.8700008392334,25.5,25.600000381469727,38696700
2011-03-25,19.57388687133789,25.6200008392334,25.950000762939453,25.59000015258789,25.93000030517578,57029800
2011-03-28,19.413448333740234,25.40999984741211,25.719999313354492,25.3799991607666,25.65999984741211,48973200
2011-03-29,19.47456169128418,25.489999771118164,25.520000457763672,25.299999237060547,25.34000015258789,40763500
2011-03-30,19.56624412536621,25.610000610351562,25.719999313354492,25.5,25.600000381469727,41999300
2011-03-31,19.398160934448242,25.389999389648438,25.68000030517578,25.34000015258789,25.600000381469727,63233700
2011-04-01,19.466920852661133,25.479999542236328,25.530000686645508,25.309999465942383,25.530000686645508,63114200
2011-04-04,19.520402908325195,25.549999237060547,25.65999984741211,25.40999984741211,25.450000762939453,35433700
2011-04-05,19.696130752563477,25.780000686645508,26.18000030517578,25.739999771118164,25.81999969482422,73651100
2011-04-06,19.97880744934082,26.149999618530273,26.309999465942383,25.860000610351562,25.979999542236328,65581400
2011-04-07,20.017013549804688,26.200000762939453,26.260000228881836,25.969999313354492,26.190000534057617,46134700
2011-04-08,19.917686462402344,26.06999969482422,26.280000686645508,25.959999084472656,26.170000076293945,39887600
2011-04-11,19.848926544189453,25.979999542236328,26.25,25.799999237060547,26.190000534057617,34286300
2011-04-12,19.589162826538086,25.639999389648438,25.850000381469727,25.549999237060547,25.829999923706055,36920400
2011-04-13,19.581518173217773,25.6299991607666,25.8700008392334,25.559999465942383,25.649999618530273,38144700
2011-04-14,19.42108917236328,25.420000076293945,25.440000534057617,25.09000015258789,25.420000076293945,55239900
2011-04-15,19.382888793945312,25.3700008392334,25.559999465942383,25.18000030517578,25.459999084472656,65080400
2011-04-18,19.161312103271484,25.079999923706055,25.280000686645508,24.719999313354492,25.100000381469727,58045100
2011-04-19,19.214801788330078,25.149999618530273,25.170000076293945,24.8700008392334,25.0,38892400
2011-04-20,19.680849075317383,25.760000228881836,26.0,25.510000228881836,25.540000915527344,61608600
2011-04-21,19.497488021850586,25.520000457763672,25.889999389648438,25.360000610351562,25.790000915527344,46892300
2011-04-25,19.56624412536621,25.610000610351562,25.6200008392334,25.34000015258789,25.559999465942383,33525100
2011-04-26,20.00936508178711,26.190000534057617,26.440000534057617,25.670000076293945,25.739999771118164,69200000
2011-04-27,20.154525756835938,26.3799991607666,26.389999389648438,26.1299991607666,26.299999237060547,52689000
2011-04-28,20.406648635864258,26.709999084472656,26.8700008392334,26.399999618530273,26.459999084472656,80200000
2011-04-29,19.803089141845703,25.920000076293945,26.639999389648438,25.360000610351562,26.549999237060547,319317900
2011-05-02,19.604446411132812,25.65999984741211,26.0,25.479999542236328,25.940000534057617,89825600
2011-05-03,19.719043731689453,25.809999465942383,25.850000381469727,25.489999771118164,25.600000381469727,71892900
2011-05-04,19.91004753112793,26.059999465942383,26.25,25.790000915527344,25.850000381469727,73292300
2011-05-05,19.703773498535156,25.790000915527344,26.079999923706055,25.68000030517578,26.049999237060547,55600000
2011-05-06,19.764877319335938,25.8700008392334,26.219999313354492,25.75,26.06999969482422,55993000
2011-05-09,19.73432159423828,25.829999923706055,25.959999084472656,25.670000076293945,25.799999237060547,38696400
2011-05-10,19.612079620361328,25.670000076293945,25.850000381469727,25.25,25.3799991607666,120798700
2011-05-11,19.37523651123047,25.360000610351562,25.65999984741211,25.209999084472656,25.649999618530273,78600000
2011-05-12,19.34468650817871,25.31999969482422,25.389999389648438,25.100000381469727,25.350000381469727,77400000
2011-05-13,19.123119354248047,25.030000686645508,25.31999969482422,24.950000762939453,25.280000686645508,66812300
2011-05-16,18.771671295166016,24.56999969482422,25.06999969482422,24.5,24.959999084472656,91350900
2011-05-17,18.85626220703125,24.520000457763672,24.700000762939453,24.270000457763672,24.399999618530273,82882100
2011-05-18,18.987001419067383,24.690000534057617,24.739999771118164,24.25,24.530000686645508,53931100
2011-05-19,19.01007843017578,24.719999313354492,24.8799991607666,24.5,24.850000381469727,37783600
2011-05-20,18.833200454711914,24.489999771118164,24.8700008392334,24.440000534057617,24.719999313354492,45451500
2011-05-23,18.587106704711914,24.170000076293945,24.25,24.030000686645508,24.209999084472656,52692500
2011-05-24,18.571731567382812,24.149999618530273,24.290000915527344,24.040000915527344,24.200000762939453,47691800
2011-05-25,18.602493286132812,24.190000534057617,24.309999465942383,24.15999984741211,24.170000076293945,34904200
2011-05-26,18.971620559692383,24.670000076293945,25.030000686645508,24.31999969482422,24.350000381469727,78016600
2011-05-27,19.040830612182617,24.760000228881836,24.899999618530273,24.649999618530273,24.68000030517578,50251000
2011-05-31,19.23308753967285,25.010000228881836,25.059999465942383,24.700000762939453,24.959999084472656,60196300
2011-06-01,18.787059783935547,24.43000030517578,25.100000381469727,24.3700008392334,24.989999771118164,74033500
2011-06-02,18.625560760498047,24.219999313354492,24.649999618530273,24.18000030517578,24.489999771118164,51487800
2011-06-03,18.387163162231445,23.90999984741211,24.139999389648438,23.84000015258789,24.049999237060547,60697700
2011-06-06,18.464067459106445,24.010000228881836,24.25,23.770000457763672,23.889999389648438,54778700
2011-06-07,18.502521514892578,24.059999465942383,24.170000076293945,23.899999618530273,24.09000015258789,41112600
2011-06-08,18.410240173339844,23.940000534057617,24.020000457763672,23.860000610351562,23.899999618530273,42205000
2011-06-09,18.42561912536621,23.959999084472656,24.040000915527344,23.81999969482422,24.010000228881836,42878700
2011-06-10,18.233360290527344,23.709999084472656,24.020000457763672,23.690000534057617,24.020000457763672,49327200
2011-06-13,18.487140655517578,24.040000915527344,24.190000534057617,23.700000762939453,23.790000915527344,47572500
2011-06-14,18.625560760498047,24.219999313354492,24.450000762939453,24.190000534057617,24.299999237060547,42894500
2011-06-15,18.256441116333008,23.739999771118164,24.010000228881836,23.670000076293945,24.0,49410200
2011-06-16,18.456382751464844,24.0,24.100000381469727,23.649999618530273,23.75,57184100
2011-06-17,18.656322479248047,24.260000228881836,24.299999237060547,23.979999542236328,24.219999313354492,83320400
2011-06-20,18.81781768798828,24.469999313354492,24.65999984741211,24.15999984741211,24.170000076293945,54338400
2011-06-21,19.040830612182617,24.760000228881836,24.860000610351562,24.399999618530273,24.520000457763672,49708700
2011-06-22,18.956235885620117,24.649999618530273,24.809999465942383,24.59000015258789,24.600000381469727,44287300
2011-06-23,18.940858840942383,24.6299991607666,24.649999618530273,24.200000762939453,24.440000534057617,59470400
2011-06-24,18.687082290649414,24.299999237060547,24.540000915527344,24.190000534057617,24.510000228881836,101387200
2011-06-27,19.379201889038086,25.200000762939453,25.459999084472656,24.229999542236328,24.229999542236328,92044200
2011-06-28,19.840604782104492,25.799999237060547,25.920000076293945,25.15999984741211,25.299999237060547,81032100
2011-06-29,19.702184677124023,25.6200008392334,25.709999084472656,25.360000610351562,25.709999084472656,66051000
2011-06-30,19.994417190551758,26.0,26.0,25.65999984741211,25.739999771118164,52535400
2011-07-01,20.009794235229492,26.020000457763672,26.170000076293945,25.84000015258789,25.93000030517578,52906200
2011-07-05,20.017480850219727,26.030000686645508,26.149999618530273,25.899999618530273,26.100000381469727,37805300
2011-07-06,20.248188018798828,26.329999923706055,26.3700008392334,25.959999084472656,25.969999313354492,48744200
2011-07-07,20.5865535736084,26.770000457763672,26.8799991607666,26.360000610351562,26.489999771118164,51946500
2011-07-08,20.701906204223633,26.920000076293945,26.979999542236328,26.510000228881836,26.540000915527344,58320700
2011-07-11,20.4788875579834,26.6299991607666,26.799999237060547,26.489999771118164,26.6200008392334,43999800
2011-07-12,20.409685134887695,26.540000915527344,26.790000915527344,26.34000015258789,26.549999237060547,47319300
2011-07-13,20.4788875579834,26.6299991607666,26.959999084472656,26.510000228881836,26.600000381469727,40861800
2011-07-14,20.35584259033203,26.469999313354492,27.010000228881836,26.360000610351562,26.6200008392334,46382300
2011-07-15,20.594236373901367,26.780000686645508,26.93000030517578,26.469999313354492,26.469999313354492,49132400
2011-07-18,20.44813346862793,26.59000015258789,26.899999618530273,26.260000228881836,26.6299991607666,44501900
2011-07-19,21.17869758605957,27.540000915527344,27.639999389648438,26.780000686645508,26.809999465942383,86730600
2011-07-20,20.8095645904541,27.059999465942383,27.350000381469727,26.979999542236328,27.280000686645508,49795400
2011-07-21,20.84032440185547,27.100000381469727,27.309999465942383,26.649999618530273,27.040000915527344,81737400
2011-07-22,21.171003341674805,27.530000686645508,27.549999237060547,26.68000030517578,26.860000610351562,76380600
2011-07-25,21.463228225708008,27.90999984741211,28.09000015258789,27.190000534057617,27.260000228881836,108482400
2011-07-26,21.59395980834961,28.079999923706055,28.149999618530273,27.780000686645508,27.81999969482422,74636500
2011-07-27,21.01720428466797,27.329999923706055,27.989999771118164,27.200000762939453,27.8799991607666,71488700
2011-07-28,21.31711196899414,27.719999313354492,28.06999969482422,27.209999084472656,27.290000915527344,83761400
2011-07-29,21.07103157043457,27.399999618530273,27.709999084472656,27.260000228881836,27.520000457763672,104394800
2011-08-01,20.971054077148438,27.270000457763672,27.690000534057617,26.75,27.510000228881836,61838400
2011-08-02,20.6096248626709,26.799999237060547,27.450000762939453,26.760000228881836,26.979999542236328,63883100
2011-08-03,20.701906204223633,26.920000076293945,27.0,26.479999542236328,26.829999923706055,64581200
2011-08-04,19.948270797729492,25.940000534057617,26.8700008392334,25.93000030517578,26.530000686645508,92949500
2011-08-05,19.748327255249023,25.68000030517578,26.100000381469727,25.229999542236328,25.969999313354492,112071700
2011-08-08,18.825504302978516,24.479999542236328,25.600000381469727,24.389999389648438,25.020000457763672,134257200
2011-08-09,19.671422958374023,25.579999923706055,25.6200008392334,24.030000686645508,24.709999084472656,126268900
2011-08-10,18.610177993774414,24.200000762939453,25.09000015258789,24.100000381469727,24.950000762939453,127819900
2011-08-11,19.37150764465332,25.190000534057617,25.3799991607666,24.399999618530273,24.5,90690100
2011-08-12,19.30229377746582,25.100000381469727,25.34000015258789,24.649999618530273,25.1299991607666,64787100
2011-08-15,19.617591857910156,25.510000228881836,25.579999923706055,25.149999618530273,25.239999771118164,56529400
2011-08-16,19.617595672607422,25.350000381469727,25.59000015258789,25.049999237060547,25.219999313354492,54251500
2011-08-17,19.54020881652832,25.25,25.700000762939453,24.93000030517578,25.25,50923700
2011-08-18,19.091358184814453,24.670000076293945,25.09000015258789,24.030000686645508,24.56999969482422,105714200
2011-08-19,18.61156463623047,24.049999237060547,24.6200008392334,23.90999984741211,24.40999984741211,77397900
2011-08-22,18.557397842407227,23.979999542236328,24.489999771118164,23.790000915527344,24.420000076293945,54721000
2011-08-23,19.130054473876953,24.719999313354492,24.75,24.030000686645508,24.030000686645508,59670600
2011-08-24,19.26935386657715,24.899999618530273,24.93000030517578,24.420000076293945,24.649999618530273,45329700
2011-08-25,19.01397132873535,24.56999969482422,25.15999984741211,24.5,25.079999923706055,48192000
2011-08-26,19.54020881652832,25.25,25.34000015258789,24.420000076293945,24.510000228881836,71957000
2011-08-29,19.99678611755371,25.84000015258789,25.860000610351562,25.3700008392334,25.530000686645508,38863200
2011-08-30,20.29859733581543,26.229999542236328,26.43000030517578,25.700000762939453,25.729999542236328,57341400
2011-08-31,20.584936141967773,26.600000381469727,26.709999084472656,26.260000228881836,26.290000915527344,59300800
2011-09-01,20.283123016357422,26.209999084472656,26.860000610351562,26.209999084472656,26.459999084472656,60510800
2011-09-02,19.965831756591797,25.799999237060547,26.0,25.65999984741211,25.780000686645508,43894400
2011-09-06,19.74141502380371,25.510000228881836,25.59000015258789,25.110000610351562,25.200000762939453,54929300
2011-09-07,20.12060546875,26.0,26.0,25.56999969482422,25.690000534057617,41961000
2011-09-08,20.29085350036621,26.219999313354492,26.65999984741211,25.950000762939453,26.0,65811900
2011-09-09,19.91939353942871,25.739999771118164,26.18000030517578,25.5,26.0,64529200
2011-09-12,20.03548240661621,25.889999389648438,25.93000030517578,25.270000457763672,25.440000534057617,55046100
2011-09-13,20.151561737060547,26.040000915527344,26.190000534057617,25.809999465942383,25.920000076293945,48792300
2011-09-14,20.50754737854004,26.5,26.799999237060547,25.889999389648438,26.170000076293945,66739200
2011-09-15,20.88673973083496,26.989999771118164,27.030000686645508,26.309999465942383,26.729999542236328,67808300
2011-09-16,20.98734474182129,27.1200008392334,27.270000457763672,26.829999923706055,27.049999237060547,89681500
2011-09-19,21.056987762451172,27.209999084472656,27.309999465942383,26.600000381469727,26.799999237060547,52324900
2011-09-20,20.879003524780273,26.979999542236328,27.5,26.93000030517578,27.309999465942383,49211900
2011-09-21,20.112873077392578,25.989999771118164,27.059999465942383,25.969999313354492,27.049999237060547,72750700
2011-09-22,19.393177032470703,25.059999465942383,25.649999618530273,24.600000381469727,25.299999237060547,96278300
2011-09-23,19.393177032470703,25.059999465942383,25.149999618530273,24.690000534057617,24.899999618530273,64768100
2011-09-26,19.687236785888672,25.440000534057617,25.520000457763672,24.729999542236328,25.190000534057617,51057600
2011-09-27,19.865232467651367,25.670000076293945,25.920000076293945,25.450000762939453,25.65999984741211,55620700
2011-09-28,19.795578002929688,25.579999923706055,26.3700008392334,25.510000228881836,25.93000030517578,60736200
2011-09-29,19.694984436035156,25.450000762939453,26.170000076293945,25.09000015258789,25.979999542236328,63407300
2011-09-30,19.26161766052246,24.889999389648438,25.5,24.8799991607666,25.200000762939453,54060500
2011-10-03,18.983022689819336,24.530000686645508,25.34000015258789,24.520000457763672,24.719999313354492,64592500
2011-10-04,19.60985565185547,25.34000015258789,25.389999389648438,24.260000228881836,24.299999237060547,83485400
2011-10-05,20.03548240661621,25.889999389648438,26.15999984741211,25.15999984741211,25.420000076293945,94061300
2011-10-06,20.383729934692383,26.34000015258789,26.399999618530273,25.700000762939453,25.899999618530273,55111400
2011-10-07,20.314083099365234,26.25,26.510000228881836,26.200000762939453,26.34000015258789,52741600
2011-10-10,20.848047256469727,26.940000534057617,26.969999313354492,26.469999313354492,26.579999923706055,41815300
2011-10-11,20.894479751586914,27.0,27.06999969482422,26.719999313354492,26.860000610351562,38826200
2011-10-12,20.863521575927734,26.959999084472656,27.309999465942383,26.899999618530273,27.18000030517578,52489800
2011-10-13,21.033784866333008,27.18000030517578,27.200000762939453,26.6200008392334,26.760000228881836,43823500
2011-10-14,21.103422164916992,27.270000457763672,27.5,27.020000457763672,27.309999465942383,50947700
2011-10-17,20.879003524780273,26.979999542236328,27.420000076293945,26.850000381469727,27.110000610351562,39453300
2011-10-18,21.134374618530273,27.309999465942383,27.399999618530273,26.799999237060547,26.940000534057617,52487900
2011-10-19,20.995075225830078,27.1299991607666,27.469999313354492,27.010000228881836,27.3700008392334,42880000
2011-10-20,20.92543601989746,27.040000915527344,27.34000015258789,26.399999618530273,27.260000228881836,76300200
2011-10-21,21.018295288085938,27.15999984741211,27.190000534057617,26.799999237060547,27.149999618530273,76620600
2011-10-24,21.041513442993164,27.190000534057617,27.399999618530273,27.040000915527344,27.059999465942383,56897800
2011-10-25,20.7474422454834,26.809999465942383,27.229999542236328,26.719999313354492,27.079999923706055,53554600
2011-10-26,20.57720184326172,26.59000015258789,27.059999465942383,26.100000381469727,27.030000686645508,63029900
2011-10-27,21.087949752807617,27.25,27.399999618530273,26.649999618530273,27.1299991607666,74512400
2011-10-28,20.879003524780273,26.979999542236328,27.190000534057617,26.790000915527344,27.139999389648438,57712100
2011-10-31,20.608144760131836,26.6299991607666,27.0,26.6200008392334,26.760000228881836,46799000
2011-11-01,20.112873077392578,25.989999771118164,26.31999969482422,25.860000610351562,26.190000534057617,61182600
2011-11-02,20.128345489501953,26.010000228881836,26.200000762939453,25.700000762939453,26.100000381469727,53533100
2011-11-03,20.530757904052734,26.530000686645508,26.59000015258789,25.979999542236328,26.239999771118164,65836100
2011-11-04,20.314083099365234,26.25,26.399999618530273,26.0,26.3799991607666,36549200
2011-11-07,20.739700317382812,26.799999237060547,26.81999969482422,26.1299991607666,26.209999084472656,42589700
2011-11-08,21.018295288085938,27.15999984741211,27.200000762939453,26.690000534057617,27.010000228881836,47822500
2011-11-09,20.27538299560547,26.200000762939453,26.75,26.059999465942383,26.59000015258789,62950900
2011-11-10,20.337291717529297,26.280000686645508,26.5,26.1200008392334,26.469999313354492,32514400
2011-11-11,20.8248233795166,26.90999984741211,27.079999923706055,26.56999969482422,26.579999923706055,37903000
2011-11-14,20.7087459564209,26.760000228881836,27.0,26.649999618530273,26.8799991607666,34199200
2011-11-15,20.849092483520508,26.739999771118164,26.940000534057617,26.399999618530273,26.559999465942383,43874200
2011-11-16,20.32670021057129,26.06999969482422,26.510000228881836,26.040000915527344,26.469999313354492,53262800
2011-11-17,19.91345977783203,25.540000915527344,26.040000915527344,25.440000534057617,26.010000228881836,70977500
2011-11-18,19.726327896118164,25.299999237060547,25.5,25.149999618530273,25.479999542236328,47626200
2011-11-21,19.49242401123047,25.0,25.25,24.899999618530273,25.239999771118164,61882500
2011-11-22,19.328683853149414,24.790000915527344,24.959999084472656,24.649999618530273,24.889999389648438,49204500
2011-11-23,19.079181671142578,24.469999313354492,24.790000915527344,24.469999313354492,24.610000610351562,49099700
2011-11-25,18.946640014648438,24.299999237060547,24.670000076293945,24.299999237060547,24.3799991607666,26164600
2011-11-28,19.391067504882812,24.8700008392334,24.969999313354492,24.690000534057617,24.940000534057617,46766700
2011-11-29,19.36766815185547,24.84000015258789,25.040000915527344,24.75,24.81999969482422,40917100
2011-11-30,19.944644927978516,25.579999923706055,25.59000015258789,25.139999389648438,25.3700008392334,81350900
2011-12-01,19.71073341369629,25.280000686645508,25.6299991607666,25.200000762939453,25.559999465942383,48545400
2011-12-02,19.66394805908203,25.219999313354492,25.6200008392334,25.15999984741211,25.59000015258789,52293800
2011-12-05,20.038206100463867,25.700000762939453,25.799999237060547,25.5,25.780000686645508,56818400
2011-12-06,20.00701904296875,25.65999984741211,25.8700008392334,25.610000610351562,25.809999465942383,46175300
2011-12-07,19.960241317749023,25.600000381469727,25.760000228881836,25.34000015258789,25.670000076293945,62667000
2011-12-08,19.80429458618164,25.399999618530273,25.719999313354492,25.3700008392334,25.479999542236328,60522200
2011-12-09,20.038206100463867,25.700000762939453,25.8700008392334,25.5,25.520000457763672,53788500
2011-12-12,19.890066146850586,25.510000228881836,25.56999969482422,25.290000915527344,25.40999984741211,38945900
2011-12-13,20.084999084472656,25.760000228881836,26.100000381469727,25.649999618530273,25.75,54581100
2011-12-14,19.95244598388672,25.59000015258789,25.860000610351562,25.56999969482422,25.719999313354492,47926400
2011-12-15,19.929048538208008,25.559999465942383,25.8799991607666,25.540000915527344,25.719999313354492,46213900
2011-12-16,20.272119522094727,26.0,26.170000076293945,25.6299991607666,25.670000076293945,101408100
2011-12-19,19.905662536621094,25.530000686645508,26.1200008392334,25.459999084472656,26.020000457763672,52258300
2011-12-20,20.29550552368164,26.030000686645508,26.100000381469727,25.809999465942383,25.860000610351562,60767600
2011-12-21,20.084999084472656,25.760000228881836,26.190000534057617,25.440000534057617,26.010000228881836,64132500
2011-12-22,20.123971939086914,25.809999465942383,25.860000610351562,25.479999542236328,25.81999969482422,35794100
2011-12-23,20.29550552368164,26.030000686645508,26.040000915527344,25.729999542236328,25.90999984741211,23205800
2011-12-27,20.30330467224121,26.040000915527344,26.139999389648438,25.93000030517578,25.959999084472656,21287200
2011-12-28,20.131772994995117,25.81999969482422,26.149999618530273,25.760000228881836,26.110000610351562,29822500
2011-12-29,20.2877140045166,26.020000457763672,26.049999237060547,25.860000610351562,25.950000762939453,22616900
2011-12-30,20.24092674255371,25.959999084472656,26.1200008392334,25.90999984741211,26.0,27395700
2012-01-03,20.87248992919922,26.770000457763672,26.959999084472656,26.389999389648438,26.549999237060547,64731500
2012-01-04,21.363689422607422,27.399999618530273,27.469999313354492,26.780000686645508,26.81999969482422,80516100
2012-01-05,21.58201026916504,27.68000030517578,27.729999542236328,27.290000915527344,27.3799991607666,56081400
2012-01-06,21.917278289794922,28.110000610351562,28.190000534057617,27.530000686645508,27.530000686645508,99455500
2012-01-09,21.62879180908203,27.739999771118164,28.100000381469727,27.719999313354492,28.049999237060547,59706800
2012-01-10,21.706758499145508,27.84000015258789,28.149999618530273,27.75,27.93000030517578,60014400
2012-01-11,21.613197326660156,27.719999313354492,27.979999542236328,27.3700008392334,27.43000030517578,65582400
2012-01-12,21.831512451171875,28.0,28.020000457763672,27.649999618530273,27.8700008392334,49370800
2012-01-13,22.02643585205078,28.25,28.25,27.790000915527344,27.93000030517578,60196100
2012-01-17,22.03423500061035,28.260000228881836,28.649999618530273,28.170000076293945,28.399999618530273,72395300
2012-01-18,22.01084327697754,28.229999542236328,28.399999618530273,27.969999313354492,28.309999465942383,64860600
2012-01-19,21.925079345703125,28.1200008392334,28.440000534057617,28.030000686645508,28.15999984741211,74053500
2012-01-20,23.164796829223633,29.709999084472656,29.739999771118164,28.75,28.81999969482422,165902900
2012-01-23,23.180397033691406,29.729999542236328,29.950000762939453,29.350000381469727,29.549999237060547,76078100
2012-01-24,22.87630271911621,29.34000015258789,29.56999969482422,29.18000030517578,29.469999313354492,51703300
2012-01-25,23.04784393310547,29.559999465942383,29.649999618530273,29.06999969482422,29.06999969482422,59231700
2012-01-26,23.001060485839844,29.5,29.700000762939453,29.399999618530273,29.610000610351562,49102800
2012-01-27,22.790538787841797,29.229999542236328,29.530000686645508,29.170000076293945,29.450000762939453,44187700
2012-01-30,23.08681869506836,29.610000610351562,29.6200008392334,28.829999923706055,28.969999313354492,51114800
2012-01-31,23.02445411682129,29.530000686645508,29.700000762939453,29.229999542236328,29.65999984741211,50572400
2012-02-01,23.30514144897461,29.889999389648438,30.049999237060547,29.760000228881836,29.790000915527344,67409900
2012-02-02,23.3519229888916,29.950000762939453,30.170000076293945,29.709999084472656,29.899999618530273,52223300
2012-02-03,23.57802963256836,30.239999771118164,30.399999618530273,30.09000015258789,30.139999389648438,41838500
2012-02-06,23.546850204467773,30.200000762939453,30.219999313354492,29.969999313354492,30.040000915527344,28039700
2012-02-07,23.663803100585938,30.350000381469727,30.489999771118164,30.049999237060547,30.149999618530273,39242400
2012-02-08,23.90550994873047,30.65999984741211,30.670000076293945,30.219999313354492,30.260000228881836,49659100
2012-02-09,23.991283416748047,30.770000457763672,30.799999237060547,30.479999542236328,30.68000030517578,50481600
2012-02-10,23.780752182006836,30.5,30.799999237060547,30.360000610351562,30.639999389648438,44605300
2012-02-13,23.8431339263916,30.579999923706055,30.770000457763672,30.43000030517578,30.6299991607666,33319800
2012-02-14,23.74110221862793,30.25,30.459999084472656,29.850000381469727,30.329999923706055,59644000
2012-02-15,23.58414077758789,30.049999237060547,30.389999389648438,30.030000686645508,30.329999923706055,43311300
2012-02-16,24.557329177856445,31.290000915527344,31.549999237060547,30.299999237060547,30.309999465942383,94705100
2012-02-17,24.525930404663086,31.25,31.31999969482422,30.950000762939453,31.200000762939453,70036500
2012-02-21,24.675048828125,31.440000534057617,31.610000610351562,31.149999618530273,31.18000030517578,50829900
2012-02-22,24.541637420654297,31.270000457763672,31.68000030517578,31.18000030517578,31.450000762939453,49253200
2012-02-23,24.620115280151367,31.3700008392334,31.59000015258789,31.0,31.200000762939453,35034700
2012-02-24,24.706439971923828,31.479999542236328,31.5,31.239999771118164,31.479999542236328,35575400
2012-02-27,24.60441780090332,31.350000381469727,31.5,31.100000381469727,31.239999771118164,34568400
2012-02-28,25.012523651123047,31.8700008392334,31.93000030517578,31.3799991607666,31.40999984741211,45230600
2012-02-29,24.910503387451172,31.739999771118164,32.0,31.610000610351562,31.889999389648438,59323600
2012-03-01,25.342161178588867,32.290000915527344,32.38999938964844,31.850000381469727,31.93000030517578,77344100
2012-03-02,25.177339553833008,32.08000183105469,32.439998626708984,32.0,32.310001373291016,47314200
2012-03-05,24.957582473754883,31.799999237060547,32.04999923706055,31.6200008392334,32.0099983215332,45240000
2012-03-06,24.769237518310547,31.559999465942383,31.979999542236328,31.489999771118164,31.540000915527344,51932900
2012-03-07,24.988983154296875,31.84000015258789,31.920000076293945,31.530000686645508,31.670000076293945,34340400
2012-03-08,25.122400283813477,32.0099983215332,32.209999084472656,31.899999618530273,32.040000915527344,36747400
2012-03-09,25.10671043395996,31.989999771118164,32.15999984741211,31.920000076293945,32.099998474121094,34628400
2012-03-12,25.145944595336914,32.040000915527344,32.20000076293945,31.81999969482422,31.969999313354492,34073600
2012-03-13,25.640392303466797,32.66999816894531,32.689998626708984,32.150001525878906,32.2400016784668,48951700
2012-03-14,25.718881607055664,32.77000045776367,32.880001068115234,32.4900016784668,32.529998779296875,41986900
2012-03-15,25.781660079956055,32.849998474121094,32.939998626708984,32.58000183105469,32.790000915527344,49068300
2012-03-16,25.5854549407959,32.599998474121094,32.95000076293945,32.5,32.90999984741211,65626400
2012-03-19,25.271520614624023,32.20000076293945,32.61000061035156,32.150001525878906,32.540000915527344,44789200
2012-03-20,25.10671043395996,31.989999771118164,32.150001525878906,31.739999771118164,32.099998474121094,41566800
2012-03-21,25.043920516967773,31.90999984741211,32.150001525878906,31.81999969482422,31.959999084472656,37928600
2012-03-22,25.11455726623535,32.0,32.09000015258789,31.790000915527344,31.809999465942383,31749500
2012-03-23,25.122400283813477,32.0099983215332,32.11000061035156,31.719999313354492,32.099998474121094,35912200
2012-03-26,25.577608108520508,32.59000015258789,32.61000061035156,32.150001525878906,32.189998626708984,36758300
2012-03-27,25.522668838500977,32.52000045776367,32.70000076293945,32.400001525878906,32.650001525878906,36274900
2012-03-28,25.263675689697266,32.189998626708984,32.70000076293945,32.040000915527344,32.52000045776367,41344800
2012-03-29,25.20873260498047,32.119998931884766,32.189998626708984,31.809999465942383,32.060001373291016,37038500
2012-03-30,25.318614959716797,32.2599983215332,32.40999984741211,32.040000915527344,32.400001525878906,31749400
2012-04-02,25.342161178588867,32.290000915527344,32.459999084472656,31.950000762939453,32.220001220703125,35853600
2012-04-03,25.067462921142578,31.940000534057617,32.189998626708984,31.65999984741211,32.15999984741211,42752100
2012-04-04,24.494539260864258,31.209999084472656,31.690000534057617,31.049999237060547,31.65999984741211,49455900
2012-04-05,24.737831115722656,31.520000457763672,31.6299991607666,31.049999237060547,31.149999618530273,50368600
2012-04-09,24.408212661743164,31.100000381469727,31.399999618530273,30.969999313354492,31.219999313354492,31056400
2012-04-10,23.91377067565918,30.469999313354492,31.190000534057617,30.299999237060547,31.059999465942383,54131300
2012-04-11,23.81958770751953,30.350000381469727,30.530000686645508,30.229999542236328,30.43000030517578,43014000
2012-04-12,24.314035415649414,30.979999542236328,31.040000915527344,30.420000076293945,30.479999542236328,38304000
2012-04-13,24.180604934692383,30.809999465942383,31.15999984741211,30.719999313354492,30.889999389648438,39749200
2012-04-16,24.39250946044922,31.079999923706055,31.190000534057617,30.770000457763672,30.989999771118164,38124800
2012-04-17,24.675048828125,31.440000534057617,31.610000610351562,31.200000762939453,31.270000457763672,34361500
2012-04-18,24.43961524963379,31.139999389648438,31.309999465942383,31.040000915527344,31.280000686645508,40552900
2012-04-19,24.337568283081055,31.010000228881836,31.68000030517578,30.940000534057617,31.1299991607666,54781200
2012-04-20,25.444177627563477,32.41999816894531,32.88999938964844,32.04999923706055,32.150001525878906,106045000
2012-04-23,25.20873260498047,32.119998931884766,32.5,32.029998779296875,32.310001373291016,61398200
2012-04-24,25.05176544189453,31.920000076293945,32.52000045776367,31.829999923706055,32.209999084472656,40871100
2012-04-25,25.271520614624023,32.20000076293945,32.31999969482422,31.8700008392334,31.920000076293945,62495500
2012-04-26,25.20089340209961,32.11000061035156,32.22999954223633,31.920000076293945,32.119998931884766,40308100
2012-04-27,25.098857879638672,31.979999542236328,32.220001220703125,31.8799991607666,32.119998931884766,41419100
2012-04-30,25.130250930786133,32.02000045776367,32.11000061035156,31.920000076293945,31.979999542236328,35697200
2012-05-01,25.122400283813477,32.0099983215332,32.34000015258789,31.950000762939453,32.04999923706055,43832300
2012-05-02,24.957582473754883,31.799999237060547,31.93000030517578,31.639999389648438,31.850000381469727,37385300
2012-05-03,24.926198959350586,31.760000228881836,31.899999618530273,31.610000610351562,31.8799991607666,31501300
2012-05-04,24.314035415649414,30.979999542236328,31.56999969482422,30.920000076293945,31.450000762939453,57927200
2012-05-07,24.055034637451172,30.649999618530273,30.860000610351562,30.56999969482422,30.700000762939453,48641400
2012-05-08,23.937314987182617,30.5,30.780000686645508,30.170000076293945,30.479999542236328,46328300
2012-05-09,24.14136505126953,30.760000228881836,30.829999923706055,30.100000381469727,30.190000534057617,50309300
2012-05-10,24.12566566467285,30.739999771118164,31.020000457763672,30.450000762939453,30.860000610351562,43839200
2012-05-11,24.45529556274414,31.15999984741211,31.540000915527344,30.690000534057617,30.690000534057617,43459300
2012-05-14,24.07858657836914,30.68000030517578,31.040000915527344,30.639999389648438,30.81999969482422,40528900
2012-05-15,23.86528778076172,30.209999084472656,30.799999237060547,30.149999618530273,30.639999389648438,61822800
2012-05-16,23.620386123657227,29.899999618530273,30.31999969482422,29.739999771118164,30.309999465942383,60083700
2012-05-17,23.478191375732422,29.719999313354492,30.209999084472656,29.709999084472656,29.989999771118164,48484000
2012-05-18,23.122697830200195,29.270000457763672,29.809999465942383,29.170000076293945,29.790000915527344,56205300
2012-05-21,23.501893997192383,29.75,29.790000915527344,29.059999465942383,29.100000381469727,38787900
2012-05-22,23.509788513183594,29.760000228881836,29.8799991607666,29.5,29.690000534057617,39504900
2012-05-23,22.996307373046875,29.110000610351562,29.399999618530273,28.639999389648438,29.350000381469727,65171000
2012-05-24,22.964712142944336,29.06999969482422,29.299999237060547,28.760000228881836,29.15999984741211,52575000
2012-05-25,22.956802368164062,29.059999465942383,29.360000610351562,29.010000228881836,29.200000762939453,29507200
2012-05-29,23.351802825927734,29.559999465942383,29.719999313354492,29.219999313354492,29.3799991607666,37758800
2012-05-30,23.17799949645996,29.34000015258789,29.479999542236328,29.1200008392334,29.350000381469727,41585500
2012-05-31,23.05950355529785,29.190000534057617,29.420000076293945,28.940000534057617,29.299999237060547,39134000
2012-06-01,22.47492218017578,28.450000762939453,28.959999084472656,28.440000534057617,28.760000228881836,56634300
2012-06-04,22.55392074584961,28.549999237060547,28.780000686645508,28.31999969482422,28.6200008392334,47926300
2012-06-05,22.522321701049805,28.510000228881836,28.75,28.389999389648438,28.510000228881836,45715400
2012-06-06,23.18589973449707,29.350000381469727,29.3700008392334,28.809999465942383,28.8799991607666,46860500
2012-06-07,23.091100692749023,29.229999542236328,29.700000762939453,29.170000076293945,29.639999389648438,37792800
2012-06-08,23.42289924621582,29.649999618530273,29.68000030517578,29.049999237060547,29.209999084472656,42551100
2012-06-11,22.83041000366211,28.899999618530273,29.809999465942383,28.81999969482422,29.729999542236328,46361900
2012-06-12,23.138511657714844,29.290000915527344,29.299999237060547,28.84000015258789,29.100000381469727,35337900
2012-06-13,23.01210594177246,29.1299991607666,29.440000534057617,29.049999237060547,29.219999313354492,32984600
2012-06-14,23.17799949645996,29.34000015258789,29.459999084472656,28.8799991607666,29.329999923706055,39458900
2012-06-15,23.71519660949707,30.020000457763672,30.079999923706055,29.489999771118164,29.59000015258789,62314400
2012-06-18,23.572994232177734,29.84000015258789,30.030000686645508,29.709999084472656,29.989999771118164,58679900
2012-06-19,24.25237464904785,30.700000762939453,31.110000610351562,30.049999237060547,30.190000534057617,75725800
2012-06-20,24.43406867980957,30.93000030517578,31.049999237060547,30.639999389648438,30.93000030517578,36257100
2012-06-21,23.809986114501953,30.139999389648438,31.139999389648438,30.059999465942383,30.959999084472656,48456600
2012-06-22,24.25237464904785,30.700000762939453,30.729999542236328,30.030000686645508,30.299999237060547,45098100
2012-06-25,23.596694946289062,29.8700008392334,30.31999969482422,29.6200008392334,30.299999237060547,42217200
2012-06-26,23.71519660949707,30.020000457763672,30.270000457763672,29.940000534057617,30.0,38421300
2012-06-27,23.833688735961914,30.170000076293945,30.5,30.030000686645508,30.190000534057617,33781700
2012-06-28,23.6282901763916,29.90999984741211,30.049999237060547,29.420000076293945,29.979999542236328,45328400
2012-06-29,24.165475845336914,30.59000015258789,30.690000534057617,30.139999389648438,30.450000762939453,55227200
2012-07-02,24.14177703857422,30.559999465942383,30.6200008392334,30.209999084472656,30.6200008392334,30589100
2012-07-03,24.299774169921875,30.760000228881836,30.760000228881836,30.170000076293945,30.229999542236328,20938100
2012-07-05,24.25237464904785,30.700000762939453,30.780000686645508,30.3799991607666,30.59000015258789,28801900
2012-07-06,23.849489212036133,30.190000534057617,30.700000762939453,29.950000762939453,30.610000610351562,38294800
2012-07-09,23.699386596679688,30.0,30.229999542236328,29.780000686645508,30.1200008392334,30680800
2012-07-10,23.493995666503906,29.739999771118164,30.219999313354492,29.510000228881836,30.079999923706055,37534100
2012-07-11,23.14640998840332,29.299999237060547,29.739999771118164,29.110000610351562,29.709999084472656,39184900
2012-07-12,22.61711883544922,28.6299991607666,29.18000030517578,28.540000915527344,29.149999618530273,63523600
2012-07-13,23.217496871948242,29.389999389648438,29.479999542236328,28.719999313354492,28.760000228881836,39085000
2012-07-16,23.257003784179688,29.440000534057617,29.530000686645508,29.040000915527344,29.479999542236328,27900600
2012-07-17,23.430797576904297,29.65999984741211,29.860000610351562,29.200000762939453,29.639999389648438,33771300
2012-07-18,24.05488395690918,30.450000762939453,30.450000762939453,29.459999084472656,29.600000381469727,41090400
2012-07-19,24.228679656982422,30.670000076293945,30.799999237060547,30.3799991607666,30.510000228881836,46663200
2012-07-20,23.794193267822266,30.1200008392334,31.049999237060547,30.049999237060547,31.0,64021700
2012-07-23,23.130615234375,29.280000686645508,29.579999923706055,29.010000228881836,29.56999969482422,55151900
2012-07-24,23.027910232543945,29.149999618530273,29.360000610351562,28.899999618530273,29.239999771118164,47723300
2012-07-25,22.775114059448242,28.829999923706055,29.329999923706055,28.780000686645508,29.239999771118164,45579500
2012-07-26,23.035812377929688,29.15999984741211,29.5,29.09000015258789,29.229999542236328,45301400
2012-07-27,23.509788513183594,29.760000228881836,29.850000381469727,29.18000030517578,29.479999542236328,44242600
2012-07-30,23.415002822875977,29.639999389648438,29.81999969482422,29.459999084472656,29.75,28905000
2012-07-31,23.28069305419922,29.469999313354492,29.709999084472656,29.329999923706055,29.479999542236328,37620900
2012-08-01,23.233295440673828,29.40999984741211,29.649999618530273,29.209999084472656,29.59000015258789,31721800
2012-08-02,23.05950355529785,29.190000534057617,29.530000686645508,28.969999313354492,29.209999084472656,39520500
2012-08-03,23.501893997192383,29.75,29.940000534057617,29.479999542236328,29.530000686645508,35859400
2012-08-06,23.659893035888672,29.950000762939453,30.110000610351562,29.809999465942383,30.0,27471800
2012-08-07,23.90478515625,30.260000228881836,30.350000381469727,29.8700008392334,30.06999969482422,28002900
2012-08-08,23.960084915161133,30.329999923706055,30.469999313354492,30.110000610351562,30.209999084472656,26257600
2012-08-09,24.094377517700195,30.5,30.649999618530273,30.299999237060547,30.389999389648438,24920800
2012-08-10,24.03118324279785,30.420000076293945,30.6200008392334,30.25,30.5,27810300
2012-08-13,24.00748062133789,30.389999389648438,30.459999084472656,30.15999984741211,30.350000381469727,23049100
2012-08-14,23.95977020263672,30.1299991607666,30.389999389648438,30.010000228881836,30.299999237060547,34551400
2012-08-15,24.015439987182617,30.200000762939453,30.280000686645508,30.020000457763672,30.110000610351562,24351000
2012-08-16,24.476665496826172,30.780000686645508,30.940000534057617,30.260000228881836,30.360000610351562,35787200
2012-08-17,24.572080612182617,30.899999618530273,30.920000076293945,30.59000015258789,30.920000076293945,32589900
2012-08-20,24.444852828979492,30.739999771118164,30.850000381469727,30.579999923706055,30.81999969482422,23737700
2012-08-21,24.492555618286133,30.799999237060547,30.959999084472656,30.610000610351562,30.760000228881836,28822700
2012-08-22,24.28580665588379,30.540000915527344,30.760000228881836,30.469999313354492,30.59000015258789,33437400
2012-08-23,24.06315040588379,30.260000228881836,30.399999618530273,30.079999923706055,30.389999389648438,28355600
2012-08-24,24.301713943481445,30.559999465942383,30.6299991607666,30.18000030517578,30.25,22943300
2012-08-27,24.40509605407715,30.690000534057617,30.959999084472656,30.59000015258789,30.93000030517578,34691100
2012-08-28,24.35738182067871,30.6299991607666,30.799999237060547,30.520000457763672,30.700000762939453,23947900
2012-08-29,24.373271942138672,30.649999618530273,30.75,30.440000534057617,30.649999618530273,23346800
2012-08-30,24.110858917236328,30.31999969482422,30.610000610351562,30.219999313354492,30.530000686645508,23982100
2012-08-31,24.50846290588379,30.81999969482422,30.959999084472656,30.3799991607666,30.600000381469727,36590100
2012-09-04,24.166526794433594,30.389999389648438,30.65999984741211,30.149999618530273,30.450000762939453,48556700
2012-09-05,24.166526794433594,30.389999389648438,30.530000686645508,30.209999084472656,30.219999313354492,33650000
2012-09-06,24.929933547973633,31.350000381469727,31.360000610351562,30.459999084472656,30.5,48371700
2012-09-07,24.611839294433594,30.950000762939453,31.06999969482422,30.729999542236328,31.040000915527344,42649100
2012-09-10,24.4289493560791,30.719999313354492,30.899999618530273,30.510000228881836,30.829999923706055,40524000
2012-09-11,24.48461151123047,30.790000915527344,30.90999984741211,30.610000610351562,30.690000534057617,25191800
2012-09-12,24.476665496826172,30.780000686645508,31.18000030517578,30.729999542236328,30.940000534057617,32775800
2012-09-13,24.603885650634766,30.940000534057617,31.18000030517578,30.399999618530273,30.889999389648438,45047300
2012-09-14,24.818599700927734,31.209999084472656,31.25,30.809999465942383,31.010000228881836,51422800
2012-09-17,24.818599700927734,31.209999084472656,31.260000228881836,31.040000915527344,31.190000534057617,36488500
2012-09-18,24.794742584228516,31.18000030517578,31.209999084472656,31.030000686645508,31.100000381469727,34542700
2012-09-19,24.69136619567871,31.049999237060547,31.190000534057617,31.040000915527344,31.09000015258789,48871900
2012-09-20,25.009445190429688,31.450000762939453,31.479999542236328,30.90999984741211,30.950000762939453,45543000
2012-09-21,24.80270004272461,31.190000534057617,31.610000610351562,31.09000015258789,31.43000030517578,102348900
2012-09-24,24.476665496826172,30.780000686645508,31.06999969482422,30.639999389648438,31.0,46825900
2012-09-25,24.166526794433594,30.389999389648438,31.0,30.360000610351562,30.950000762939453,54266400
2012-09-26,23.991580963134766,30.170000076293945,30.600000381469727,30.040000915527344,30.280000686645508,54672000
2012-09-27,23.983623504638672,30.15999984741211,30.399999618530273,29.889999389648438,30.170000076293945,47129900
2012-09-28,23.665538787841797,29.760000228881836,30.260000228881836,29.739999771118164,30.18000030517578,54229300
2012-10-01,23.450830459594727,29.489999771118164,29.979999542236328,29.420000076293945,29.809999465942383,54042700
2012-10-02,23.58602523803711,29.65999984741211,29.889999389648438,29.5,29.68000030517578,43338900
2012-10-03,23.74505615234375,29.860000610351562,29.989999771118164,29.670000076293945,29.75,46655900
2012-10-04,23.880245208740234,30.030000686645508,30.030000686645508,29.56999969482422,29.969999313354492,43634900
2012-10-05,23.737110137939453,29.850000381469727,30.25,29.739999771118164,30.229999542236328,41133900
2012-10-08,23.68144416809082,29.780000686645508,29.920000076293945,29.549999237060547,29.639999389648438,29752000
2012-10-09,23.28384017944336,29.280000686645508,29.739999771118164,29.18000030517578,29.68000030517578,45121100
2012-10-10,23.045270919799805,28.979999542236328,29.309999465942383,28.950000762939453,29.149999618530273,47227100
2012-10-11,23.02141571044922,28.950000762939453,29.25,28.8700008392334,29.219999313354492,41488500
2012-10-12,23.22022247314453,29.200000762939453,29.31999969482422,28.799999237060547,28.969999313354492,46464700
2012-10-15,23.466737747192383,29.510000228881836,29.719999313354492,29.25,29.3700008392334,42440200
2012-10-16,23.450830459594727,29.489999771118164,29.739999771118164,29.31999969482422,29.450000762939453,47739400
2012-10-17,23.530349731445312,29.59000015258789,29.639999389648438,29.09000015258789,29.299999237060547,44206100
2012-10-18,23.458786010742188,29.5,29.729999542236328,29.260000228881836,29.649999618530273,59238500
2012-10-19,22.774898529052734,28.639999389648438,29.079999923706055,28.5,29.049999237060547,90470800
2012-10-22,22.265960693359375,28.0,28.829999923706055,27.829999923706055,28.729999542236328,83374000
2012-10-23,22.30572509765625,28.049999237060547,28.200000762939453,27.760000228881836,27.770000457763672,64414800
2012-10-24,22.18644142150879,27.899999618530273,28.200000762939453,27.8700008392334,28.15999984741211,53320400
2012-10-25,22.170543670654297,27.8799991607666,28.200000762939453,27.860000610351562,28.190000534057617,54084300
2012-10-26,22.432964324951172,28.209999084472656,28.34000015258789,27.84000015258789,27.860000610351562,57790000
2012-10-31,22.69538116455078,28.540000915527344,28.8799991607666,28.5,28.549999237060547,69464100
2012-11-01,23.474689483642578,29.520000457763672,29.559999465942383,28.81999969482422,28.84000015258789,72047900
2012-11-02,23.458786010742188,29.5,29.770000457763672,29.329999923706055,29.59000015258789,57131600
2012-11-05,23.562156677246094,29.6299991607666,29.739999771118164,29.329999923706055,29.6200008392334,38070800
2012-11-06,23.74505615234375,29.860000610351562,30.200000762939453,29.610000610351562,29.81999969482422,43401500
2012-11-07,23.124794006347656,29.079999923706055,29.829999923706055,29.049999237060547,29.530000686645508,57871800
2012-11-08,22.910093307495117,28.809999465942383,29.3700008392334,28.799999237060547,29.1200008392334,49841800
2012-11-09,22.925987243652344,28.829999923706055,29.190000534057617,28.809999465942383,28.8799991607666,43291200
2012-11-12,22.44091033935547,28.219999313354492,29.010000228881836,28.209999084472656,28.940000534057617,61112300
2012-11-13,21.719341278076172,27.09000015258789,27.299999237060547,26.75,27.020000457763672,131689200
2012-11-14,21.518905639648438,26.84000015258789,27.290000915527344,26.799999237060547,27.239999771118164,76086100
2012-11-15,21.374588012695312,26.65999984741211,26.969999313354492,26.6299991607666,26.8799991607666,50955600
2012-11-16,21.262348175048828,26.520000457763672,26.700000762939453,26.34000015258789,26.670000076293945,64083300
2012-11-19,21.430709838867188,26.729999542236328,26.799999237060547,26.469999313354492,26.799999237060547,57179300
2012-11-20,21.414669036865234,26.709999084472656,26.799999237060547,26.459999084472656,26.760000228881836,47070400
2012-11-21,21.607091903686523,26.950000762939453,27.170000076293945,26.670000076293945,26.709999084472656,66360300
2012-11-23,22.208410263061523,27.700000762939453,27.770000457763672,27.200000762939453,27.229999542236328,57845700
2012-11-26,21.95985984802246,27.389999389648438,27.579999923706055,27.170000076293945,27.540000915527344,85198700
2012-11-27,21.711320877075195,27.079999923706055,27.3799991607666,27.040000915527344,27.360000610351562,45018600
2012-11-28,21.935810089111328,27.360000610351562,27.389999389648438,26.770000457763672,27.010000228881836,53018400
2012-11-29,21.607091903686523,26.950000762939453,27.360000610351562,26.860000610351562,27.110000610351562,69551400
2012-11-30,21.3425235748291,26.6200008392334,27.1299991607666,26.489999771118164,27.049999237060547,83690200
2012-12-03,21.190181732177734,26.43000030517578,26.81999969482422,26.399999618530273,26.780000686645508,53173800
2012-12-04,21.142078399658203,26.3700008392334,26.6299991607666,26.34000015258789,26.5,49777500
2012-12-05,21.382606506347656,26.670000076293945,26.93000030517578,26.260000228881836,26.3799991607666,68283800
2012-12-06,21.430709838867188,26.729999542236328,26.979999542236328,26.610000610351562,26.809999465942383,39182300
2012-12-07,21.214242935180664,26.459999084472656,26.81999969482422,26.3700008392334,26.81999969482422,46162100
2012-12-10,21.599079132080078,26.940000534057617,26.969999313354492,26.520000457763672,26.559999465942383,47031100
2012-12-11,21.903738021850586,27.31999969482422,27.489999771118164,27.049999237060547,27.049999237060547,52282800
2012-12-12,21.839599609375,27.239999771118164,27.6200008392334,27.079999923706055,27.530000686645508,43966300
2012-12-13,21.73537254333496,27.110000610351562,27.520000457763672,26.950000762939453,27.31999969482422,45080100
2012-12-14,21.49485206604004,26.809999465942383,27.1299991607666,26.700000762939453,27.110000610351562,42077500
2012-12-17,21.727365493774414,27.100000381469727,27.219999313354492,26.68000030517578,26.790000915527344,42046100
2012-12-18,22.09616470336914,27.559999465942383,27.6299991607666,27.139999389648438,27.25,50486900
2012-12-19,21.89571762084961,27.309999465942383,27.729999542236328,27.25,27.690000534057617,53519900
2012-12-20,22.192371368408203,27.68000030517578,27.68000030517578,27.149999618530273,27.360000610351562,52607300
2012-12-21,22.007970809936523,27.450000762939453,27.489999771118164,27.0,27.450000762939453,98776500
2012-12-24,21.695281982421875,27.059999465942383,27.25,27.0,27.200000762939453,20842400
2012-12-26,21.534940719604492,26.860000610351562,27.200000762939453,26.700000762939453,27.030000686645508,31631100
2012-12-27,21.6151065826416,26.959999084472656,27.09000015258789,26.56999969482422,26.889999389648438,39394000
2012-12-28,21.286396026611328,26.549999237060547,26.899999618530273,26.549999237060547,26.709999084472656,28239900
2012-12-31,21.414669036865234,26.709999084472656,26.770000457763672,26.3700008392334,26.59000015258789,42749500
2013-01-02,22.144269943237305,27.6200008392334,27.729999542236328,27.149999618530273,27.25,52899300
2013-01-03,21.847610473632812,27.25,27.649999618530273,27.15999984741211,27.6299991607666,48294400
2013-01-04,21.43872833251953,26.739999771118164,27.34000015258789,26.729999542236328,27.270000457763672,52521100
2013-01-07,21.398637771606445,26.690000534057617,26.8799991607666,26.639999389648438,26.770000457763672,37110400
2013-01-08,21.286396026611328,26.549999237060547,26.790000915527344,26.459999084472656,26.75,44703100
2013-01-09,21.40665626525879,26.700000762939453,26.75,26.559999465942383,26.719999313354492,49047900
2013-01-10,21.214242935180664,26.459999084472656,26.979999542236328,26.290000915527344,26.649999618530273,71431300
2013-01-11,21.510887145996094,26.829999923706055,26.93000030517578,26.280000686645508,26.489999771118164,55512100
2013-01-14,21.558984756469727,26.889999389648438,27.079999923706055,26.760000228881836,26.899999618530273,48324400
2013-01-15,21.81554412841797,27.209999084472656,27.290000915527344,26.829999923706055,26.829999923706055,48244500
2013-01-16,21.67926025390625,27.040000915527344,27.229999542236328,27.010000228881836,27.149999618530273,41077400
2013-01-17,21.847610473632812,27.25,27.469999313354492,27.059999465942383,27.190000534057617,51685900
2013-01-18,21.847610473632812,27.25,27.290000915527344,27.040000915527344,27.100000381469727,52167700
2013-01-22,21.767446517944336,27.149999618530273,27.450000762939453,27.0,27.299999237060547,58650600
2013-01-23,22.136245727539062,27.610000610351562,27.639999389648438,27.200000762939453,27.200000762939453,50387700
2013-01-24,22.152284622192383,27.6299991607666,28.06999969482422,27.469999313354492,27.700000762939453,101739300
2013-01-25,22.35271453857422,27.8799991607666,28.229999542236328,27.389999389648438,27.579999923706055,81847700
2013-01-28,22.376768112182617,27.90999984741211,28.229999542236328,27.760000228881836,28.010000228881836,56056500
2013-01-29,22.456951141357422,28.010000228881836,28.1299991607666,27.600000381469727,27.81999969482422,49242600
2013-01-30,22.328662872314453,27.850000381469727,28.190000534057617,27.760000228881836,28.010000228881836,43580500
2013-01-31,22.007970809936523,27.450000762939453,27.969999313354492,27.399999618530273,27.790000915527344,50530000
2013-02-01,22.39280891418457,27.93000030517578,28.049999237060547,27.549999237060547,27.670000076293945,55565900
2013-02-04,21.999956130981445,27.440000534057617,28.020000457763672,27.420000076293945,27.8700008392334,50540000
2013-02-05,22.048051834106445,27.5,27.65999984741211,27.360000610351562,27.6200008392334,35410400
2013-02-06,21.919775009155273,27.34000015258789,27.540000915527344,27.25,27.3799991607666,41889600
2013-02-07,21.87166976928711,27.280000686645508,27.389999389648438,27.100000381469727,27.350000381469727,38028300
2013-02-08,22.088146209716797,27.549999237060547,27.709999084472656,27.309999465942383,27.350000381469727,33318500
2013-02-11,22.336687088012695,27.860000610351562,27.920000076293945,27.5,27.649999618530273,32247700
2013-02-12,22.35271453857422,27.8799991607666,28.0,27.75,27.8799991607666,35990900
2013-02-13,22.472980499267578,28.030000686645508,28.110000610351562,27.8799991607666,27.93000030517578,41715600
2013-02-14,22.48100471496582,28.040000915527344,28.059999465942383,27.8700008392334,27.920000076293945,32663200
2013-02-15,22.456951141357422,28.010000228881836,28.15999984741211,27.8799991607666,28.040000915527344,49650900
2013-02-19,22.675209045410156,28.049999237060547,28.09000015258789,27.799999237060547,27.8799991607666,38781400
2013-02-20,22.529701232910156,27.8700008392334,28.200000762939453,27.829999923706055,28.1299991607666,44110200
2013-02-21,22.222517013549805,27.489999771118164,27.739999771118164,27.229999542236328,27.739999771118164,49078500
2013-02-22,22.440776824951172,27.760000228881836,27.760000228881836,27.479999542236328,27.68000030517578,31425900
2013-02-25,22.125511169433594,27.3700008392334,28.049999237060547,27.3700008392334,27.969999313354492,48011800
2013-02-26,22.125511169433594,27.3700008392334,27.600000381469727,27.34000015258789,27.3799991607666,49923300
2013-02-27,22.4811954498291,27.809999465942383,28.0,27.329999923706055,27.420000076293945,36394700
2013-02-28,22.473115921020508,27.799999237060547,27.969999313354492,27.739999771118164,27.8799991607666,35840200
2013-03-01,22.59438133239746,27.950000762939453,27.979999542236328,27.520000457763672,27.719999313354492,34849700
2013-03-04,22.75604820251465,28.149999618530273,28.149999618530273,27.700000762939453,27.850000381469727,38157500
2013-03-05,22.917726516723633,28.350000381469727,28.540000915527344,28.15999984741211,28.290000915527344,41432200
2013-03-06,22.707551956176758,28.09000015258789,28.229999542236328,27.780000686645508,28.209999084472656,51448500
2013-03-07,22.747970581054688,28.139999389648438,28.280000686645508,28.010000228881836,28.110000610351562,29196700
2013-03-08,22.634794235229492,28.0,28.329999923706055,27.959999084472656,28.25,37667800
2013-03-11,22.529701232910156,27.8700008392334,27.969999313354492,27.670000076293945,27.940000534057617,36627500
2013-03-12,22.562044143676758,27.90999984741211,27.950000762939453,27.639999389648438,27.84000015258789,39255200
2013-03-13,22.570125579833984,27.920000076293945,28.020000457763672,27.75,27.8700008392334,29093400
2013-03-14,22.747970581054688,28.139999389648438,28.15999984741211,27.93000030517578,28.0,55914800
2013-03-15,22.66712188720703,28.040000915527344,28.15999984741211,27.979999542236328,28.030000686645508,92710300
2013-03-18,22.71563148498535,28.100000381469727,28.280000686645508,27.809999465942383,27.8799991607666,44809400
2013-03-19,22.780305862426758,28.18000030517578,28.219999313354492,28.030000686645508,28.1200008392334,51901600
2013-03-20,22.893476486206055,28.31999969482422,28.489999771118164,28.18000030517578,28.34000015258789,35447800
2013-03-21,22.72370719909668,28.110000610351562,28.360000610351562,28.049999237060547,28.110000610351562,34233200
2013-03-22,22.836885452270508,28.25,28.34000015258789,28.100000381469727,28.190000534057617,28720900
2013-03-25,22.76413917541504,28.15999984741211,28.350000381469727,27.959999084472656,28.299999237060547,44154000
2013-03-26,22.76413917541504,28.15999984741211,28.34000015258789,28.110000610351562,28.239999771118164,27824300
2013-03-27,22.933889389038086,28.3700008392334,28.450000762939453,28.079999923706055,28.139999389648438,36047400
2013-03-28,23.12790870666504,28.610000610351562,28.65999984741211,28.260000228881836,28.31999969482422,55453800
2013-04-01,23.12790870666504,28.610000610351562,28.65999984741211,28.360000610351562,28.639999389648438,29201100
2013-04-02,23.2814998626709,28.799999237060547,28.850000381469727,28.520000457763672,28.59000015258789,28456500
2013-04-03,23.08748435974121,28.559999465942383,28.950000762939453,28.540000915527344,28.75,35062800
2013-04-04,23.119827270507812,28.600000381469727,28.610000610351562,28.270000457763672,28.389999389648438,45263200
2013-04-05,23.20066261291504,28.700000762939453,28.780000686645508,28.110000610351562,28.219999313354492,50927300
2013-04-08,23.11174201965332,28.59000015258789,28.729999542236328,28.469999313354492,28.729999542236328,34759500
2013-04-09,23.936288833618164,29.610000610351562,29.81999969482422,28.68000030517578,28.729999542236328,77733800
2013-04-10,24.4779109954834,30.280000686645508,30.31999969482422,29.520000457763672,29.56999969482422,71116700
2013-04-11,23.39467430114746,28.940000534057617,29.200000762939453,28.729999542236328,29.100000381469727,130923200
2013-04-12,23.27341651916504,28.790000915527344,29.020000457763672,28.65999984741211,28.850000381469727,62886300
2013-04-15,23.192584991455078,28.690000534057617,28.979999542236328,28.510000228881836,28.649999618530273,56332900
2013-04-16,23.418926239013672,28.969999313354492,29.139999389648438,28.700000762939453,28.899999618530273,52797300
2013-04-17,23.305753707885742,28.829999923706055,29.040000915527344,28.600000381469727,28.850000381469727,52840700
2013-04-18,23.27341651916504,28.790000915527344,28.979999542236328,28.5,28.950000762939453,56906600
2013-04-19,24.065629959106445,29.770000457763672,30.239999771118164,29.610000610351562,29.6200008392334,99790700
2013-04-22,24.922531127929688,30.829999923706055,31.18000030517578,30.270000457763672,30.299999237060547,137904000
2013-04-23,24.736595153808594,30.600000381469727,30.899999618530273,30.3799991607666,30.700000762939453,59126900
2013-04-24,25.6743221282959,31.760000228881836,31.920000076293945,30.600000381469727,30.6200008392334,90946600
2013-04-25,25.819833755493164,31.940000534057617,32.84000015258789,31.540000915527344,31.709999084472656,110700200
2013-04-26,25.698575973510742,31.790000915527344,31.979999542236328,31.450000762939453,31.899999618530273,47799300
2013-04-29,26.3614444732666,32.61000061035156,32.68000030517578,31.770000457763672,31.799999237060547,59116400
2013-04-30,26.757551193237305,33.099998474121094,33.11000061035156,32.279998779296875,32.560001373291016,75165200
2013-05-01,26.45036506652832,32.720001220703125,33.08000183105469,32.599998474121094,32.93000030517578,54330900
2013-05-02,26.806062698364258,33.15999984741211,33.16999816894531,32.38999938964844,32.630001068115234,46059500
2013-05-03,27.072826385498047,33.4900016784668,33.52000045776367,33.08000183105469,33.22999954223633,46784600
2013-05-06,27.283002853393555,33.75,33.90999984741211,33.25,33.41999816894531,40978300
2013-05-07,26.927322387695312,33.310001373291016,33.790000915527344,33.2400016784668,33.650001525878906,43078300
2013-05-08,26.66863441467285,32.9900016784668,33.2400016784668,32.650001525878906,33.06999969482422,51595700
2013-05-09,26.401874542236328,32.65999984741211,33.0,32.59000015258789,32.849998474121094,46417800
2013-05-10,26.426116943359375,32.689998626708984,32.720001220703125,32.31999969482422,32.66999816894531,36394900
2013-05-13,26.700973510742188,33.029998779296875,33.06999969482422,32.54999923706055,32.61000061035156,36027600
2013-05-14,27.29523277282715,33.529998779296875,33.529998779296875,32.79999923706055,32.86000061035156,56870100
2013-05-15,27.555723190307617,33.849998474121094,33.900001525878906,33.43000030517578,33.45000076293945,46303900
2013-05-16,27.74295997619629,34.08000183105469,34.150001525878906,33.54999923706055,33.63999938964844,59382900
2013-05-17,28.38606071472168,34.869998931884766,34.869998931884766,34.099998474121094,34.130001068115234,60666700
2013-05-20,28.55702018737793,35.08000183105469,35.099998474121094,34.68000030517578,34.72999954223633,54020800
2013-05-21,28.369787216186523,34.849998474121094,35.27000045776367,34.720001220703125,35.099998474121094,48702400
2013-05-22,28.174406051635742,34.61000061035156,34.84000015258789,34.36000061035156,34.790000915527344,66047500
2013-05-23,27.799949645996094,34.150001525878906,34.54999923706055,33.900001525878906,34.22999954223633,51102700
2013-05-24,27.89763641357422,34.27000045776367,34.279998779296875,33.900001525878906,33.91999816894531,33174400
2013-05-28,28.50817108154297,35.02000045776367,35.18000030517578,34.40999984741211,34.41999816894531,48212100
2013-05-29,28.394214630126953,34.880001068115234,35.02000045776367,34.56999969482422,34.7400016784668,38412200
2013-05-30,28.516315460205078,35.029998779296875,35.25,34.810001373291016,34.849998474121094,51131000
2013-05-31,28.41048812866211,34.900001525878906,35.279998779296875,34.790000915527344,34.81999969482422,56165700
2013-06-03,28.97218894958496,35.59000015258789,35.630001068115234,34.83000183105469,34.91999816894531,51252600
2013-06-04,28.483753204345703,34.9900016784668,35.7400016784668,34.77000045776367,35.619998931884766,65529500
2013-06-05,28.31279182434082,34.779998779296875,34.88999938964844,34.43000030517578,34.599998474121094,46025100
2013-06-06,28.459325790405273,34.959999084472656,35.11000061035156,34.4900016784668,34.84000015258789,37618500
2013-06-07,29.037309646606445,35.66999816894531,35.779998779296875,35.060001373291016,35.25,40757300
2013-06-10,28.874496459960938,35.470001220703125,35.650001525878906,35.13999938964844,35.5099983215332,35994500
2013-06-11,28.361650466918945,34.84000015258789,35.18000030517578,34.68000030517578,35.04999923706055,39435900
2013-06-12,28.491880416870117,35.0,35.27000045776367,34.849998474121094,35.13999938964844,37372700
2013-06-13,28.263959884643555,34.720001220703125,35.02000045776367,34.59000015258789,34.9900016784668,45654900
2013-06-14,28.003459930419922,34.400001525878906,34.689998626708984,34.25,34.54999923706055,53192600
2013-06-17,28.491880416870117,35.0,35.15999984741211,34.630001068115234,34.689998626708984,49670100
2013-06-18,28.475622177124023,34.97999954223633,35.16999816894531,34.900001525878906,34.970001220703125,28616500
2013-06-19,28.158113479614258,34.59000015258789,35.09000015258789,34.59000015258789,34.959999084472656,30816200
2013-06-20,27.262662887573242,33.4900016784668,34.33000183105469,33.369998931884766,34.2599983215332,54493700
2013-06-21,27.08357810974121,33.27000045776367,33.72999954223633,33.04999923706055,33.65999984741211,85338500
2013-06-24,27.449907302856445,33.720001220703125,34.20000076293945,32.56999969482422,32.939998626708984,56109000
2013-06-25,27.409196853637695,33.66999816894531,34.380001068115234,33.459999084472656,34.08000183105469,44073400
2013-06-26,27.96276092529297,34.349998474121094,34.47999954223633,33.88999938964844,34.119998931884766,48665900
2013-06-27,28.182544708251953,34.619998931884766,34.779998779296875,34.5,34.52000045776367,28993100
2013-06-28,28.117429733276367,34.540000915527344,34.790000915527344,34.34000015258789,34.380001068115234,65545500
2013-07-01,27.970895767211914,34.36000061035156,34.9900016784668,34.33000183105469,34.75,31055400
2013-07-02,27.628995895385742,33.939998626708984,34.439998626708984,33.630001068115234,34.40999984741211,37630000
2013-07-03,27.68597412109375,34.0099983215332,34.369998931884766,33.599998474121094,33.65999984741211,15994400
2013-07-05,27.848783493041992,34.209999084472656,34.2400016784668,33.58000183105469,34.09000015258789,26085900
2013-07-08,27.94647789001465,34.33000183105469,34.59000015258789,33.97999954223633,34.349998474121094,32396900
2013-07-09,27.96276092529297,34.349998474121094,34.599998474121094,34.13999938964844,34.58000183105469,25318500
2013-07-10,28.24767303466797,34.70000076293945,34.810001373291016,34.31999969482422,34.34000015258789,29658800
2013-07-11,29.053579330444336,35.689998626708984,35.77000045776367,34.900001525878906,35.0,53638300
2013-07-12,29.037309646606445,35.66999816894531,35.72999954223633,35.279998779296875,35.58000183105469,35501200
2013-07-15,29.444337844848633,36.16999816894531,36.220001220703125,35.58000183105469,35.65999984741211,34142600
2013-07-16,29.525733947753906,36.27000045776367,36.43000030517578,35.959999084472656,36.0099983215332,36378500
2013-07-17,29.094297409057617,35.7400016784668,36.38999938964844,35.4900016784668,36.34000015258789,37285100
2013-07-18,28.85007095336914,35.439998626708984,35.88999938964844,35.220001220703125,35.720001220703125,49547100
2013-07-19,25.561294555664062,31.399999618530273,32.66999816894531,31.020000457763672,32.400001525878906,248428500
2013-07-22,26.057863235473633,32.0099983215332,32.0099983215332,31.600000381469727,31.700000762939453,79040700
2013-07-23,25.903194427490234,31.81999969482422,32.040000915527344,31.709999084472656,31.90999984741211,65810400
2013-07-24,26.01716423034668,31.959999084472656,32.189998626708984,31.889999389648438,32.040000915527344,52803100
2013-07-25,25.553152084350586,31.389999389648438,31.649999618530273,31.25,31.6200008392334,63213000
2013-07-26,25.740385055541992,31.6200008392334,31.6200008392334,31.209999084472656,31.260000228881836,38633600
2013-07-29,25.675264358520508,31.540000915527344,31.600000381469727,31.399999618530273,31.469999313354492,28870700
2013-07-30,25.927616119384766,31.850000381469727,32.119998931884766,31.549999237060547,31.780000686645508,45799500
2013-07-31,25.919485092163086,31.84000015258789,32.04999923706055,31.709999084472656,31.969999313354492,43898400
2013-08-01,25.781091690063477,31.670000076293945,32.09000015258789,31.600000381469727,32.060001373291016,42557900
2013-08-02,25.96017837524414,31.889999389648438,31.899999618530273,31.56999969482422,31.690000534057617,29199900
2013-08-05,25.805517196655273,31.700000762939453,32.0,31.639999389648438,31.899999618530273,30984000
2013-08-06,25.70782470703125,31.579999923706055,31.670000076293945,31.3799991607666,31.549999237060547,36331500
2013-08-07,26.098569869995117,32.060001373291016,32.099998474121094,31.25,31.540000915527344,38078600
2013-08-08,26.77423858642578,32.88999938964844,33.06999969482422,32.04999923706055,32.2400016784668,59034400
2013-08-09,26.61956787109375,32.70000076293945,32.900001525878906,32.470001220703125,32.77000045776367,26800700
2013-08-12,26.757957458496094,32.869998931884766,32.970001220703125,32.459999084472656,32.459999084472656,25493700
2013-08-13,26.421842575073242,32.22999954223633,32.54999923706055,32.209999084472656,32.5099983215332,39464100
2013-08-14,26.52021026611328,32.349998474121094,33.36000061035156,31.700000762939453,32.13999938964844,48519600
2013-08-15,26.061140060424805,31.790000915527344,32.18000030517578,30.84000015258789,32.0,33338000
2013-08-16,26.069334030151367,31.799999237060547,31.989999771118164,31.65999984741211,31.790000915527344,32866300
2013-08-19,25.733217239379883,31.389999389648438,31.969999313354492,31.3799991607666,31.760000228881836,27902500
2013-08-20,25.921770095825195,31.6200008392334,31.899999618530273,31.3700008392334,31.440000534057617,22979600
2013-08-21,25.913576126098633,31.610000610351562,32.0099983215332,31.540000915527344,31.610000610351562,37409100
2013-08-22,26.553010940551758,32.38999938964844,32.4900016784668,32.099998474121094,32.189998626708984,31169900
2013-08-23,28.487716674804688,34.75,35.20000076293945,34.0,35.16999816894531,225493800
2013-08-26,27.99584197998047,34.150001525878906,34.66999816894531,34.029998779296875,34.400001525878906,72786800
2013-08-27,27.266223907470703,33.2599983215332,34.099998474121094,33.150001525878906,33.52000045776367,58522300
2013-08-28,27.069477081298828,33.02000045776367,33.599998474121094,33.0,33.38999938964844,44257400
2013-08-29,27.503965377807617,33.54999923706055,33.599998474121094,32.79999923706055,32.93000030517578,45284700
2013-08-30,27.381004333496094,33.400001525878906,33.47999954223633,33.09000015258789,33.369998931884766,42790200
2013-09-03,26.134916305541992,31.8799991607666,32.06999969482422,31.290000915527344,31.75,154507000
2013-09-04,25.57745933532715,31.200000762939453,31.469999313354492,31.110000610351562,31.389999389648438,142320600
2013-09-05,25.602046966552734,31.229999542236328,31.440000534057617,30.950000762939453,31.100000381469727,71644900
2013-09-06,25.536468505859375,31.149999618530273,31.389999389648438,31.1299991607666,31.309999465942383,75434900
2013-09-09,25.954561233520508,31.65999984741211,31.790000915527344,31.200000762939453,31.219999313354492,49628500
2013-09-10,26.553010940551758,32.38999938964844,32.400001525878906,31.790000915527344,31.899999618530273,56881200
2013-09-11,26.839937210083008,32.7400016784668,32.93000030517578,32.529998779296875,32.56999969482422,39087500
2013-09-12,26.798946380615234,32.689998626708984,32.779998779296875,32.59000015258789,32.720001220703125,32860200
2013-09-13,27.077678680419922,33.029998779296875,33.06999969482422,32.5099983215332,32.77000045776367,40899000
2013-09-16,26.88912010192871,32.79999923706055,33.5,32.72999954223633,33.380001068115234,52839700
2013-09-17,26.995695114135742,32.93000030517578,33.470001220703125,32.900001525878906,33.41999816894531,84716500
2013-09-18,27.315418243408203,33.31999969482422,33.400001525878906,32.83000183105469,32.9900016784668,64099900
2013-09-19,27.577741622924805,33.63999938964844,33.68000030517578,33.31999969482422,33.47999954223633,42026600
2013-09-20,26.880918502807617,32.790000915527344,33.47999954223633,32.689998626708984,33.40999984741211,102904900
2013-09-23,26.839937210083008,32.7400016784668,32.970001220703125,32.5,32.540000915527344,39826100
2013-09-24,26.602195739746094,32.45000076293945,32.869998931884766,32.150001525878906,32.869998931884766,40685000
2013-09-25,26.651376724243164,32.5099983215332,32.79999923706055,32.400001525878906,32.4900016784668,28907500
2013-09-26,26.864538192749023,32.77000045776367,33.0,32.59000015258789,32.63999938964844,28504000
2013-09-27,27.274423599243164,33.27000045776367,33.75,32.869998931884766,32.880001068115234,55348000
2013-09-30,27.28261947631836,33.279998779296875,33.310001373291016,32.70000076293945,33.0,39839500
2013-10-01,27.5285587310791,33.58000183105469,33.61000061035156,33.29999923706055,33.349998474121094,36718700
2013-10-02,27.80729103088379,33.91999816894531,34.029998779296875,33.290000915527344,33.36000061035156,46946800
2013-10-03,27.758092880249023,33.86000061035156,34.0,33.41999816894531,33.880001068115234,38703800
2013-10-04,27.77450180053711,33.880001068115234,33.9900016784668,33.619998931884766,33.689998626708984,33008100
2013-10-07,27.299020767211914,33.29999923706055,33.709999084472656,33.20000076293945,33.599998474121094,35069300
2013-10-08,27.061279296875,33.0099983215332,33.33000183105469,32.79999923706055,33.310001373291016,41017600
2013-10-09,27.1104679107666,33.06999969482422,33.349998474121094,32.959999084472656,33.06999969482422,35878600
2013-10-10,27.676118850708008,33.7599983215332,33.88999938964844,33.2599983215332,33.310001373291016,42875100
2013-10-11,27.979448318481445,34.130001068115234,34.13999938964844,33.68000030517578,33.68000030517578,30033300
2013-10-14,28.241779327392578,34.45000076293945,34.5,33.779998779296875,33.900001525878906,27757900
2013-10-15,28.274568557739258,34.4900016784668,34.9900016784668,34.470001220703125,34.66999816894531,47097800
2013-10-16,28.397539138793945,34.63999938964844,34.900001525878906,34.560001373291016,34.599998474121094,35111600
2013-10-17,28.6270809173584,34.91999816894531,34.9900016784668,34.369998931884766,34.45000076293945,31359200
2013-10-18,28.659868240356445,34.959999084472656,34.9900016784668,34.33000183105469,34.81999969482422,41811700
2013-10-21,28.684467315673828,34.9900016784668,35.20000076293945,34.90999984741211,34.97999954223633,27433500
2013-10-22,28.348358154296875,34.58000183105469,35.099998474121094,34.52000045776367,35.02000045776367,40438500
2013-10-23,27.676118850708008,33.7599983215332,34.4900016784668,33.66999816894531,34.349998474121094,58600500
2013-10-24,27.643335342407227,33.720001220703125,34.099998474121094,33.56999969482422,33.81999969482422,53209700
2013-10-25,29.291107177734375,35.72999954223633,36.290000915527344,35.470001220703125,35.880001068115234,113494000
2013-10-28,29.159934997558594,35.56999969482422,35.72999954223633,35.27000045776367,35.61000061035156,38383600
2013-10-29,29.11895179748535,35.52000045776367,35.720001220703125,35.2599983215332,35.630001068115234,31702200
2013-10-30,29.135345458984375,35.540000915527344,35.790000915527344,35.43000030517578,35.529998779296875,36997700
2013-10-31,29.02878189086914,35.40999984741211,35.689998626708984,35.34000015258789,35.65999984741211,41682300
2013-11-01,29.127147674560547,35.529998779296875,35.689998626708984,35.38999938964844,35.66999816894531,40264600
2013-11-04,29.463258743286133,35.939998626708984,35.97999954223633,35.54999923706055,35.59000015258789,28060700
2013-11-05,30.037111282348633,36.63999938964844,36.709999084472656,35.77000045776367,35.790000915527344,51681900
2013-11-06,31.29958724975586,38.18000030517578,38.220001220703125,37.060001373291016,37.2400016784668,88948800
2013-11-07,30.74213981628418,37.5,38.0099983215332,37.43000030517578,37.959999084472656,60437400
2013-11-08,30.971675872802734,37.779998779296875,37.779998779296875,37.34000015258789,37.66999816894531,36737800
2013-11-11,30.815916061401367,37.59000015258789,37.779998779296875,37.349998474121094,37.689998626708984,26872500
2013-11-12,30.627363204956055,37.36000061035156,37.599998474121094,37.20000076293945,37.380001068115234,31651600
2013-11-13,31.283205032348633,38.15999984741211,38.15999984741211,36.900001525878906,36.97999954223633,44957600
2013-11-14,31.168426513671875,38.02000045776367,38.130001068115234,37.720001220703125,37.869998931884766,46183700
2013-11-15,31.020851135253906,37.84000015258789,38.02000045776367,37.720001220703125,37.95000076293945,50601300
2013-11-18,30.496198654174805,37.20000076293945,37.58000183105469,37.06999969482422,37.349998474121094,53277500
2013-11-19,30.347522735595703,36.7400016784668,37.22999954223633,36.66999816894531,36.849998474121094,44275000
2013-11-20,30.628360748291016,37.08000183105469,37.40999984741211,36.86000061035156,36.91999816894531,32229900
2013-11-21,30.89268684387207,37.400001525878906,37.529998779296875,37.2599983215332,37.27000045776367,23064700
2013-11-22,31.033111572265625,37.56999969482422,37.68000030517578,37.33000183105469,37.529998779296875,27982000
2013-11-25,31.090923309326172,37.63999938964844,37.95000076293945,37.56999969482422,37.93000030517578,30646800
2013-11-26,30.851375579833984,37.349998474121094,37.650001525878906,37.349998474121094,37.56999969482422,34465300
2013-11-27,31.057886123657227,37.599998474121094,37.7599983215332,37.4900016784668,37.56999969482422,26002100
2013-11-29,31.49566078186035,38.130001068115234,38.290000915527344,37.81999969482422,37.81999969482422,22090400
2013-12-02,31.759986877441406,38.45000076293945,38.779998779296875,38.060001373291016,38.09000015258789,42950400
2013-12-03,31.64435577392578,38.310001373291016,38.4900016784668,38.08000183105469,38.13999938964844,52109800
2013-12-04,32.164730072021484,38.939998626708984,38.97999954223633,38.119998931884766,38.209999084472656,51983600
2013-12-05,31.388288497924805,38.0,38.880001068115234,37.18000030517578,38.849998474121094,116305000
2013-12-06,31.685649871826172,38.36000061035156,38.54999923706055,37.9900016784668,38.41999816894531,36457300
2013-12-09,31.974742889404297,38.709999084472656,38.869998931884766,38.369998931884766,38.560001373291016,30286000
2013-12-10,31.479145050048828,38.11000061035156,38.900001525878906,38.02000045776367,38.61000061035156,37828600
2013-12-11,31.06614112854004,37.61000061035156,38.29999923706055,37.38999938964844,38.060001373291016,39853400
2013-12-12,30.74399757385254,37.220001220703125,37.63999938964844,37.18000030517578,37.63999938964844,36012800
2013-12-13,30.30621337890625,36.689998626708984,37.45000076293945,36.619998931884766,37.41999816894531,40066100
2013-12-16,30.47142219543457,36.88999938964844,37.0,36.540000915527344,36.72999954223633,31734200
2013-12-17,30.16579818725586,36.52000045776367,37.11000061035156,36.33000183105469,36.939998626708984,45687700
2013-12-18,30.21537208557129,36.58000183105469,36.599998474121094,35.529998779296875,36.36000061035156,63192100
2013-12-19,29.942779541015625,36.25,36.54999923706055,36.08000183105469,36.5099983215332,34160100
2013-12-20,30.397075653076172,36.79999923706055,36.93000030517578,36.189998626708984,36.20000076293945,62649100
2013-12-23,30.248384475708008,36.619998931884766,36.88999938964844,36.54999923706055,36.810001373291016,25128700
2013-12-24,30.628360748291016,37.08000183105469,37.16999816894531,36.63999938964844,36.720001220703125,14243000
2013-12-26,30.925729751586914,37.439998626708984,37.4900016784668,37.16999816894531,37.20000076293945,17612800
2013-12-27,30.801830291748047,37.290000915527344,37.619998931884766,37.16999816894531,37.58000183105469,14563000
2013-12-30,30.801830291748047,37.290000915527344,37.380001068115234,36.900001525878906,37.220001220703125,16290500
2013-12-31,30.900938034057617,37.40999984741211,37.58000183105469,37.220001220703125,37.400001525878906,17503500
2014-01-02,30.694435119628906,37.15999984741211,37.400001525878906,37.099998474121094,37.349998474121094,30632200
2014-01-03,30.487939834594727,36.90999984741211,37.220001220703125,36.599998474121094,37.20000076293945,31134800
2014-01-06,29.843643188476562,36.130001068115234,36.88999938964844,36.11000061035156,36.849998474121094,43603700
2014-01-07,30.074928283691406,36.40999984741211,36.4900016784668,36.209999084472656,36.33000183105469,35802800
2014-01-08,29.538021087646484,35.7599983215332,36.13999938964844,35.58000183105469,36.0,59971700
2014-01-09,29.34805679321289,35.529998779296875,35.90999984741211,35.400001525878906,35.880001068115234,36516300
2014-01-10,29.769323348999023,36.040000915527344,36.150001525878906,35.75,35.900001525878906,40548800
2014-01-13,28.893749237060547,34.97999954223633,36.02000045776367,34.83000183105469,35.9900016784668,45901900
2014-01-14,29.55453872680664,35.779998779296875,35.880001068115234,34.630001068115234,34.72999954223633,41623300
2014-01-15,30.364032745361328,36.7599983215332,36.790000915527344,35.849998474121094,35.900001525878906,44812600
2014-01-16,30.47142219543457,36.88999938964844,37.0,36.310001373291016,36.689998626708984,38018700
2014-01-17,30.050155639648438,36.380001068115234,36.83000183105469,36.150001525878906,36.83000183105469,46267500
2014-01-21,29.876699447631836,36.16999816894531,36.81999969482422,36.060001373291016,36.81999969482422,31567300
2014-01-22,29.67844581604004,35.93000030517578,36.31999969482422,35.75,36.2599983215332,21904300
2014-01-23,29.785829544067383,36.060001373291016,36.130001068115234,35.52000045776367,36.09000015258789,43954000
2014-01-24,30.405338287353516,36.810001373291016,37.54999923706055,36.529998779296875,37.45000076293945,76395500
2014-01-27,29.761045455932617,36.029998779296875,36.88999938964844,35.97999954223633,36.869998931884766,44420800
2014-01-28,29.959287643432617,36.27000045776367,36.38999938964844,35.75,36.119998931884766,36205500
2014-01-29,30.281436920166016,36.65999984741211,36.880001068115234,35.900001525878906,35.97999954223633,52745900
2014-01-30,30.44664192199707,36.86000061035156,36.880001068115234,36.22999954223633,36.790000915527344,35036300
2014-01-31,31.256122589111328,37.84000015258789,37.88999938964844,36.560001373291016,36.95000076293945,93162300
2014-02-03,30.132749557495117,36.47999954223633,37.9900016784668,36.43000030517578,37.7400016784668,64063100
2014-02-04,30.025379180908203,36.349998474121094,37.189998626708984,36.25,36.970001220703125,54697900
2014-02-05,29.58758544921875,35.81999969482422,36.470001220703125,35.79999923706055,36.290000915527344,55814400
2014-02-06,29.88495445251465,36.18000030517578,36.25,35.689998626708984,35.79999923706055,35351800
2014-02-07,30.19883918762207,36.560001373291016,36.59000015258789,36.0099983215332,36.31999969482422,33260500
2014-02-10,30.397075653076172,36.79999923706055,36.79999923706055,36.290000915527344,36.630001068115234,26767000
2014-02-11,30.70271110534668,37.16999816894531,37.2599983215332,36.86000061035156,36.880001068115234,32141400
2014-02-12,30.950498580932617,37.470001220703125,37.599998474121094,37.29999923706055,37.349998474121094,27051800
2014-02-13,31.06614112854004,37.61000061035156,37.86000061035156,37.33000183105469,37.33000183105469,37635500
2014-02-14,31.07439613342285,37.619998931884766,37.779998779296875,37.33000183105469,37.38999938964844,31407500
2014-02-18,31.140975952148438,37.41999816894531,37.779998779296875,37.40999984741211,37.630001068115234,32834000
2014-02-19,31.215890884399414,37.5099983215332,37.75,37.209999084472656,37.220001220703125,29750400
2014-02-20,31.41560935974121,37.75,37.869998931884766,37.400001525878906,37.56999969482422,27526100
2014-02-21,31.607006072998047,37.97999954223633,38.349998474121094,37.86000061035156,37.939998626708984,38021300
2014-02-24,31.365676879882812,37.689998626708984,37.97999954223633,37.540000915527344,37.689998626708984,32085100
2014-02-25,31.240846633911133,37.540000915527344,37.849998474121094,37.349998474121094,37.61000061035156,30736500
2014-02-26,31.182598114013672,37.470001220703125,37.7400016784668,37.189998626708984,37.58000183105469,41041800
2014-02-27,31.507137298583984,37.86000061035156,37.88999938964844,37.22999954223633,37.45000076293945,33903400
2014-02-28,31.88165283203125,38.310001373291016,38.459999084472656,37.81999969482422,37.97999954223633,41215000
2014-03-03,31.440570831298828,37.779998779296875,38.130001068115234,37.4900016784668,37.91999816894531,29717500
2014-03-04,31.964859008789062,38.40999984741211,38.47999954223633,38.06999969482422,38.20000076293945,26802400
2014-03-05,31.715206146240234,38.11000061035156,38.27000045776367,37.93000030517578,38.25,20520100
2014-03-06,31.74848747253418,38.150001525878906,38.2400016784668,37.88999938964844,38.13999938964844,23582200
2014-03-07,31.54043197631836,37.900001525878906,38.36000061035156,37.689998626708984,38.279998779296875,26591600
2014-03-10,31.473846435546875,37.81999969482422,38.0099983215332,37.720001220703125,37.9900016784668,19006600
2014-03-11,31.640304565429688,38.02000045776367,38.22999954223633,37.720001220703125,37.869998931884766,25216400
2014-03-12,31.848344802856445,38.27000045776367,38.43000030517578,37.790000915527344,37.79999923706055,30494100
2014-03-13,31.532108306884766,37.88999938964844,38.45000076293945,37.63999938964844,38.41999816894531,32169700
2014-03-14,31.37401008605957,37.70000076293945,38.13999938964844,37.5099983215332,37.650001525878906,27195600
2014-03-17,31.665264129638672,38.04999923706055,38.40999984741211,37.790000915527344,37.900001525878906,20479600
2014-03-18,32.91357421875,39.54999923706055,39.900001525878906,38.220001220703125,38.2599983215332,64063900
2014-03-19,32.68056106567383,39.27000045776367,39.54999923706055,38.90999984741211,39.470001220703125,35597200
2014-03-20,33.562679290771484,40.33000183105469,40.650001525878906,39.2400016784668,39.25,59269800
2014-03-21,33.42121124267578,40.15999984741211,40.939998626708984,40.0099983215332,40.720001220703125,80721800
2014-03-24,33.70416259765625,40.5,40.63999938964844,39.86000061035156,40.34000015258789,46098400
2014-03-25,33.57100296020508,40.34000015258789,40.9900016784668,39.959999084472656,40.65999984741211,43193100
2014-03-26,33.11330032348633,39.790000915527344,40.709999084472656,39.599998474121094,40.47999954223633,41977500
2014-03-27,32.75545883178711,39.36000061035156,39.970001220703125,39.34000015258789,39.7400016784668,35369200
2014-03-28,33.537723541259766,40.29999923706055,40.63999938964844,39.68000030517578,39.790000915527344,43472700
2014-03-31,34.111934661865234,40.9900016784668,41.5,40.400001525878906,40.43000030517578,46886300
2014-04-01,34.46979522705078,41.41999816894531,41.59000015258789,41.06999969482422,41.150001525878906,32605000
2014-04-02,34.411537170410156,41.349998474121094,41.65999984741211,41.16999816894531,41.439998626708984,28666700
2014-04-03,34.12858581542969,41.0099983215332,41.290000915527344,40.709999084472656,41.290000915527344,30139600
2014-04-04,33.179866790771484,39.869998931884766,41.38999938964844,39.63999938964844,41.25,51409600
2014-04-07,33.121620178222656,39.79999923706055,40.27000045776367,39.7400016784668,39.959999084472656,37559600
2014-04-08,33.13825225830078,39.81999969482422,39.93000030517578,39.20000076293945,39.75,35918600
2014-04-09,33.679195404052734,40.470001220703125,40.54999923706055,39.880001068115234,39.93000030517578,27398700
2014-04-10,32.75545883178711,39.36000061035156,40.689998626708984,39.09000015258789,40.439998626708984,45960800
2014-04-11,32.63062286376953,39.209999084472656,39.790000915527344,39.0,39.0,34330200
2014-04-14,32.60564422607422,39.18000030517578,39.40999984741211,38.900001525878906,39.11000061035156,32006600
2014-04-15,33.080013275146484,39.75,39.959999084472656,39.04999923706055,39.34000015258789,33968700
2014-04-16,33.62093734741211,40.400001525878906,40.41999816894531,39.90999984741211,40.060001373291016,30615800
2014-04-17,33.296382904052734,40.0099983215332,40.20000076293945,39.5099983215332,40.0099983215332,36688400
2014-04-21,33.23812484741211,39.939998626708984,40.150001525878906,39.790000915527344,40.130001068115234,22221200
2014-04-22,33.27973175048828,39.9900016784668,40.13999938964844,39.83000183105469,39.959999084472656,27056700
2014-04-23,33.030067443847656,39.689998626708984,39.9900016784668,39.470001220703125,39.9900016784668,24602800
2014-04-24,33.17155075073242,39.86000061035156,39.970001220703125,39.29999923706055,39.7400016784668,42381600
2014-04-25,33.21315383911133,39.90999984741211,40.68000030517578,39.75,40.290000915527344,56876800
2014-04-28,34.012081146240234,40.869998931884766,41.290000915527344,40.09000015258789,40.13999938964844,50610200
2014-04-29,33.712467193603516,40.5099983215332,41.189998626708984,40.38999938964844,41.099998474121094,29636200
2014-04-30,33.62093734741211,40.400001525878906,40.5,40.16999816894531,40.400001525878906,35458700
2014-05-01,33.28805923461914,40.0,40.36000061035156,39.95000076293945,40.2400016784668,28787400
2014-05-02,33.030067443847656,39.689998626708984,40.34000015258789,39.65999984741211,40.310001373291016,43416600
2014-05-05,32.81370544433594,39.43000030517578,39.63999938964844,39.29999923706055,39.52000045776367,22460900
2014-05-06,32.50579071044922,39.060001373291016,39.349998474121094,38.95000076293945,39.290000915527344,27112400
2014-05-07,32.80538558959961,39.41999816894531,39.5099983215332,38.5099983215332,39.220001220703125,41744500
2014-05-08,32.988487243652344,39.63999938964844,39.900001525878906,38.970001220703125,39.34000015258789,32120400
2014-05-09,32.905242919921875,39.540000915527344,39.849998474121094,39.369998931884766,39.540000915527344,29647600
2014-05-12,33.26308059692383,39.970001220703125,40.02000045776367,39.650001525878906,39.7400016784668,22782600
2014-05-13,33.8748893737793,40.41999816894531,40.5,39.849998474121094,39.91999816894531,27004800
2014-05-14,33.72402572631836,40.2400016784668,40.45000076293945,40.04999923706055,40.29999923706055,18818700
2014-05-15,33.18765640258789,39.599998474121094,40.400001525878906,39.5099983215332,40.09000015258789,37793200
2014-05-16,33.380428314208984,39.83000183105469,39.84000015258789,39.27000045776367,39.66999816894531,29867100
2014-05-19,33.313377380371094,39.75,39.81999969482422,39.459999084472656,39.61000061035156,24537400
2014-05-20,33.254722595214844,39.68000030517578,39.939998626708984,39.459999084472656,39.68000030517578,21320900
2014-05-21,33.81622314453125,40.349998474121094,40.349998474121094,39.7400016784668,39.79999923706055,22398700
2014-05-22,33.60670471191406,40.099998474121094,40.349998474121094,39.849998474121094,40.290000915527344,20201800
2014-05-23,33.623470306396484,40.119998931884766,40.369998931884766,40.0,40.369998931884766,18020000
2014-05-27,33.68213653564453,40.189998626708984,40.2599983215332,39.810001373291016,40.2599983215332,26160600
2014-05-28,33.531272888183594,40.0099983215332,40.189998626708984,39.81999969482422,40.13999938964844,25711500
2014-05-29,33.80784225463867,40.34000015258789,40.349998474121094,39.90999984741211,40.150001525878906,19888200
2014-05-30,34.31068420410156,40.939998626708984,40.970001220703125,40.25,40.45000076293945,34567600
2014-06-02,34.18498229980469,40.790000915527344,41.09000015258789,40.68000030517578,40.95000076293945,18504300
2014-06-03,33.76594161987305,40.290000915527344,40.68000030517578,40.25,40.599998474121094,18068900
2014-06-04,33.79106903076172,40.31999969482422,40.369998931884766,39.86000061035156,40.209999084472656,23209000
2014-06-05,34.536956787109375,41.209999084472656,41.25,40.400001525878906,40.59000015258789,31865200
2014-06-06,34.76323318481445,41.47999954223633,41.65999984741211,41.2400016784668,41.47999954223633,24060500
2014-06-09,34.58724594116211,41.27000045776367,41.47999954223633,41.02000045776367,41.38999938964844,15019200
2014-06-10,34.45315170288086,41.11000061035156,41.15999984741211,40.86000061035156,41.029998779296875,15117700
2014-06-11,34.24363708496094,40.86000061035156,41.06999969482422,40.77000045776367,40.93000030517578,18040000
2014-06-12,34.008995056152344,40.58000183105469,40.880001068115234,40.290000915527344,40.810001373291016,29818900
2014-06-13,34.553714752197266,41.22999954223633,41.56999969482422,40.86000061035156,41.099998474121094,26310000
2014-06-16,34.779991149902344,41.5,41.61000061035156,41.040000915527344,41.040000915527344,24205300
2014-06-17,34.93086242675781,41.68000030517578,41.90999984741211,40.34000015258789,41.290000915527344,22518600
2014-06-18,34.90571975708008,41.650001525878906,41.7400016784668,41.18000030517578,41.61000061035156,27097000
2014-06-19,34.78839111328125,41.5099983215332,41.77000045776367,41.33000183105469,41.56999969482422,19828200
2014-06-20,34.93086242675781,41.68000030517578,41.83000183105469,41.380001068115234,41.45000076293945,47764900
2014-06-23,35.19066619873047,41.9900016784668,42.0,41.689998626708984,41.72999954223633,18743900
2014-06-24,34.98952102661133,41.75,41.939998626708984,41.560001373291016,41.83000183105469,26509100
2014-06-25,35.22418212890625,42.029998779296875,42.04999923706055,41.459999084472656,41.70000076293945,20049100
2014-06-26,34.96438217163086,41.720001220703125,41.939998626708984,41.43000030517578,41.93000030517578,23604400
2014-06-27,35.4085693359375,42.25,42.290000915527344,41.5099983215332,41.61000061035156,74640000
2014-06-30,34.9476318359375,41.70000076293945,42.209999084472656,41.70000076293945,42.16999816894531,30793100
2014-07-01,35.090087890625,41.869998931884766,42.150001525878906,41.689998626708984,41.86000061035156,26917000
2014-07-02,35.11522674560547,41.900001525878906,41.900001525878906,41.529998779296875,41.72999954223633,20208100
2014-07-03,35.03142547607422,41.79999923706055,41.9900016784668,41.560001373291016,41.90999984741211,15969300
2014-07-07,35.19066619873047,41.9900016784668,42.119998931884766,41.709999084472656,41.75,21952400
2014-07-08,35.01466751098633,41.779998779296875,42.0,41.61000061035156,41.869998931884766,31218200
2014-07-09,34.9224739074707,41.66999816894531,41.9900016784668,41.529998779296875,41.97999954223633,18445900
2014-07-10,34.93925476074219,41.689998626708984,42.0,41.04999923706055,41.369998931884766,21854700
2014-07-11,35.27445602416992,42.09000015258789,42.09000015258789,41.47999954223633,41.70000076293945,24083000
2014-07-14,35.316375732421875,42.13999938964844,42.45000076293945,42.040000915527344,42.220001220703125,21881100
2014-07-15,35.5761833190918,42.45000076293945,42.470001220703125,42.029998779296875,42.33000183105469,28748700
2014-07-16,36.94224548339844,44.08000183105469,44.310001373291016,42.47999954223633,42.5099983215332,63318000
2014-07-17,37.31936264038086,44.529998779296875,45.709999084472656,44.25,45.45000076293945,82180300
2014-07-18,37.453453063964844,44.689998626708984,44.84000015258789,44.25,44.650001525878906,43407500
2014-07-21,37.57917404174805,44.84000015258789,45.15999984741211,44.220001220703125,44.560001373291016,37604400
2014-07-22,37.57079315185547,44.83000183105469,45.150001525878906,44.59000015258789,45.0,43095800
2014-07-23,37.60432052612305,44.869998931884766,45.45000076293945,44.619998931884766,45.45000076293945,52362900
2014-07-24,37.21040725708008,44.400001525878906,45.0,44.31999969482422,44.93000030517578,30725300
2014-07-25,37.294227600097656,44.5,44.65999984741211,44.29999923706055,44.29999923706055,26737700
2014-07-28,36.850040435791016,43.970001220703125,44.5099983215332,43.93000030517578,44.36000061035156,29684200
2014-07-29,36.782997131347656,43.88999938964844,44.09000015258789,43.63999938964844,43.90999984741211,27763100
2014-07-30,36.523197174072266,43.58000183105469,44.099998474121094,43.290000915527344,44.06999969482422,31921400
2014-07-31,36.171207427978516,43.15999984741211,43.689998626708984,43.08000183105469,43.380001068115234,31537500
2014-08-01,35.91978454589844,42.86000061035156,43.25,42.599998474121094,43.209999084472656,31170300
2014-08-04,36.34721374511719,43.369998931884766,43.470001220703125,42.810001373291016,42.970001220703125,34277400
2014-08-05,36.10416793823242,43.08000183105469,43.459999084472656,42.83000183105469,43.310001373291016,26266400
2014-08-06,35.819210052490234,42.7400016784668,43.16999816894531,42.209999084472656,42.7400016784668,24634000
2014-08-07,36.22987365722656,43.22999954223633,43.45000076293945,42.650001525878906,42.84000015258789,30314900
2014-08-08,36.204742431640625,43.20000076293945,43.31999969482422,42.90999984741211,43.22999954223633,28942700
2014-08-11,36.204742431640625,43.20000076293945,43.45000076293945,43.02000045776367,43.2599983215332,20351600
2014-08-12,36.47291946411133,43.52000045776367,43.59000015258789,43.0,43.040000915527344,21431100
2014-08-13,36.94224548339844,44.08000183105469,44.18000030517578,43.52000045776367,43.68000030517578,22889500
2014-08-14,37.101470947265625,44.27000045776367,44.41999816894531,44.0099983215332,44.08000183105469,19313200
2014-08-15,37.53726577758789,44.790000915527344,44.900001525878906,44.400001525878906,44.58000183105469,41611300
2014-08-18,37.805450439453125,45.11000061035156,45.11000061035156,44.68000030517578,44.939998626708984,26891100
2014-08-19,38.227108001708984,45.33000183105469,45.34000015258789,44.83000183105469,44.970001220703125,28139500
2014-08-20,37.906654357910156,44.95000076293945,45.400001525878906,44.900001525878906,45.34000015258789,24770500
2014-08-21,38.134342193603516,45.220001220703125,45.25,44.83000183105469,44.84000015258789,22285500
2014-08-22,38.07530975341797,45.150001525878906,45.470001220703125,45.06999969482422,45.349998474121094,18294500
2014-08-25,38.0921745300293,45.16999816894531,45.439998626708984,45.040000915527344,45.400001525878906,16910000
2014-08-26,37.957244873046875,45.0099983215332,45.400001525878906,44.939998626708984,45.310001373291016,14873100
2014-08-27,37.83919143676758,44.869998931884766,45.0,44.7599983215332,44.900001525878906,21287900
2014-08-28,37.847618103027344,44.880001068115234,44.97999954223633,44.61000061035156,44.75,17657600
2014-08-29,38.311439514160156,45.43000030517578,45.439998626708984,44.86000061035156,45.09000015258789,21607600
2014-09-02,38.02470779418945,45.09000015258789,45.459999084472656,44.849998474121094,45.43000030517578,22976800
2014-09-03,37.91508102416992,44.959999084472656,45.11000061035156,44.529998779296875,44.529998779296875,33684500
2014-09-04,38.168067932128906,45.2599983215332,45.27000045776367,44.720001220703125,44.7400016784668,26475500
2014-09-05,38.71622085571289,45.90999984741211,45.93000030517578,45.11000061035156,45.11000061035156,36939400
2014-09-08,39.1884765625,46.470001220703125,46.79999923706055,45.9900016784668,46.02000045776367,45736700
2014-09-09,39.43303298950195,46.7599983215332,46.970001220703125,46.41999816894531,46.470001220703125,40302400
2014-09-10,39.500492095947266,46.84000015258789,46.939998626708984,46.279998779296875,46.81999969482422,27302400
2014-09-11,39.63542938232422,47.0,47.0,46.470001220703125,46.7400016784668,29216400
2014-09-12,39.3824348449707,46.70000076293945,47.02000045776367,46.599998474121094,46.90999984741211,38244700
2014-09-15,38.99452209472656,46.2400016784668,46.709999084472656,46.099998474121094,46.540000915527344,37667600
2014-09-16,39.43303298950195,46.7599983215332,46.849998474121094,46.290000915527344,46.38999938964844,27910600
2014-09-17,39.230628967285156,46.52000045776367,46.689998626708984,46.22999954223633,46.2599983215332,38311900
2014-09-18,39.365577697753906,46.68000030517578,46.83000183105469,46.459999084472656,46.59000015258789,35556600
2014-09-19,40.073944091796875,47.52000045776367,47.56999969482422,46.599998474121094,46.810001373291016,202522400
2014-09-22,39.68602752685547,47.060001373291016,47.380001068115234,46.97999954223633,47.29999923706055,38686100
2014-09-23,39.26438903808594,46.560001373291016,46.97999954223633,46.470001220703125,46.849998474121094,33430300
2014-09-24,39.70288848876953,47.08000183105469,47.11000061035156,46.34000015258789,46.630001068115234,26582700
2014-09-25,38.82585144042969,46.040000915527344,47.09000015258789,46.029998779296875,46.880001068115234,33077400
2014-09-26,39.13787841796875,46.40999984741211,46.619998931884766,45.7599983215332,45.93000030517578,27078800
2014-09-29,39.16315841674805,46.439998626708984,46.560001373291016,45.7599983215332,45.97999954223633,26091000
2014-09-30,39.09571075439453,46.36000061035156,46.47999954223633,46.0099983215332,46.369998931884766,33033100
2014-10-01,38.70778274536133,45.900001525878906,46.529998779296875,45.849998474121094,46.27000045776367,38088400
2014-10-02,38.589717864990234,45.7599983215332,46.099998474121094,45.63999938964844,45.83000183105469,25119400
2014-10-03,38.86802291870117,46.09000015258789,46.29999923706055,45.61000061035156,45.97999954223633,32453200
2014-10-06,38.86802291870117,46.09000015258789,46.29999923706055,45.91999816894531,46.119998931884766,20604000
2014-10-07,38.39575958251953,45.529998779296875,45.93000030517578,45.41999816894531,45.86000061035156,25723700
2014-10-08,39.44989013671875,46.779998779296875,46.88999938964844,45.34000015258789,45.47999954223633,33031000
2014-10-09,38.665618896484375,45.849998474121094,46.79999923706055,45.7400016784668,46.5,34422800
2014-10-10,37.13079833984375,44.029998779296875,46.119998931884766,43.95000076293945,45.599998474121094,51978100
2014-10-13,36.81034469604492,43.650001525878906,44.560001373291016,43.4900016784668,43.81999969482422,37100200
2014-10-14,36.8778076171875,43.72999954223633,44.380001068115234,43.560001373291016,43.869998931884766,38115700
2014-10-15,36.447723388671875,43.220001220703125,43.38999938964844,42.099998474121094,43.0,60218700
2014-10-16,36.042938232421875,42.7400016784668,43.08000183105469,42.220001220703125,42.529998779296875,49040400
2014-10-17,36.793487548828125,43.630001068115234,43.939998626708984,42.790000915527344,43.20000076293945,40683300
2014-10-20,37.17296600341797,44.08000183105469,44.13999938964844,42.810001373291016,43.060001373291016,34527900
2014-10-21,37.847618103027344,44.880001068115234,44.97999954223633,44.189998626708984,44.36000061035156,36433800
2014-10-22,37.42597198486328,44.380001068115234,45.06999969482422,44.22999954223633,45.0,33570900
2014-10-23,37.96567916870117,45.02000045776367,45.45000076293945,44.529998779296875,44.619998931884766,45451900
2014-10-24,38.90174102783203,46.130001068115234,46.900001525878906,45.18000030517578,46.83000183105469,61076700
2014-10-27,38.71622085571289,45.90999984741211,46.099998474121094,45.709999084472656,45.709999084472656,30371300
2014-10-28,39.20532989501953,46.4900016784668,46.5,45.77000045776367,45.86000061035156,29049800
2014-10-29,39.31495666503906,46.619998931884766,46.70000076293945,46.34000015258789,46.439998626708984,30276100
2014-10-30,38.83427429199219,46.04999923706055,46.31999969482422,45.77000045776367,46.31999969482422,30073900
2014-10-31,39.593265533447266,46.95000076293945,46.970001220703125,46.47999954223633,46.939998626708984,35849700
2014-11-03,40.006473541259766,47.439998626708984,47.459999084472656,46.72999954223633,46.88999938964844,23130400
2014-11-04,40.11610412597656,47.56999969482422,47.72999954223633,47.25,47.29999923706055,21530800
2014-11-05,40.36066818237305,47.86000061035156,47.900001525878906,47.2599983215332,47.79999923706055,22449600
2014-11-06,41.06904983520508,48.70000076293945,48.86000061035156,47.790000915527344,47.86000061035156,33037800
2014-11-07,41.05218505859375,48.68000030517578,48.91999816894531,48.290000915527344,48.91999816894531,28000600
2014-11-10,41.22927474975586,48.88999938964844,49.150001525878906,48.54999923706055,48.650001525878906,36370100
2014-11-11,41.212406158447266,48.869998931884766,48.95000076293945,48.650001525878906,48.849998474121094,23445200
2014-11-12,41.136505126953125,48.779998779296875,48.91999816894531,48.52000045776367,48.560001373291016,22722100
2014-11-13,41.836456298828125,49.61000061035156,49.650001525878906,48.709999084472656,48.810001373291016,26210400
2014-11-14,41.811161041259766,49.58000183105469,50.04999923706055,49.38999938964844,49.7400016784668,29081700
2014-11-17,41.70996856689453,49.459999084472656,49.709999084472656,49.13999938964844,49.40999984741211,30318600
2014-11-18,41.362030029296875,48.7400016784668,49.33000183105469,48.70000076293945,49.130001068115234,23995500
2014-11-19,40.92073059082031,48.220001220703125,48.75,47.93000030517578,48.65999984741211,26177500
2014-11-20,41.32808303833008,48.70000076293945,48.70000076293945,47.869998931884766,48.0,21510600
2014-11-21,40.717071533203125,47.97999954223633,49.04999923706055,47.56999969482422,49.02000045776367,42884800
2014-11-24,40.3861083984375,47.59000015258789,48.0,47.38999938964844,47.9900016784668,35434200
2014-11-25,40.284278869628906,47.470001220703125,47.970001220703125,47.45000076293945,47.65999984741211,28008000
2014-11-26,40.521888732910156,47.75,47.9900016784668,47.279998779296875,47.4900016784668,27163600
2014-11-28,40.57280731201172,47.810001373291016,48.20000076293945,47.61000061035156,47.95000076293945,21534400
2014-12-01,41.260189056396484,48.619998931884766,48.779998779296875,47.709999084472656,47.880001068115234,31191600
2014-12-02,41.1244010925293,48.459999084472656,49.04999923706055,48.20000076293945,48.84000015258789,25773500
2014-12-03,40.80192184448242,48.08000183105469,48.5,47.810001373291016,48.439998626708984,23534800
2014-12-04,41.44688415527344,48.84000015258789,49.060001373291016,48.20000076293945,48.38999938964844,30320400
2014-12-05,41.0904655456543,48.41999816894531,48.970001220703125,48.380001068115234,48.81999969482422,27313400
2014-12-08,40.479454040527344,47.70000076293945,48.349998474121094,47.45000076293945,48.2599983215332,26663100
2014-12-09,40.3861083984375,47.59000015258789,47.91999816894531,47.04999923706055,47.11000061035156,24330500
2014-12-10,39.800559997558594,46.900001525878906,47.65999984741211,46.70000076293945,47.58000183105469,30431800
2014-12-11,40.029685974121094,47.16999816894531,47.7400016784668,46.68000030517578,47.08000183105469,29060400
2014-12-12,39.842979431152344,46.95000076293945,47.72999954223633,46.66999816894531,46.779998779296875,34248400
2014-12-15,39.605369567871094,46.66999816894531,47.66999816894531,46.54999923706055,47.20000076293945,29247800
2014-12-16,38.323951721191406,45.15999984741211,46.34000015258789,45.130001068115234,45.900001525878906,47801400
2014-12-17,38.81614303588867,45.7400016784668,45.95000076293945,44.900001525878906,45.04999923706055,34970900
2014-12-18,40.326698303222656,47.52000045776367,47.52000045776367,46.34000015258789,46.58000183105469,40105600
2014-12-19,40.44550323486328,47.65999984741211,48.099998474121094,47.16999816894531,47.630001068115234,64551200
2014-12-22,40.717071533203125,47.97999954223633,48.119998931884766,47.709999084472656,47.779998779296875,26566000
2014-12-23,41.115928649902344,48.45000076293945,48.79999923706055,48.130001068115234,48.369998931884766,23648100
2014-12-24,40.85284423828125,48.13999938964844,48.63999938964844,48.08000183105469,48.63999938964844,11437800
2014-12-26,40.632205963134766,47.880001068115234,48.40999984741211,47.81999969482422,48.40999984741211,13197800
2014-12-29,40.26729202270508,47.45000076293945,47.779998779296875,47.2599983215332,47.70000076293945,14439500
2014-12-30,39.90238571166992,47.02000045776367,47.619998931884766,46.84000015258789,47.439998626708984,16384700
2014-12-31,39.41866683959961,46.45000076293945,47.439998626708984,46.45000076293945,46.72999954223633,21552500
2015-01-02,39.68174362182617,46.7599983215332,47.41999816894531,46.540000915527344,46.65999984741211,27913900
2015-01-05,39.31684494018555,46.33000183105469,46.72999954223633,46.25,46.369998931884766,39673900
2015-01-06,38.73978042602539,45.650001525878906,46.75,45.540000915527344,46.380001068115234,36447900
2015-01-07,39.23196792602539,46.22999954223633,46.459999084472656,45.4900016784668,45.97999954223633,29114100
2015-01-08,40.3861083984375,47.59000015258789,47.75,46.720001220703125,46.75,29645200
2015-01-09,40.04665756225586,47.189998626708984,47.81999969482422,46.900001525878906,47.61000061035156,23944200
2015-01-12,39.54595184326172,46.599998474121094,47.540000915527344,46.36000061035156,47.41999816894531,23651900
2015-01-13,39.3422966003418,46.36000061035156,47.90999984741211,46.060001373291016,46.970001220703125,35270600
2015-01-14,39.002838134765625,45.959999084472656,46.2400016784668,45.619998931884766,45.959999084472656,29719600
2015-01-15,38.59549331665039,45.47999954223633,46.380001068115234,45.40999984741211,46.220001220703125,32750800
2015-01-16,39.24047088623047,46.2400016784668,46.279998779296875,45.16999816894531,45.310001373291016,35695300
2015-01-20,39.36774444580078,46.38999938964844,46.650001525878906,45.56999969482422,46.29999923706055,36161900
2015-01-21,38.96888732910156,45.91999816894531,46.13999938964844,45.47999954223633,45.939998626708984,39081100
2015-01-22,39.995731353759766,47.130001068115234,47.13999938964844,46.08000183105469,46.380001068115234,35898000
2015-01-23,40.03816223144531,47.18000030517578,47.38999938964844,46.79999923706055,47.36000061035156,26211600
2015-01-26,39.8939094543457,47.0099983215332,47.130001068115234,46.2400016784668,47.0,42525500
2015-01-27,36.20237731933594,42.65999984741211,43.20000076293945,42.11000061035156,42.95000076293945,169164000
2015-01-28,34.95488739013672,41.189998626708984,42.790000915527344,41.15999984741211,42.7400016784668,84507100
2015-01-29,35.65077209472656,42.0099983215332,42.119998931884766,40.790000915527344,40.93000030517578,63585300
2015-01-30,34.28448486328125,40.400001525878906,41.58000183105469,40.349998474121094,41.54999923706055,78004900
2015-02-02,35.03126907348633,41.279998779296875,41.369998931884766,40.22999954223633,40.59000015258789,50352500
2015-02-03,35.30284118652344,41.599998474121094,41.93000030517578,41.04999923706055,41.630001068115234,52082400
2015-02-04,35.506507873535156,41.84000015258789,42.209999084472656,41.36000061035156,41.939998626708984,41614800
2015-02-05,36.024147033691406,42.45000076293945,42.63999938964844,41.86000061035156,42.220001220703125,36548200
2015-02-06,35.9902229309082,42.40999984741211,42.790000915527344,42.150001525878906,42.68000030517578,34616600
2015-02-09,35.94778823852539,42.36000061035156,42.7400016784668,42.209999084472656,42.2400016784668,31381100
2015-02-10,36.151458740234375,42.599998474121094,42.77000045776367,42.18000030517578,42.7400016784668,29670700
2015-02-11,35.964759826660156,42.380001068115234,42.650001525878906,42.209999084472656,42.650001525878906,38262500
2015-02-12,36.567291259765625,43.09000015258789,43.09000015258789,42.5099983215332,42.65999984741211,33268800
2015-02-13,37.229209899902344,43.869998931884766,43.869998931884766,43.150001525878906,43.380001068115234,40264900
2015-02-17,37.24631881713867,43.58000183105469,44.0,43.189998626708984,43.970001220703125,33695700
2015-02-18,37.20356369018555,43.529998779296875,43.70000076293945,43.38999938964844,43.630001068115234,27111700
2015-02-19,37.17792892456055,43.5,43.529998779296875,43.04999923706055,43.18000030517578,27603400
2015-02-20,37.48561477661133,43.86000061035156,43.880001068115234,43.290000915527344,43.5099983215332,29721100
2015-02-23,37.73347091674805,44.150001525878906,44.189998626708984,43.650001525878906,43.70000076293945,32518800
2015-02-24,37.68218231201172,44.09000015258789,44.29999923706055,43.91999816894531,44.150001525878906,25271700
2015-02-25,37.59672164916992,43.9900016784668,44.09000015258789,43.79999923706055,43.95000076293945,29759800
2015-02-26,37.65654754638672,44.060001373291016,44.22999954223633,43.88999938964844,43.9900016784668,28957300
2015-02-27,37.4770622253418,43.849998474121094,44.20000076293945,43.65999984741211,44.130001068115234,33807700
2015-03-02,37.502708435058594,43.880001068115234,44.189998626708984,43.54999923706055,43.66999816894531,31924000
2015-03-03,36.98991012573242,43.279998779296875,43.83000183105469,43.09000015258789,43.560001373291016,31748600
2015-03-04,36.801883697509766,43.060001373291016,43.209999084472656,42.880001068115234,43.0099983215332,25748700
2015-03-05,36.84461975097656,43.11000061035156,43.2400016784668,42.81999969482422,43.06999969482422,23193500
2015-03-06,36.203617095947266,42.36000061035156,43.11000061035156,42.150001525878906,43.0,36248800
2015-03-09,36.62239074707031,42.849998474121094,43.130001068115234,42.189998626708984,42.189998626708984,32108000
2015-03-10,35.92156982421875,42.029998779296875,42.709999084472656,42.029998779296875,42.349998474121094,39159700
2015-03-11,35.87885284423828,41.97999954223633,42.369998931884766,41.84000015258789,42.310001373291016,32215300
2015-03-12,35.05836486816406,41.02000045776367,41.650001525878906,40.86000061035156,41.33000183105469,59992500
2015-03-13,35.366031646728516,41.380001068115234,41.470001220703125,40.61000061035156,40.70000076293945,58007700
2015-03-16,35.51988220214844,41.560001373291016,41.63999938964844,41.279998779296875,41.470001220703125,35273500
2015-03-17,35.63954544067383,41.70000076293945,41.83000183105469,41.150001525878906,41.369998931884766,31673400
2015-03-18,36.323272705078125,42.5,42.83000183105469,41.33000183105469,41.43000030517578,44194800
2015-03-19,36.14378356933594,42.290000915527344,42.59000015258789,42.220001220703125,42.2599983215332,33879100
2015-03-20,36.648040771484375,42.880001068115234,42.97999954223633,42.4900016784668,42.560001373291016,71904500
2015-03-23,36.63095474243164,42.86000061035156,43.130001068115234,42.779998779296875,42.880001068115234,26246100
2015-03-24,36.6651496887207,42.900001525878906,43.16999816894531,42.75,42.779998779296875,25513300
2015-03-25,35.434425354003906,41.459999084472656,42.93000030517578,41.439998626708984,42.91999816894531,43469900
2015-03-26,35.22074508666992,41.209999084472656,41.61000061035156,40.91999816894531,41.220001220703125,37495600
2015-03-27,35.015628814697266,40.970001220703125,41.43000030517578,40.83000183105469,41.119998931884766,34401400
2015-03-30,35.007080078125,40.959999084472656,41.540000915527344,40.90999984741211,41.099998474121094,35049700
2015-03-31,34.750694274902344,40.65999984741211,41.029998779296875,40.540000915527344,40.779998779296875,34887200
2015-04-01,34.80195617675781,40.720001220703125,40.7599983215332,40.310001373291016,40.599998474121094,36865300
2015-04-02,34.434452056884766,40.290000915527344,40.7400016784668,40.119998931884766,40.65999984741211,37487500
2015-04-06,35.51133728027344,41.54999923706055,41.779998779296875,40.18000030517578,40.34000015258789,39223700
2015-04-07,35.494224548339844,41.529998779296875,41.90999984741211,41.310001373291016,41.61000061035156,28809400
2015-04-08,35.40023422241211,41.41999816894531,41.689998626708984,41.040000915527344,41.459999084472656,24753400
2015-04-09,35.451507568359375,41.47999954223633,41.619998931884766,41.25,41.25,25723900
2015-04-10,35.65663146972656,41.720001220703125,41.95000076293945,41.40999984741211,41.630001068115234,28022000
2015-04-13,35.69081497192383,41.7599983215332,42.060001373291016,41.38999938964844,41.400001525878906,30276700
2015-04-14,35.596805572509766,41.650001525878906,42.029998779296875,41.38999938964844,41.79999923706055,24244400
2015-04-15,36.118141174316406,42.2599983215332,42.459999084472656,41.68000030517578,41.7599983215332,27343600
2015-04-16,36.03269577026367,42.15999984741211,42.34000015258789,41.81999969482422,41.95000076293945,22509700
2015-04-17,35.571170806884766,41.619998931884766,41.7400016784668,41.15999984741211,41.66999816894531,42387600
2015-04-20,36.67369079589844,42.90999984741211,43.16999816894531,41.68000030517578,41.72999954223633,46057700
2015-04-21,36.44291687011719,42.63999938964844,43.150001525878906,42.529998779296875,43.0,26013800
2015-04-22,36.74205017089844,42.9900016784668,43.130001068115234,42.54999923706055,42.66999816894531,25064300
2015-04-23,37.04118347167969,43.34000015258789,43.61000061035156,42.79999923706055,42.88999938964844,46309500
2015-04-24,40.912811279296875,47.869998931884766,48.13999938964844,45.650001525878906,45.65999984741211,130933700
2015-04-27,41.04957962036133,48.029998779296875,48.130001068115234,47.220001220703125,47.22999954223633,59248200
2015-04-28,42.01533508300781,49.15999984741211,49.209999084472656,47.70000076293945,47.779998779296875,60730800
2015-04-29,41.92988204956055,49.060001373291016,49.310001373291016,48.5,48.720001220703125,47804600
2015-04-30,41.57091522216797,48.63999938964844,49.540000915527344,48.599998474121094,48.70000076293945,64725500
2015-05-01,41.588008880615234,48.65999984741211,48.880001068115234,48.400001525878906,48.58000183105469,38937300
2015-05-04,41.22904968261719,48.2400016784668,48.869998931884766,48.18000030517578,48.369998931884766,34039500
2015-05-05,40.68205642700195,47.599998474121094,48.15999984741211,47.310001373291016,47.81999969482422,50369200
2015-05-06,39.55388259887695,46.279998779296875,47.77000045776367,46.02000045776367,47.56999969482422,52433000
2015-05-07,39.91286087036133,46.70000076293945,47.09000015258789,46.15999984741211,46.27000045776367,32971700
2015-05-08,40.81026077270508,47.75,47.97999954223633,47.52000045776367,47.54999923706055,35364900
2015-05-11,40.48548126220703,47.369998931884766,47.90999984741211,47.369998931884766,47.54999923706055,24609400
2015-05-12,40.4683952331543,47.349998474121094,47.68000030517578,46.41999816894531,46.849998474121094,29928300
2015-05-13,40.707698822021484,47.630001068115234,48.31999969482422,47.56999969482422,48.189998626708984,34184600
2015-05-14,41.63928985595703,48.720001220703125,48.81999969482422,48.029998779296875,48.029998779296875,32980900
2015-05-15,41.28032302856445,48.29999923706055,48.90999984741211,48.04999923706055,48.869998931884766,28642700
2015-05-18,41.032466888427734,48.0099983215332,48.220001220703125,47.61000061035156,47.97999954223633,24136500
2015-05-19,40.92926025390625,47.58000183105469,47.810001373291016,47.18000030517578,47.560001373291016,28574800
2015-05-20,40.92926025390625,47.58000183105469,47.93000030517578,47.27000045776367,47.38999938964844,25047900
2015-05-21,40.791603088378906,47.41999816894531,47.599998474121094,47.0099983215332,47.279998779296875,22410700
2015-05-22,40.34429931640625,46.900001525878906,47.349998474121094,46.81999969482422,47.29999923706055,25720600
2015-05-26,40.07762908935547,46.59000015258789,46.880001068115234,46.189998626708984,46.83000183105469,29581900
2015-05-27,40.95505142211914,47.61000061035156,47.77000045776367,46.619998931884766,46.81999969482422,27335600
2015-05-28,40.817420959472656,47.45000076293945,48.02000045776367,47.38999938964844,47.5,19283700
2015-05-29,40.30988693237305,46.86000061035156,47.56999969482422,46.59000015258789,47.43000030517578,36519600
2015-06-01,40.628170013427734,47.22999954223633,47.77000045776367,46.619998931884766,47.060001373291016,28837300
2015-06-02,40.36149215698242,46.91999816894531,47.349998474121094,46.619998931884766,46.93000030517578,21498300
2015-06-03,40.30128860473633,46.849998474121094,47.7400016784668,46.81999969482422,47.369998931884766,28002200
2015-06-04,39.8797721862793,46.36000061035156,47.15999984741211,46.20000076293945,46.790000915527344,27745500
2015-06-05,39.690521240234375,46.13999938964844,46.52000045776367,45.84000015258789,46.310001373291016,25438100
2015-06-08,39.33783721923828,45.72999954223633,46.43000030517578,45.66999816894531,46.29999923706055,22121600
2015-06-09,39.26902389526367,45.650001525878906,45.939998626708984,45.459999084472656,45.7599983215332,24406100
2015-06-10,40.094825744628906,46.61000061035156,46.83000183105469,45.689998626708984,45.790000915527344,28417400
2015-06-11,39.94859313964844,46.439998626708984,46.91999816894531,46.130001068115234,46.65999984741211,27347800
2015-06-12,39.544288635253906,45.970001220703125,46.470001220703125,45.900001525878906,46.220001220703125,23931000
2015-06-15,39.12279510498047,45.47999954223633,45.650001525878906,45.02000045776367,45.45000076293945,33254500
2015-06-16,39.423858642578125,45.83000183105469,46.2400016784668,45.29999923706055,45.349998474121094,27070300
2015-06-17,39.544288635253906,45.970001220703125,46.06999969482422,45.36000061035156,45.72999954223633,28704100
2015-06-18,40.189456939697266,46.720001220703125,46.79999923706055,46.16999816894531,46.220001220703125,32658300
2015-06-19,39.6561279296875,46.099998474121094,46.83000183105469,45.9900016784668,46.790000915527344,63837000
2015-06-22,39.767948150634766,46.22999954223633,46.720001220703125,46.15999984741211,46.33000183105469,20318100
2015-06-23,39.492671966552734,45.90999984741211,46.279998779296875,45.619998931884766,46.130001068115234,25896500
2015-06-24,39.26041030883789,45.63999938964844,46.25,45.54999923706055,45.66999816894531,34890900
2015-06-25,39.26902389526367,45.650001525878906,46.060001373291016,45.5,46.029998779296875,20616000
2015-06-26,38.93354415893555,45.2599983215332,46.279998779296875,45.029998779296875,45.650001525878906,49835300
2015-06-29,38.167930603027344,44.369998931884766,45.22999954223633,44.36000061035156,45.040000915527344,34081700
2015-06-30,37.97868728637695,44.150001525878906,44.720001220703125,43.939998626708984,44.709999084472656,35945400
2015-07-01,38.23676681518555,44.45000076293945,45.22999954223633,44.099998474121094,44.459999084472656,28343900
2015-07-02,38.19374084472656,44.400001525878906,44.75,44.060001373291016,44.47999954223633,21752000
2015-07-06,38.18513488769531,44.38999938964844,44.47999954223633,43.95000076293945,43.959999084472656,23034000
2015-07-07,38.10773468017578,44.29999923706055,44.4900016784668,43.31999969482422,44.34000015258789,36435800
2015-07-08,38.05611801147461,44.2400016784668,44.900001525878906,44.029998779296875,44.439998626708984,39785900
2015-07-09,38.296974182128906,44.52000045776367,45.220001220703125,44.5,44.75,32424700
2015-07-10,38.374393463134766,44.61000061035156,45.13999938964844,44.56999969482422,45.0099983215332,25465800
2015-07-13,39.174400329589844,45.540000915527344,45.619998931884766,44.95000076293945,44.97999954223633,28178300
2015-07-14,39.243202209472656,45.619998931884766,45.959999084472656,45.310001373291016,45.45000076293945,22880300
2015-07-15,39.3636474609375,45.7599983215332,45.88999938964844,45.43000030517578,45.68000030517578,26629600
2015-07-16,40.13784408569336,46.65999984741211,46.689998626708984,45.970001220703125,46.0099983215332,26271700
2015-07-17,40.10343551635742,46.619998931884766,46.779998779296875,46.2599983215332,46.54999923706055,29467100
2015-07-20,40.36149215698242,46.91999816894531,47.130001068115234,46.439998626708984,46.650001525878906,30631900
2015-07-21,40.671180725097656,47.279998779296875,47.33000183105469,46.47999954223633,46.779998779296875,42781900
2015-07-22,39.174400329589844,45.540000915527344,46.93000030517578,45.20000076293945,45.439998626708984,59152400
2015-07-23,39.664730072021484,46.11000061035156,46.22999954223633,45.099998474121094,45.27000045776367,33934000
2015-07-24,39.51848602294922,45.939998626708984,46.31999969482422,45.79999923706055,45.90999984741211,32333200
2015-07-27,39.010955810546875,45.349998474121094,46.0099983215332,45.25,45.939998626708984,39701400
2015-07-28,39.002349853515625,45.34000015258789,45.63999938964844,44.790000915527344,45.58000183105469,34328900
2015-07-29,39.819557189941406,46.290000915527344,46.779998779296875,45.2599983215332,45.400001525878906,40945900
2015-07-30,40.327083587646484,46.880001068115234,47.400001525878906,45.93000030517578,46.2599983215332,39777900
2015-07-31,40.1722526550293,46.70000076293945,47.369998931884766,46.5,47.290000915527344,31201500
2015-08-03,40.26688003540039,46.810001373291016,47.0,46.45000076293945,46.97999954223633,24125900
2015-08-04,40.894832611083984,47.540000915527344,47.709999084472656,46.68000030517578,46.75,33403900
2015-08-05,40.92926025390625,47.58000183105469,48.40999984741211,47.540000915527344,47.97999954223633,26959700
2015-08-06,40.10343551635742,46.619998931884766,47.77000045776367,46.33000183105469,47.709999084472656,27368000
2015-08-07,40.206668853759766,46.7400016784668,46.779998779296875,46.2599983215332,46.38999938964844,19163000
2015-08-10,40.714195251464844,47.33000183105469,47.4900016784668,46.84000015258789,46.95000076293945,23079900
2015-08-11,39.92278289794922,46.40999984741211,46.939998626708984,45.900001525878906,46.81999969482422,29237400
2015-08-12,40.206668853759766,46.7400016784668,46.900001525878906,45.709999084472656,46.189998626708984,30181400
2015-08-13,40.198055267333984,46.72999954223633,47.099998474121094,46.4900016784668,47.060001373291016,22627200
2015-08-14,40.43031692504883,47.0,47.099998474121094,46.52000045776367,46.529998779296875,21473400
2015-08-17,40.70558166503906,47.31999969482422,47.45000076293945,46.56999969482422,46.810001373291016,21099700
2015-08-18,40.93071746826172,47.27000045776367,47.43000030517578,46.70000076293945,46.84000015258789,23574100
2015-08-19,40.35923385620117,46.61000061035156,47.08000183105469,46.29999923706055,46.779998779296875,31485500
2015-08-20,39.5366325378418,45.65999984741211,46.470001220703125,45.65999984741211,46.06999969482422,36238200
2015-08-21,37.2939567565918,43.06999969482422,45.47999954223633,43.06999969482422,45.29999923706055,70053100
2015-08-24,36.090389251708984,41.68000030517578,42.689998626708984,39.720001220703125,40.45000076293945,88753700
2015-08-25,35.04266357421875,40.470001220703125,43.2400016784668,40.38999938964844,42.56999969482422,70616600
2015-08-26,36.98223876953125,42.709999084472656,42.84000015258789,41.060001373291016,42.0099983215332,63408000
2015-08-27,38.012672424316406,43.900001525878906,43.95000076293945,42.93000030517578,43.22999954223633,50943200
2015-08-28,38.03862380981445,43.93000030517578,44.150001525878906,43.38999938964844,43.400001525878906,28246700
2015-08-31,37.68362808227539,43.52000045776367,43.93000030517578,43.099998474121094,43.560001373291016,34441700
2015-09-01,36.21160125732422,41.81999969482422,42.59000015258789,41.65999984741211,42.16999816894531,49688900
2015-09-02,37.54508590698242,43.36000061035156,43.380001068115234,41.880001068115234,42.36000061035156,37671500
2015-09-03,37.66630554199219,43.5,43.97999954223633,43.279998779296875,43.40999984741211,28285200
2015-09-04,36.895652770996094,42.61000061035156,43.040000915527344,42.20000076293945,42.810001373291016,37138800
2015-09-08,38.00400161743164,43.88999938964844,44.0,43.20000076293945,43.29999923706055,32469800
2015-09-09,37.2939567565918,43.06999969482422,44.400001525878906,42.90999984741211,44.209999084472656,33469500
2015-09-10,37.48447036743164,43.290000915527344,43.790000915527344,42.75,43.119998931884766,31366600
2015-09-11,37.64899826049805,43.47999954223633,43.59000015258789,42.939998626708984,43.13999938964844,27132500
2015-09-14,37.26799774169922,43.040000915527344,43.439998626708984,42.86000061035156,43.43000030517578,23656000
2015-09-15,38.08192825317383,43.97999954223633,44.290000915527344,43.08000183105469,43.189998626708984,28882200
2015-09-16,38.35902786254883,44.29999923706055,44.380001068115234,43.84000015258789,43.970001220703125,23372200
2015-09-17,38.31572341918945,44.25,45.0,44.08000183105469,44.290000915527344,32768200
2015-09-18,37.64899826049805,43.47999954223633,43.9900016784668,43.33000183105469,43.5,63143700
2015-09-21,38.194496154785156,44.11000061035156,44.470001220703125,43.599998474121094,43.619998931884766,26177200
2015-09-22,38.012672424316406,43.900001525878906,44.04999923706055,43.310001373291016,43.380001068115234,28085900
2015-09-23,37.98667907714844,43.869998931884766,44.16999816894531,43.5099983215332,43.93000030517578,17145200
2015-09-24,38.02131271362305,43.90999984741211,44.130001068115234,43.27000045776367,43.45000076293945,27905600
2015-09-25,38.04730224609375,43.939998626708984,44.72999954223633,43.7599983215332,44.47999954223633,29384600
2015-09-28,37.48447036743164,43.290000915527344,44.09000015258789,43.209999084472656,43.83000183105469,27613800
2015-09-29,37.614349365234375,43.439998626708984,43.56999969482422,43.04999923706055,43.369998931884766,32763600
2015-09-30,38.32438278198242,44.2599983215332,44.29999923706055,43.65999984741211,43.880001068115234,34958900
2015-10-01,38.62744140625,44.61000061035156,44.75,43.75,44.75,28657900
2015-10-02,39.458709716796875,45.56999969482422,45.56999969482422,43.91999816894531,44.27000045776367,41839000
2015-10-05,40.376556396484375,46.630001068115234,46.88999938964844,45.70000076293945,45.75,34369300
2015-10-06,40.48044967651367,46.75,47.18000030517578,46.220001220703125,46.33000183105469,27017200
2015-10-07,40.52374267578125,46.79999923706055,47.349998474121094,45.95000076293945,47.099998474121094,27711500
2015-10-08,41.086578369140625,47.45000076293945,47.52000045776367,46.5,46.560001373291016,33772700
2015-10-09,40.79217529296875,47.11000061035156,47.540000915527344,46.91999816894531,47.45000076293945,28600600
2015-10-12,40.69692611694336,47.0,47.06999969482422,46.5,46.97999954223633,19769100
2015-10-13,40.60167694091797,46.88999938964844,47.130001068115234,46.560001373291016,46.560001373291016,19987800
2015-10-14,40.41984176635742,46.68000030517578,47.099998474121094,46.529998779296875,46.650001525878906,24697800
2015-10-15,40.705589294433594,47.0099983215332,47.029998779296875,46.529998779296875,47.0099983215332,27189400
2015-10-16,41.13853454589844,47.5099983215332,47.540000915527344,46.900001525878906,47.02000045776367,26450300
2015-10-19,41.23378372192383,47.619998931884766,47.880001068115234,47.02000045776367,47.41999816894531,29387600
2015-10-20,41.363670349121094,47.77000045776367,47.810001373291016,47.02000045776367,47.439998626708984,30802200
2015-10-21,40.87010192871094,47.20000076293945,47.9900016784668,47.11000061035156,47.91999816894531,25144300
2015-10-22,41.58879089355469,48.029998779296875,48.95000076293945,47.09000015258789,47.529998779296875,56637100
2015-10-23,45.779720306396484,52.869998931884766,54.06999969482422,52.25,52.29999923706055,135227100
2015-10-26,46.97465896606445,54.25,54.31999969482422,52.5,52.529998779296875,64633300
2015-10-27,46.48975372314453,53.689998626708984,54.369998931884766,53.58000183105469,53.9900016784668,50999900
2015-10-28,46.7408561706543,53.97999954223633,53.97999954223633,52.86000061035156,53.540000915527344,47000800
2015-10-29,46.20400619506836,53.36000061035156,53.83000183105469,53.220001220703125,53.540000915527344,30202100
2015-10-30,45.58055877685547,52.63999938964844,53.9900016784668,52.619998931884766,53.31999969482422,46619800
2015-11-02,46.10009002685547,53.2400016784668,53.36000061035156,52.619998931884766,52.849998474121094,30285000
2015-11-03,46.88804244995117,54.150001525878906,54.38999938964844,52.900001525878906,52.93000030517578,36596900
2015-11-04,47.10453414916992,54.400001525878906,54.880001068115234,54.060001373291016,54.18000030517578,37087800
2015-11-05,47.08721923828125,54.380001068115234,54.70000076293945,54.0,54.4900016784668,31468500
2015-11-06,47.554786682128906,54.91999816894531,54.97999954223633,53.959999084472656,54.09000015258789,32851200
2015-11-09,46.89671325683594,54.15999984741211,54.869998931884766,53.560001373291016,54.54999923706055,32513100
2015-11-10,46.33388137817383,53.5099983215332,54.130001068115234,53.27000045776367,54.06999969482422,55283700
2015-11-11,46.455101013183594,53.650001525878906,54.20000076293945,53.459999084472656,53.70000076293945,36516300
2015-11-12,46.16936492919922,53.31999969482422,53.97999954223633,53.189998626708984,53.47999954223633,35361100
2015-11-13,45.75373077392578,52.84000015258789,53.290000915527344,52.529998779296875,53.06999969482422,36848200
2015-11-16,46.55902099609375,53.77000045776367,53.88999938964844,52.849998474121094,53.08000183105469,32165200
2015-11-17,46.17546844482422,52.970001220703125,53.529998779296875,52.849998474121094,53.16999816894531,31551300
2015-11-18,46.94255828857422,53.849998474121094,53.97999954223633,52.97999954223633,53.0,29710000
2015-11-19,47.02103042602539,53.939998626708984,54.65999984741211,53.779998779296875,53.9900016784668,28149200
2015-11-20,47.23896408081055,54.189998626708984,54.29999923706055,53.27000045776367,54.25,37147600
2015-11-23,47.23896408081055,54.189998626708984,54.459999084472656,53.75,54.25,28235900
2015-11-24,47.29126739501953,54.25,54.439998626708984,53.58000183105469,53.91999816894531,24600000
2015-11-25,46.80310821533203,53.689998626708984,54.22999954223633,53.689998626708984,54.09000015258789,21005100
2015-11-27,47.01231384277344,53.93000030517578,54.08000183105469,53.790000915527344,53.79999923706055,9009100
2015-11-30,47.37845230102539,54.349998474121094,54.959999084472656,54.0,54.540000915527344,56241400
2015-12-01,48.1368293762207,55.220001220703125,55.22999954223633,54.29999923706055,54.40999984741211,39952800
2015-12-02,48.12813186645508,55.209999084472656,55.959999084472656,55.060001373291016,55.31999969482422,47274900
2015-12-03,47.24768829345703,54.20000076293945,55.77000045776367,53.93000030517578,55.4900016784668,38627800
2015-12-04,48.73834228515625,55.90999984741211,56.22999954223633,54.099998474121094,54.119998931884766,43963700
2015-12-07,48.65117645263672,55.810001373291016,55.970001220703125,55.290000915527344,55.790000915527344,30709800
2015-12-08,48.633731842041016,55.790000915527344,56.099998474121094,54.9900016784668,55.470001220703125,32878000
2015-12-09,47.92762756347656,54.97999954223633,55.869998931884766,54.5099983215332,55.369998931884766,36373200
2015-12-10,48.18043899536133,55.27000045776367,55.65999984741211,55.0099983215332,55.38999938964844,31775800
2015-12-11,47.12565231323242,54.060001373291016,55.099998474121094,54.0099983215332,54.709999084472656,39549500
2015-12-14,48.067100524902344,55.13999938964844,55.209999084472656,53.68000030517578,54.33000183105469,46768900
2015-12-15,48.119422912597656,55.20000076293945,55.900001525878906,55.09000015258789,55.65999984741211,39843000
2015-12-16,48.93012237548828,56.130001068115234,56.25,54.7599983215332,55.540000915527344,37503300
2015-12-17,48.5552864074707,55.70000076293945,56.790000915527344,55.529998779296875,56.36000061035156,41280900
2015-12-18,47.18666076660156,54.130001068115234,56.0,54.029998779296875,55.77000045776367,84684200
2015-12-21,47.79689025878906,54.83000183105469,55.349998474121094,54.22999954223633,54.880001068115234,37246300
2015-12-22,48.25017166137695,55.349998474121094,55.47999954223633,54.5,54.9900016784668,28322200
2015-12-23,48.659889221191406,55.81999969482422,55.880001068115234,55.439998626708984,55.70000076293945,27279800
2015-12-24,48.52911376953125,55.66999816894531,55.959999084472656,55.43000030517578,55.86000061035156,9558500
2015-12-28,48.77320861816406,55.95000076293945,55.95000076293945,54.97999954223633,55.349998474121094,22458300
2015-12-29,49.29625701904297,56.54999923706055,56.849998474121094,56.060001373291016,56.290000915527344,27731400
2015-12-30,49.087032318115234,56.310001373291016,56.779998779296875,56.290000915527344,56.470001220703125,21704500
2015-12-31,48.363494873046875,55.47999954223633,56.189998626708984,55.41999816894531,56.040000915527344,27334100
2016-01-04,47.770721435546875,54.79999923706055,54.79999923706055,53.38999938964844,54.31999969482422,53778000
2016-01-05,47.98866271972656,55.04999923706055,55.38999938964844,54.540000915527344,54.93000030517578,34079700
2016-01-06,47.1169319152832,54.04999923706055,54.400001525878906,53.63999938964844,54.31999969482422,39518900
2016-01-07,45.47807312011719,52.16999816894531,53.4900016784668,52.06999969482422,52.70000076293945,56564900
2016-01-08,45.6175651550293,52.33000183105469,53.279998779296875,52.150001525878906,52.369998931884766,48754000
2016-01-11,45.59139633178711,52.29999923706055,52.849998474121094,51.459999084472656,52.5099983215332,36943800
2016-01-12,46.009830474853516,52.779998779296875,53.099998474121094,52.060001373291016,52.7599983215332,36095500
2016-01-13,45.01606369018555,51.63999938964844,54.06999969482422,51.29999923706055,53.79999923706055,66883600
2016-01-14,46.2974967956543,53.11000061035156,53.41999816894531,51.56999969482422,52.0,52381900
2016-01-15,44.449432373046875,50.9900016784668,51.970001220703125,50.34000015258789,51.310001373291016,71820700
2016-01-19,44.07460021972656,50.560001373291016,51.68000030517578,50.060001373291016,51.47999954223633,43564500
2016-01-20,44.27509307861328,50.790000915527344,51.380001068115234,49.099998474121094,49.97999954223633,63273000
2016-01-21,44.00485610961914,50.47999954223633,51.58000183105469,50.29999923706055,51.0,40191200
2016-01-22,45.58269500732422,52.290000915527344,52.33000183105469,51.2599983215332,51.40999984741211,37555800
2016-01-25,45.14683151245117,51.790000915527344,52.650001525878906,51.650001525878906,51.939998626708984,34707700
2016-01-26,45.47807312011719,52.16999816894531,52.439998626708984,51.54999923706055,51.790000915527344,28900800
2016-01-27,44.649940490722656,51.220001220703125,52.20000076293945,51.02000045776367,52.0099983215332,36775200
2016-01-28,45.38218307495117,52.060001373291016,52.209999084472656,51.25,51.86000061035156,62513800
2016-01-29,48.023529052734375,55.09000015258789,55.09000015258789,54.0,54.72999954223633,83611700
2016-02-01,47.692264556884766,54.709999084472656,55.09000015258789,54.5,54.880001068115234,44208500
2016-02-02,46.20160675048828,53.0,54.2599983215332,52.650001525878906,54.16999816894531,56313800
2016-02-03,45.469364166259766,52.15999984741211,53.38999938964844,51.2599983215332,53.25,57559800
2016-02-04,45.32987976074219,52.0,52.810001373291016,51.369998931884766,52.099998474121094,46987100
2016-02-05,43.72590255737305,50.15999984741211,52.0,49.560001373291016,51.939998626708984,62009000
2016-02-08,43.07210159301758,49.40999984741211,49.56999969482422,48.189998626708984,49.54999923706055,59290500
2016-02-09,42.958778381347656,49.279998779296875,50.2400016784668,48.66999816894531,49.02000045776367,46740500
2016-02-10,43.333621978759766,49.709999084472656,50.38999938964844,49.52000045776367,49.88999938964844,38237000
2016-02-11,43.31618881225586,49.689998626708984,50.11000061035156,48.5099983215332,48.68000030517578,48878600
2016-02-12,44.022300720214844,50.5,50.68000030517578,49.75,50.25,34243300
2016-02-16,44.85638427734375,51.09000015258789,51.09000015258789,50.130001068115234,50.900001525878906,37291200
2016-02-17,46.024112701416016,52.41999816894531,52.77000045776367,51.45000076293945,51.4900016784668,40789000
2016-02-18,45.82215881347656,52.189998626708984,52.95000076293945,52.099998474121094,52.33000183105469,27176000
2016-02-19,45.49729919433594,51.81999969482422,52.279998779296875,51.529998779296875,51.970001220703125,33559100
2016-02-22,46.226036071777344,52.650001525878906,53.0,52.279998779296875,52.279998779296875,25008300
2016-02-23,44.935394287109375,51.18000030517578,52.369998931884766,50.97999954223633,52.34000015258789,28895300
2016-02-24,45.09343719482422,51.36000061035156,51.5,50.20000076293945,50.689998626708984,33014500
2016-02-25,45.743141174316406,52.099998474121094,52.099998474121094,50.61000061035156,51.72999954223633,26939500
2016-02-26,45.04075241088867,51.29999923706055,52.68000030517578,51.099998474121094,52.599998474121094,35975900
2016-02-29,44.671993255615234,50.880001068115234,51.650001525878906,50.65999984741211,51.349998474121094,31654000
2016-03-01,46.16457748413086,52.58000183105469,52.59000015258789,50.91999816894531,50.970001220703125,33024500
2016-03-02,46.48942947387695,52.95000076293945,52.959999084472656,52.15999984741211,52.40999984741211,29289900
2016-03-03,45.96263885498047,52.349998474121094,52.970001220703125,51.779998779296875,52.970001220703125,24427800
2016-03-04,45.68168258666992,52.029998779296875,52.45000076293945,51.709999084472656,52.400001525878906,33034200
2016-03-07,44.8036994934082,51.029998779296875,51.79999923706055,50.58000183105469,51.560001373291016,38407800
2016-03-08,45.348052978515625,51.650001525878906,52.130001068115234,50.599998474121094,50.79999923706055,33835100
2016-03-09,46.392852783203125,52.84000015258789,52.849998474121094,51.86000061035156,51.88999938964844,28251600
2016-03-10,45.69923782348633,52.04999923706055,52.939998626708984,51.15999984741211,52.93000030517578,38387800
2016-03-11,46.59478759765625,53.06999969482422,53.06999969482422,52.380001068115234,53.0,32275700
2016-03-14,46.682586669921875,53.16999816894531,53.59000015258789,52.630001068115234,52.709999084472656,24083600
2016-03-15,47.05134582519531,53.59000015258789,53.59000015258789,52.7400016784668,52.75,21104800
2016-03-16,47.718624114990234,54.349998474121094,54.599998474121094,53.400001525878906,53.45000076293945,31691700
2016-03-17,47.99079895019531,54.65999984741211,55.0,54.0,54.209999084472656,28223900
2016-03-18,46.96355056762695,53.4900016784668,54.970001220703125,53.45000076293945,54.91999816894531,67625500
2016-03-21,47.28841018676758,53.86000061035156,53.93000030517578,52.93000030517578,53.25,23925700
2016-03-22,47.472774505615234,54.06999969482422,54.25,53.459999084472656,53.61000061035156,23124100
2016-03-23,47.384979248046875,53.970001220703125,54.2400016784668,53.7400016784668,54.11000061035156,20129000
2016-03-24,47.595706939697266,54.209999084472656,54.33000183105469,53.72999954223633,53.84000015258789,19950000
2016-03-28,47.007450103759766,53.540000915527344,54.290000915527344,53.33000183105469,54.209999084472656,17025100
2016-03-29,48.03468322753906,54.709999084472656,54.86000061035156,53.45000076293945,53.65999984741211,23924300
2016-03-30,48.33320236206055,55.04999923706055,55.63999938964844,54.900001525878906,54.93000030517578,23008300
2016-03-31,48.49124526977539,55.22999954223633,55.59000015258789,54.86000061035156,54.95000076293945,26360500
2016-04-01,48.789772033691406,55.56999969482422,55.61000061035156,54.56999969482422,55.04999923706055,24399200
2016-04-04,48.666839599609375,55.43000030517578,55.65999984741211,55.0,55.43000030517578,18928800
2016-04-05,47.902992248535156,54.560001373291016,55.29999923706055,54.459999084472656,55.189998626708984,19272300
2016-04-06,48.39466857910156,55.119998931884766,55.20000076293945,54.209999084472656,54.36000061035156,21188700
2016-04-07,47.8151969909668,54.459999084472656,54.90999984741211,54.22999954223633,54.869998931884766,19225100
2016-04-08,47.78007888793945,54.41999816894531,55.279998779296875,54.31999969482422,54.66999816894531,22167200
2016-04-11,47.68349838256836,54.310001373291016,55.150001525878906,54.29999923706055,54.4900016784668,21414200
2016-04-12,47.982017517089844,54.650001525878906,54.779998779296875,53.7599983215332,54.369998931884766,24944300
2016-04-13,48.59659957885742,55.349998474121094,55.439998626708984,54.88999938964844,55.119998931884766,20818000
2016-04-14,48.60538864135742,55.36000061035156,55.58000183105469,55.06999969482422,55.220001220703125,20877100
2016-04-15,48.86001205444336,55.650001525878906,55.91999816894531,55.11000061035156,55.29999923706055,28793800
2016-04-18,49.5711669921875,56.459999084472656,56.59000015258789,55.209999084472656,55.4900016784668,23786000
2016-04-19,49.509700775146484,56.38999938964844,56.77000045776367,55.68000030517578,56.630001068115234,29596800
2016-04-20,48.80733108520508,55.59000015258789,56.5,55.4900016784668,56.290000915527344,36195700
2016-04-21,48.97413635253906,55.779998779296875,56.22999954223633,55.41999816894531,55.79999923706055,38909100
2016-04-22,45.46220016479492,51.779998779296875,52.43000030517578,50.77000045776367,51.90999984741211,126834100
2016-04-25,45.75191879272461,52.11000061035156,52.130001068115234,51.630001068115234,51.779998779296875,33226900
2016-04-26,45.16366958618164,51.439998626708984,52.349998474121094,51.09000015258789,52.2599983215332,33532600
2016-04-27,44.72467803955078,50.939998626708984,51.5,50.54999923706055,51.47999954223633,43369300
2016-04-28,43.81157302856445,49.900001525878906,50.77000045776367,49.560001373291016,50.619998931884766,43134800
2016-04-29,43.78522491455078,49.869998931884766,50.25,49.349998474121094,49.349998474121094,48411700
2016-05-02,44.43494415283203,50.61000061035156,50.75,49.779998779296875,50.0,33114500
2016-05-03,43.70620346069336,49.779998779296875,50.40999984741211,49.599998474121094,50.34000015258789,26460200
2016-05-04,43.78522491455078,49.869998931884766,50.060001373291016,49.459999084472656,49.84000015258789,24257600
2016-05-05,43.84669494628906,49.939998626708984,50.29999923706055,49.72999954223633,49.869998931884766,25390700
2016-05-06,44.241790771484375,50.38999938964844,50.38999938964844,49.65999984741211,49.91999816894531,24787300
2016-05-09,43.960838317871094,50.06999969482422,50.59000015258789,50.0,50.4900016784668,17951600
2016-05-10,44.79491424560547,51.02000045776367,51.099998474121094,50.189998626708984,50.33000183105469,22891000
2016-05-11,44.821266174316406,51.04999923706055,51.779998779296875,51.0,51.130001068115234,24039100
2016-05-12,45.22513961791992,51.5099983215332,51.810001373291016,50.91999816894531,51.20000076293945,24102800
2016-05-13,44.84760284423828,51.08000183105469,51.900001525878906,51.040000915527344,51.439998626708984,22592300
2016-05-16,45.50608825683594,51.83000183105469,51.959999084472656,50.75,50.79999923706055,20032000
2016-05-17,44.65732192993164,50.5099983215332,51.72999954223633,50.36000061035156,51.720001220703125,27803500
2016-05-18,44.92256164550781,50.810001373291016,51.13999938964844,50.29999923706055,50.47999954223633,24907500
2016-05-19,44.489341735839844,50.31999969482422,50.619998931884766,49.81999969482422,50.470001220703125,23842400
2016-05-20,44.754581451416016,50.619998931884766,51.220001220703125,50.400001525878906,50.47999954223633,23905800
2016-05-23,44.232940673828125,50.029998779296875,50.68000030517578,49.97999954223633,50.599998474121094,26118700
2016-05-24,45.6121826171875,51.59000015258789,51.709999084472656,50.400001525878906,50.70000076293945,34757900
2016-05-25,46.08076095581055,52.119998931884766,52.4900016784668,51.790000915527344,51.91999816894531,24040200
2016-05-26,45.87741470336914,51.88999938964844,51.97999954223633,51.36000061035156,51.93000030517578,24335200
2016-05-27,46.257598876953125,52.31999969482422,52.31999969482422,51.77000045776367,51.91999816894531,17721400
2016-05-31,46.85879898071289,53.0,53.0,52.08000183105469,52.2599983215332,37653100
2016-06-01,46.72618865966797,52.849998474121094,52.95000076293945,52.439998626708984,52.439998626708984,25324800
2016-06-02,46.399051666259766,52.47999954223633,52.7400016784668,51.84000015258789,52.63999938964844,22840800
2016-06-03,45.78900909423828,51.790000915527344,52.41999816894531,51.599998474121094,52.380001068115234,23368300
2016-06-06,46.0896110534668,52.130001068115234,52.349998474121094,51.88999938964844,51.9900016784668,18243300
2016-06-07,46.06309509277344,52.099998474121094,52.72999954223633,52.099998474121094,52.2400016784668,20866800
2016-06-08,46.01004409790039,52.040000915527344,52.439998626708984,51.869998931884766,52.02000045776367,21149400
2016-06-09,45.638702392578125,51.619998931884766,52.0,51.4900016784668,52.0,20305700
2016-06-10,45.51493835449219,51.47999954223633,52.04999923706055,51.040000915527344,51.04999923706055,25833200
2016-06-13,44.330204010009766,50.13999938964844,50.720001220703125,49.060001373291016,49.58000183105469,83217800
2016-06-14,44.056121826171875,49.83000183105469,50.099998474121094,49.56999969482422,49.900001525878906,42577100
2016-06-15,43.93232727050781,49.689998626708984,50.119998931884766,49.689998626708984,49.779998779296875,33757600
2016-06-16,44.55122756958008,50.38999938964844,50.470001220703125,49.5099983215332,49.52000045776367,31188600
2016-06-17,44.32135772705078,50.130001068115234,50.43000030517578,49.81999969482422,50.40999984741211,45710500
2016-06-20,44.2682991027832,50.06999969482422,50.83000183105469,50.029998779296875,50.63999938964844,35607900
2016-06-21,45.25853729248047,51.189998626708984,51.43000030517578,50.15999984741211,50.20000076293945,34097800
2016-06-22,45.081703186035156,50.9900016784668,51.459999084472656,50.95000076293945,51.08000183105469,28816800
2016-06-23,45.89509963989258,51.90999984741211,52.060001373291016,51.150001525878906,51.279998779296875,29028800
2016-06-24,44.056121826171875,49.83000183105469,50.939998626708984,49.52000045776367,49.810001373291016,133503000
2016-06-27,42.81833267211914,48.43000030517578,49.150001525878906,48.040000915527344,49.099998474121094,50216300
2016-06-28,43.711307525634766,49.439998626708984,49.470001220703125,48.66999816894531,48.91999816894531,38140700
2016-06-29,44.68385696411133,50.540000915527344,50.720001220703125,49.79999923706055,49.90999984741211,31304000
2016-06-30,45.24083709716797,51.16999816894531,51.29999923706055,50.5,50.720001220703125,28527800
2016-07-01,45.232017517089844,51.15999984741211,51.720001220703125,51.06999969482422,51.130001068115234,21400400
2016-07-05,45.24083709716797,51.16999816894531,51.279998779296875,50.7400016784668,50.83000183105469,24806400
2016-07-06,45.4265251159668,51.380001068115234,51.540000915527344,50.38999938964844,50.779998779296875,28167500
2016-07-07,45.4265251159668,51.380001068115234,51.61000061035156,51.06999969482422,51.41999816894531,19585200
2016-07-08,46.239898681640625,52.29999923706055,52.36000061035156,51.54999923706055,51.72999954223633,28391000
2016-07-11,46.49630355834961,52.59000015258789,52.83000183105469,52.470001220703125,52.5,22269200
2016-07-12,47.044464111328125,53.209999084472656,53.400001525878906,52.790000915527344,52.939998626708984,27317600
2016-07-13,47.30971145629883,53.5099983215332,53.86000061035156,53.18000030517578,53.560001373291016,25356800
2016-07-14,47.51305389404297,53.7400016784668,53.9900016784668,53.58000183105469,53.84000015258789,24545500
2016-07-15,47.47770690917969,53.70000076293945,54.0,53.209999084472656,53.95000076293945,32024400
2016-07-18,47.70756912231445,53.959999084472656,54.34000015258789,53.54999923706055,53.70000076293945,31433900
2016-07-19,46.938377380371094,53.09000015258789,53.900001525878906,52.93000030517578,53.709999084472656,53336500
2016-07-20,49.43160629272461,55.90999984741211,56.84000015258789,55.529998779296875,56.150001525878906,89893300
2016-07-21,49.33435821533203,55.79999923706055,56.22999954223633,55.7599983215332,55.97999954223633,32776700
2016-07-22,50.01513671875,56.56999969482422,56.630001068115234,55.779998779296875,56.08000183105469,32157200
2016-07-25,50.1566047668457,56.72999954223633,56.7400016784668,56.2599983215332,56.470001220703125,25610600
2016-07-26,50.18312454223633,56.7599983215332,57.290000915527344,56.5099983215332,56.52000045776367,28079000
2016-07-27,49.67917251586914,56.189998626708984,56.79999923706055,56.11000061035156,56.61000061035156,32327500
2016-07-28,49.69685745239258,56.209999084472656,56.369998931884766,55.720001220703125,56.0,37550400
2016-07-29,50.11240005493164,56.68000030517578,56.7599983215332,56.04999923706055,56.2599983215332,30558700
2016-08-01,50.023983001708984,56.58000183105469,56.75,56.13999938964844,56.599998474121094,26003400
2016-08-02,50.023983001708984,56.58000183105469,56.900001525878906,56.310001373291016,56.849998474121094,35122000
2016-08-03,50.36880111694336,56.970001220703125,57.11000061035156,56.4900016784668,56.68000030517578,22075600
2016-08-04,50.74013137817383,57.38999938964844,57.52000045776367,56.66999816894531,56.79999923706055,26587700
2016-08-05,51.24407196044922,57.959999084472656,58.209999084472656,57.45000076293945,57.650001525878906,29335200
2016-08-08,51.332496643066406,58.060001373291016,58.09000015258789,57.779998779296875,58.060001373291016,19473500
2016-08-09,51.456268310546875,58.20000076293945,58.5,58.02000045776367,58.16999816894531,16920700
2016-08-10,51.29712677001953,58.02000045776367,58.31999969482422,57.81999969482422,58.15999984741211,15756900
2016-08-11,51.544681549072266,58.29999923706055,58.45000076293945,58.029998779296875,58.029998779296875,18162300
2016-08-12,51.22639846801758,57.939998626708984,58.189998626708984,57.619998931884766,58.029998779296875,21655200
2016-08-15,51.385562896728516,58.119998931884766,58.5,57.959999084472656,58.0099983215332,19283900
2016-08-16,51.100860595703125,57.439998626708984,57.619998931884766,57.27000045776367,57.61000061035156,20523500
2016-08-17,51.20760726928711,57.560001373291016,57.68000030517578,57.22999954223633,57.540000915527344,18856400
2016-08-18,51.24319076538086,57.599998474121094,57.70000076293945,57.27000045776367,57.41999816894531,14214300
2016-08-19,51.260990142822266,57.619998931884766,57.72999954223633,57.20000076293945,57.43000030517578,17271000
2016-08-22,51.30547332763672,57.66999816894531,57.75,57.2599983215332,57.599998474121094,15221900
2016-08-23,51.50120544433594,57.88999938964844,58.18000030517578,57.849998474121094,57.900001525878906,18732400
2016-08-24,51.55458450317383,57.95000076293945,58.040000915527344,57.720001220703125,57.79999923706055,18151500
2016-08-25,51.75028610229492,58.16999816894531,58.290000915527344,57.779998779296875,57.880001068115234,18552600
2016-08-26,51.62575149536133,58.029998779296875,58.70000076293945,57.689998626708984,58.279998779296875,20971200
2016-08-29,51.688018798828125,58.099998474121094,58.599998474121094,58.099998474121094,58.18000030517578,16417200
2016-08-30,51.50120544433594,57.88999938964844,58.189998626708984,57.61000061035156,57.97999954223633,16930200
2016-08-31,51.118648529052734,57.459999084472656,57.79999923706055,57.29999923706055,57.650001525878906,20860300
2016-09-01,51.234317779541016,57.59000015258789,57.81999969482422,57.0099983215332,57.0099983215332,26075400
2016-09-02,51.30547332763672,57.66999816894531,58.189998626708984,57.41999816894531,57.66999816894531,18900500
2016-09-06,51.25210189819336,57.61000061035156,57.79999923706055,57.209999084472656,57.779998779296875,16278400
2016-09-07,51.29657745361328,57.65999984741211,57.84000015258789,57.40999984741211,57.470001220703125,17493400
2016-09-08,51.09196472167969,57.43000030517578,57.790000915527344,57.18000030517578,57.630001068115234,20146100
2016-09-09,50.0066032409668,56.209999084472656,57.52000045776367,56.209999084472656,56.790000915527344,35113900
2016-09-12,50.7538948059082,57.04999923706055,57.209999084472656,55.61000061035156,56.0,29303000
2016-09-13,50.29128646850586,56.529998779296875,56.650001525878906,56.04999923706055,56.5,30130200
2016-09-14,50.05107498168945,56.2599983215332,56.630001068115234,56.029998779296875,56.38999938964844,24062500
2016-09-15,50.87844467163086,57.189998626708984,57.349998474121094,55.97999954223633,56.150001525878906,26847000
2016-09-16,50.93183135986328,57.25,57.630001068115234,56.75,57.630001068115234,44607000
2016-09-19,50.64714431762695,56.93000030517578,57.75,56.849998474121094,57.27000045776367,20937100
2016-09-20,50.54039001464844,56.810001373291016,57.349998474121094,56.75,57.349998474121094,17384000
2016-09-21,51.38554000854492,57.7599983215332,57.849998474121094,57.08000183105469,57.5099983215332,33707300
2016-09-22,51.43891525268555,57.81999969482422,58.0,57.630001068115234,57.91999816894531,19822200
2016-09-23,51.09196472167969,57.43000030517578,57.90999984741211,57.380001068115234,57.869998931884766,19955300
2016-09-26,50.620452880859375,56.900001525878906,57.13999938964844,56.83000183105469,57.08000183105469,21688700
2016-09-27,51.55458450317383,57.95000076293945,58.060001373291016,56.68000030517578,56.93000030517578,28065100
2016-09-28,51.62575149536133,58.029998779296875,58.060001373291016,57.66999816894531,57.880001068115234,20536400
2016-09-29,51.06526565551758,57.400001525878906,58.16999816894531,57.209999084472656,57.810001373291016,25463500
2016-09-30,51.24319076538086,57.599998474121094,57.77000045776367,57.34000015258789,57.56999969482422,29910800
2016-10-03,51.08306884765625,57.41999816894531,57.54999923706055,57.060001373291016,57.40999984741211,19189500
2016-10-04,50.92293167114258,57.2400016784668,57.599998474121094,56.970001220703125,57.27000045776367,20085900
2016-10-05,51.2787971496582,57.63999938964844,57.959999084472656,57.2599983215332,57.290000915527344,16726400
2016-10-06,51.36774444580078,57.7400016784668,57.86000061035156,57.279998779296875,57.7400016784668,16212600
2016-10-07,51.4211311340332,57.79999923706055,57.97999954223633,57.41999816894531,57.849998474121094,20089000
2016-10-10,51.63462829589844,58.040000915527344,58.38999938964844,57.869998931884766,57.90999984741211,18196500
2016-10-11,50.87844467163086,57.189998626708984,58.02000045776367,56.88999938964844,57.88999938964844,26497400
2016-10-12,50.807273864746094,57.11000061035156,57.27000045776367,56.400001525878906,57.11000061035156,22177500
2016-10-13,50.63824462890625,56.91999816894531,57.29999923706055,56.31999969482422,56.70000076293945,25313700
2016-10-14,51.08306884765625,57.41999816894531,57.7400016784668,57.119998931884766,57.119998931884766,27402500
2016-10-17,50.90514373779297,57.220001220703125,57.459999084472656,56.869998931884766,57.36000061035156,23830000
2016-10-18,51.29657745361328,57.65999984741211,57.95000076293945,57.40999984741211,57.529998779296875,19149500
2016-10-19,51.180931091308594,57.529998779296875,57.84000015258789,57.400001525878906,57.470001220703125,22878400
2016-10-20,50.93183135986328,57.25,57.52000045776367,56.65999984741211,57.5,49455600
2016-10-21,53.07584762573242,59.65999984741211,60.45000076293945,59.4900016784668,60.279998779296875,80032200
2016-10-24,54.267974853515625,61.0,61.0,59.93000030517578,59.939998626708984,54067000
2016-10-25,54.25907516479492,60.9900016784668,61.369998931884766,60.79999923706055,60.849998474121094,35137200
2016-10-26,53.938812255859375,60.630001068115234,61.20000076293945,60.470001220703125,60.810001373291016,29911600
2016-10-27,53.467288970947266,60.099998474121094,60.83000183105469,60.09000015258789,60.61000061035156,28479900
2016-10-28,53.26268005371094,59.869998931884766,60.52000045776367,59.58000183105469,60.0099983215332,33574700
2016-10-31,53.30716323852539,59.91999816894531,60.41999816894531,59.91999816894531,60.15999984741211,26434700
2016-11-01,53.20038986206055,59.79999923706055,60.02000045776367,59.25,59.970001220703125,24533000
2016-11-02,52.87124252319336,59.43000030517578,59.93000030517578,59.29999923706055,59.81999969482422,22147000
2016-11-03,52.67552947998047,59.209999084472656,59.63999938964844,59.11000061035156,59.529998779296875,21600400
2016-11-04,52.230709075927734,58.709999084472656,59.279998779296875,58.52000045776367,58.650001525878906,28697000
2016-11-07,53.751983642578125,60.41999816894531,60.52000045776367,59.779998779296875,59.779998779296875,31664800
2016-11-08,53.796470642089844,60.470001220703125,60.779998779296875,60.150001525878906,60.54999923706055,22935400
2016-11-09,53.52957534790039,60.16999816894531,60.59000015258789,59.20000076293945,60.0,49632500
2016-11-10,52.22178649902344,58.70000076293945,60.4900016784668,57.630001068115234,60.47999954223633,57822400
2016-11-11,52.50648880004883,59.02000045776367,59.119998931884766,58.0099983215332,58.22999954223633,38767800
2016-11-14,51.70582962036133,58.119998931884766,59.08000183105469,57.279998779296875,59.02000045776367,41328400
2016-11-15,52.72684097290039,58.869998931884766,59.4900016784668,58.31999969482422,58.33000183105469,35904100
2016-11-16,53.42546081542969,59.650001525878906,59.65999984741211,58.810001373291016,58.939998626708984,27332500
2016-11-17,54.31215286254883,60.63999938964844,60.95000076293945,59.970001220703125,60.40999984741211,32132700
2016-11-18,54.05241394042969,60.349998474121094,61.13999938964844,60.29999923706055,60.779998779296875,27686300
2016-11-21,54.509193420410156,60.86000061035156,60.970001220703125,60.41999816894531,60.5,19652600
2016-11-22,54.7420539855957,61.119998931884766,61.2599983215332,60.810001373291016,60.97999954223633,23206700
2016-11-23,54.09718704223633,60.400001525878906,61.099998474121094,60.25,61.0099983215332,21848900
2016-11-25,54.21363067626953,60.529998779296875,60.529998779296875,60.130001068115234,60.29999923706055,8409600
2016-11-28,54.2852783203125,60.61000061035156,61.02000045776367,60.209999084472656,60.34000015258789,20732600
2016-11-29,54.715179443359375,61.09000015258789,61.40999984741211,60.52000045776367,60.650001525878906,22366700
2016-11-30,53.9718132019043,60.2599983215332,61.18000030517578,60.220001220703125,60.86000061035156,34655400
2016-12-01,53.02240753173828,59.20000076293945,60.150001525878906,58.939998626708984,60.11000061035156,34542100
2016-12-02,53.06719207763672,59.25,59.470001220703125,58.79999923706055,59.08000183105469,25515700
2016-12-05,53.935977935791016,60.220001220703125,60.59000015258789,59.560001373291016,59.70000076293945,23552700
2016-12-06,53.694149017333984,59.95000076293945,60.459999084472656,59.79999923706055,60.43000030517578,19907000
2016-12-07,54.965965270996094,61.369998931884766,61.380001068115234,59.79999923706055,60.0099983215332,30809000
2016-12-08,54.64352798461914,61.0099983215332,61.58000183105469,60.84000015258789,61.29999923706055,21220800
2016-12-09,55.503353118896484,61.970001220703125,61.9900016784668,61.130001068115234,61.18000030517578,27349400
2016-12-12,55.68248748779297,62.16999816894531,62.29999923706055,61.720001220703125,61.81999969482422,20198100
2016-12-13,56.407955169677734,62.97999954223633,63.41999816894531,62.2400016784668,62.5,35718900
2016-12-14,56.139278411865234,62.68000030517578,63.45000076293945,62.529998779296875,63.0,30352700
2016-12-15,56.049705505371094,62.58000183105469,63.150001525878906,62.29999923706055,62.70000076293945,27669900
2016-12-16,55.7989387512207,62.29999923706055,62.95000076293945,62.119998931884766,62.95000076293945,42453100
2016-12-19,56.9811897277832,63.619998931884766,63.77000045776367,62.41999816894531,62.560001373291016,34338200
2016-12-20,56.90952682495117,63.540000915527344,63.79999923706055,63.029998779296875,63.689998626708984,26028400
2016-12-21,56.90952682495117,63.540000915527344,63.70000076293945,63.119998931884766,63.43000030517578,17096300
2016-12-22,56.91849136352539,63.54999923706055,64.0999984741211,63.40999984741211,63.84000015258789,22176600
2016-12-23,56.640830993652344,63.2400016784668,63.540000915527344,62.79999923706055,63.45000076293945,12403800
2016-12-27,56.67666244506836,63.279998779296875,64.06999969482422,63.209999084472656,63.209999084472656,11763200
2016-12-28,56.41692352294922,62.9900016784668,63.400001525878906,62.83000183105469,63.400001525878906,14653300
2016-12-29,56.33631134033203,62.900001525878906,63.20000076293945,62.72999954223633,62.86000061035156,10250600
2016-12-30,55.65562438964844,62.13999938964844,62.9900016784668,62.029998779296875,62.959999084472656,25579900
2017-01-03,56.049705505371094,62.58000183105469,62.84000015258789,62.130001068115234,62.790000915527344,20694100
2017-01-04,55.7989387512207,62.29999923706055,62.75,62.119998931884766,62.47999954223633,21340000
2017-01-05,55.7989387512207,62.29999923706055,62.65999984741211,62.029998779296875,62.189998626708984,24876000
2017-01-06,56.282569885253906,62.84000015258789,63.150001525878906,62.040000915527344,62.29999923706055,19922900
2017-01-09,56.10344696044922,62.63999938964844,63.08000183105469,62.540000915527344,62.7599983215332,20382700
2017-01-10,56.08552932739258,62.619998931884766,63.06999969482422,62.279998779296875,62.72999954223633,18593000
2017-01-11,56.59606170654297,63.189998626708984,63.22999954223633,62.43000030517578,62.61000061035156,21517300
2017-01-12,56.076576232910156,62.61000061035156,63.400001525878906,61.95000076293945,63.060001373291016,20968200
2017-01-13,56.15719223022461,62.70000076293945,62.869998931884766,62.349998474121094,62.619998931884766,19422300
2017-01-17,56.004920959472656,62.529998779296875,62.70000076293945,62.029998779296875,62.68000030517578,20664000
2017-01-18,55.978057861328125,62.5,62.70000076293945,62.119998931884766,62.66999816894531,19670100
2017-01-19,55.7989387512207,62.29999923706055,62.97999954223633,62.20000076293945,62.2400016784668,18451700
2017-01-20,56.19301223754883,62.7400016784668,62.81999969482422,62.369998931884766,62.66999816894531,30213500
2017-01-23,56.390052795410156,62.959999084472656,63.119998931884766,62.56999969482422,62.70000076293945,23097600
2017-01-24,56.89162063598633,63.52000045776367,63.7400016784668,62.939998626708984,63.20000076293945,24672900
2017-01-25,57.03491973876953,63.68000030517578,64.0999984741211,63.45000076293945,63.95000076293945,23672700
2017-01-26,57.56334686279297,64.2699966430664,64.54000091552734,63.54999923706055,64.12000274658203,43554600
2017-01-27,58.91578674316406,65.77999877929688,65.91000366210938,64.88999938964844,65.38999938964844,44818000
2017-01-30,58.333621978759766,65.12999725341797,65.79000091552734,64.80000305175781,65.69000244140625,31651400
2017-01-31,57.90370178222656,64.6500015258789,65.1500015258789,64.26000213623047,64.86000061035156,25270500
2017-02-01,56.945369720458984,63.58000183105469,64.62000274658203,63.470001220703125,64.36000061035156,39671500
2017-02-02,56.5781364440918,63.16999816894531,63.40999984741211,62.75,63.25,45827000
2017-02-03,57.03491973876953,63.68000030517578,63.70000076293945,63.06999969482422,63.5,30301800
2017-02-06,56.99908447265625,63.63999938964844,63.650001525878906,63.13999938964844,63.5,19796400
2017-02-07,56.81100845336914,63.43000030517578,63.779998779296875,63.22999954223633,63.7400016784668,20277200
2017-02-08,56.73039627075195,63.34000015258789,63.810001373291016,63.220001220703125,63.56999969482422,18096400
2017-02-09,57.37527847290039,64.05999755859375,64.44000244140625,63.31999969482422,63.52000045776367,22644400
2017-02-10,57.321529388427734,64.0,64.30000305175781,63.97999954223633,64.25,18170700
2017-02-13,57.96640396118164,64.72000122070312,64.86000061035156,64.12999725341797,64.23999786376953,22920100
2017-02-14,58.182655334472656,64.56999969482422,64.72000122070312,64.0199966430664,64.41000366210938,23108400
2017-02-15,58.14661407470703,64.52999877929688,64.56999969482422,64.16000366210938,64.5,17005200
2017-02-16,58.13760757446289,64.5199966430664,65.23999786376953,64.44000244140625,64.73999786376953,20546300
2017-02-17,58.22771072387695,64.62000274658203,64.69000244140625,64.30000305175781,64.47000122070312,21248800
2017-02-21,58.11056137084961,64.48999786376953,64.94999694824219,64.44999694824219,64.61000061035156,20655900
2017-02-22,57.99342346191406,64.36000061035156,64.38999938964844,64.05000305175781,64.33000183105469,19292700
2017-02-23,58.22771072387695,64.62000274658203,64.7300033569336,64.19000244140625,64.41999816894531,20273100
2017-02-24,58.22771072387695,64.62000274658203,64.80000305175781,64.13999938964844,64.52999877929688,21796800
2017-02-27,57.87629699707031,64.2300033569336,64.54000091552734,64.05000305175781,64.54000091552734,15871500
2017-02-28,57.6510124206543,63.97999954223633,64.19999694824219,63.7599983215332,64.08000183105469,23239800
2017-03-01,58.516056060791016,64.94000244140625,64.98999786376953,64.0199966430664,64.12999725341797,26937500
2017-03-02,57.67805480957031,64.01000213623047,64.75,63.880001068115234,64.69000244140625,24539600
2017-03-03,57.89431381225586,64.25,64.27999877929688,63.619998931884766,63.9900016784668,18135900
2017-03-06,57.912330627441406,64.2699966430664,64.55999755859375,63.810001373291016,63.970001220703125,18750300
2017-03-07,58.02947998046875,64.4000015258789,64.77999877929688,64.19000244140625,64.19000244140625,18521000
2017-03-08,58.56112289428711,64.98999786376953,65.08000183105469,64.25,64.26000213623047,21510900
2017-03-09,58.32683563232422,64.7300033569336,65.19999694824219,64.4800033569336,65.19000244140625,19846800
2017-03-10,58.50704574584961,64.93000030517578,65.26000213623047,64.75,65.11000061035156,19538200
2017-03-13,58.30879592895508,64.70999908447266,65.19000244140625,64.56999969482422,65.01000213623047,20100000
2017-03-14,58.03847885131836,64.41000366210938,64.55000305175781,64.1500015258789,64.52999877929688,14280200
2017-03-15,58.34485626220703,64.75,64.91999816894531,64.25,64.55000305175781,24833800
2017-03-16,58.24573516845703,64.63999938964844,64.76000213623047,64.30000305175781,64.75,20674300
2017-03-17,58.45297622680664,64.87000274658203,65.23999786376953,64.68000030517578,64.91000366210938,49219700
2017-03-20,58.50704574584961,64.93000030517578,65.18000030517578,64.72000122070312,64.91000366210938,14598100
2017-03-21,57.85826873779297,64.20999908447266,65.5,64.12999725341797,65.19000244140625,26640500
2017-03-22,58.59715270996094,65.02999877929688,65.13999938964844,64.12000274658203,64.12000274658203,20680000
2017-03-23,58.45297622680664,64.87000274658203,65.23999786376953,64.7699966430664,64.94000244140625,19269200
2017-03-24,58.55210494995117,64.9800033569336,65.44999694824219,64.76000213623047,65.36000061035156,22617100
2017-03-27,58.66021728515625,65.0999984741211,65.22000122070312,64.3499984741211,64.62999725341797,18614700
2017-03-28,58.83143997192383,65.29000091552734,65.47000122070312,64.6500015258789,64.95999908447266,20080400
2017-03-29,58.993621826171875,65.47000122070312,65.5,64.94999694824219,65.12000274658203,13618400
2017-03-30,59.209896087646484,65.70999908447266,65.9800033569336,65.36000061035156,65.41999816894531,15122800
2017-03-31,59.34503173828125,65.86000061035156,66.19000244140625,65.44999694824219,65.6500015258789,21040300
2017-04-03,59.06572341918945,65.55000305175781,65.94000244140625,65.19000244140625,65.80999755859375,20400900
2017-04-04,59.22791290283203,65.7300033569336,65.80999755859375,65.27999877929688,65.38999938964844,12997400
2017-04-05,59.0747184753418,65.55999755859375,66.3499984741211,65.44000244140625,66.30000305175781,21448600
2017-04-06,59.22791290283203,65.7300033569336,66.05999755859375,65.4800033569336,65.5999984741211,18103500
2017-04-07,59.18284606933594,65.68000030517578,65.95999908447266,65.44000244140625,65.8499984741211,14108500
2017-04-10,59.047691345214844,65.52999877929688,65.81999969482422,65.36000061035156,65.61000061035156,17952700
2017-04-11,59.00262451171875,65.4800033569336,65.61000061035156,64.8499984741211,65.5999984741211,18791500
2017-04-12,58.77737808227539,65.2300033569336,65.51000213623047,65.11000061035156,65.41999816894531,17108500
2017-04-13,58.525062561035156,64.94999694824219,65.86000061035156,64.94999694824219,65.29000091552734,17896500
2017-04-17,59.00262451171875,65.4800033569336,65.48999786376953,65.01000213623047,65.04000091552734,16689300
2017-04-18,58.921531677246094,65.38999938964844,65.70999908447266,65.16000366210938,65.33000183105469,15155600
2017-04-19,58.60617446899414,65.04000091552734,65.75,64.88999938964844,65.6500015258789,26992800
2017-04-20,59.020652770996094,65.5,65.75,65.13999938964844,65.45999908447266,22299500
2017-04-21,59.83161544799805,66.4000015258789,66.69999694824219,65.44999694824219,65.66999816894531,32522600
2017-04-24,60.84983825683594,67.52999877929688,67.66000366210938,67.0999984741211,67.4800033569336,29770000
2017-04-25,61.20127487182617,67.91999816894531,68.04000091552734,67.5999984741211,67.9000015258789,30242700
2017-04-26,61.12017059326172,67.83000183105469,68.30999755859375,67.62000274658203,68.08000183105469,26190800
2017-04-27,61.516639709472656,68.2699966430664,68.37999725341797,67.58000183105469,68.1500015258789,34971000
2017-04-28,61.68783950805664,68.45999908447266,69.13999938964844,67.69000244140625,68.91000366210938,39548800
2017-05-01,62.54389190673828,69.41000366210938,69.55000305175781,68.5,68.68000030517578,31954400
2017-05-02,62.444759368896484,69.30000305175781,69.70999908447266,69.12999725341797,69.70999908447266,23906100
2017-05-03,62.24652862548828,69.08000183105469,69.37999725341797,68.70999908447266,69.37999725341797,28928000
2017-05-04,62.00323486328125,68.80999755859375,69.08000183105469,68.63999938964844,69.02999877929688,21749400
2017-05-05,62.1744384765625,69.0,69.02999877929688,68.48999786376953,68.9000015258789,19128800
2017-05-08,62.120384216308594,68.94000244140625,69.05000305175781,68.41999816894531,68.97000122070312,18566100
2017-05-09,62.21048355102539,69.04000091552734,69.27999877929688,68.68000030517578,68.86000061035156,22858400
2017-05-10,62.45376205444336,69.30999755859375,69.55999755859375,68.91999816894531,68.98999786376953,17977800
2017-05-11,61.68783950805664,68.45999908447266,68.7300033569336,68.12000274658203,68.36000061035156,28789400
2017-05-12,61.61575698852539,68.37999725341797,68.61000061035156,68.04000091552734,68.61000061035156,18714100
2017-05-15,61.66082763671875,68.43000030517578,68.4800033569336,67.56999969482422,68.13999938964844,31530300
2017-05-16,62.90238571166992,69.41000366210938,69.44000244140625,68.16000366210938,68.2300033569336,34956000
2017-05-17,61.15333557128906,67.4800033569336,69.0999984741211,67.43000030517578,68.88999938964844,30548800
2017-05-18,61.36175537109375,67.70999908447266,68.12999725341797,67.13999938964844,67.4000015258789,25201300
2017-05-19,61.3436393737793,67.69000244140625,68.0999984741211,67.43000030517578,67.5,26961100
2017-05-22,62.032379150390625,68.44999694824219,68.5,67.5,67.88999938964844,16237600
2017-05-23,62.24081802368164,68.68000030517578,68.75,68.37999725341797,68.72000122070312,15425800
2017-05-24,62.32236862182617,68.7699966430664,68.87999725341797,68.44999694824219,68.87000274658203,14593900
2017-05-25,63.092674255371094,69.62000274658203,69.87999725341797,68.91000366210938,68.97000122070312,21854100
2017-05-26,63.400787353515625,69.95999908447266,70.22000122070312,69.5199966430664,69.80000305175781,19827900
2017-05-30,63.80862045288086,70.41000366210938,70.41000366210938,69.7699966430664,69.79000091552734,17072800
2017-05-31,63.292049407958984,69.83999633789062,70.73999786376953,69.80999755859375,70.52999877929688,30436400
2017-06-01,63.52767562866211,70.0999984741211,70.61000061035156,69.44999694824219,70.23999786376953,21603600
2017-06-02,65.03205108642578,71.76000213623047,71.86000061035156,70.23999786376953,70.44000244140625,34770300
2017-06-05,65.50328826904297,72.27999877929688,72.88999938964844,71.80999755859375,71.97000122070312,33316800
2017-06-06,65.72078704833984,72.5199966430664,72.62000274658203,72.2699966430664,72.30000305175781,31511100
2017-06-07,65.60298156738281,72.38999938964844,72.7699966430664,71.94999694824219,72.63999938964844,22301800
2017-06-08,65.20421600341797,71.94999694824219,72.5199966430664,71.5,72.51000213623047,24588300
2017-06-09,63.72705078125,70.31999969482422,72.08000183105469,68.58999633789062,72.04000091552734,49187400
2017-06-12,63.23767852783203,69.77999877929688,69.94000244140625,68.12999725341797,69.25,47761700
2017-06-13,64.02611541748047,70.6500015258789,70.81999969482422,69.95999908447266,70.0199966430664,25258600
2017-06-14,63.681739807128906,70.2699966430664,71.0999984741211,69.43000030517578,70.91000366210938,25510700
2017-06-15,63.34641647338867,69.9000015258789,70.20999908447266,68.80000305175781,69.2699966430664,26068700
2017-06-16,63.43705368041992,70.0,70.02999877929688,69.22000122070312,69.7300033569336,48345100
2017-06-19,64.22547912597656,70.87000274658203,70.94000244140625,70.3499984741211,70.5,23798300
2017-06-20,63.355506896972656,69.91000366210938,70.87000274658203,69.87000274658203,70.81999969482422,21512200
2017-06-21,63.681739807128906,70.2699966430664,70.62000274658203,69.94000244140625,70.20999908447266,19891100
2017-06-22,63.67268753051758,70.26000213623047,70.58999633789062,69.70999908447266,70.54000091552734,22965700
2017-06-23,64.53363800048828,71.20999908447266,71.25,69.91999816894531,70.08999633789062,27617300
2017-06-26,63.917381286621094,70.52999877929688,71.70999908447266,70.44000244140625,71.4000015258789,19607000
2017-06-27,62.72111129760742,69.20999908447266,70.18000030517578,69.18000030517578,70.11000061035156,25215100
2017-06-28,63.25581741333008,69.80000305175781,69.83999633789062,68.79000091552734,69.20999908447266,25806200
2017-06-29,62.06865692138672,68.48999786376953,69.48999786376953,68.08999633789062,69.37999725341797,28918700
2017-06-30,62.46739196777344,68.93000030517578,69.37999725341797,68.73999786376953,68.77999877929688,24161100
2017-07-03,61.77864074707031,68.16999816894531,69.5999984741211,68.0199966430664,69.33000183105469,16165500
2017-07-05,62.603328704833984,69.08000183105469,69.44000244140625,68.22000122070312,68.26000213623047,21176300
2017-07-06,62.1411247253418,68.56999969482422,68.77999877929688,68.12000274658203,68.2699966430664,21117600
2017-07-07,62.94768142700195,69.45999908447266,69.83999633789062,68.69999694824219,68.69999694824219,16878300
2017-07-10,63.4189453125,69.9800033569336,70.25,69.19999694824219,69.45999908447266,15014500
2017-07-11,63.428009033203125,69.98999786376953,70.68000030517578,69.75,70.0,17460000
2017-07-12,64.479248046875,71.1500015258789,71.27999877929688,70.55000305175781,70.69000244140625,17750900
2017-07-13,65.04109954833984,71.7699966430664,72.04000091552734,71.30999755859375,71.5,20269800
2017-07-14,65.95641326904297,72.77999877929688,73.2699966430664,71.95999908447266,72.23999786376953,25868100
2017-07-17,66.47296905517578,73.3499984741211,73.44999694824219,72.72000122070312,72.80000305175781,21803900
2017-07-18,66.42765045166016,73.30000305175781,73.38999938964844,72.66000366210938,73.08999633789062,26435300
2017-07-19,66.9351577758789,73.86000061035156,74.04000091552734,73.44999694824219,73.5,22416200
2017-07-20,67.26143646240234,74.22000122070312,74.30000305175781,73.27999877929688,74.18000030517578,42361000
2017-07-21,66.87169647216797,73.79000091552734,74.29000091552734,73.16999816894531,73.44999694824219,46717100
2017-07-24,66.6995620727539,73.5999984741211,73.75,73.12999725341797,73.52999877929688,21394800
2017-07-25,67.23421478271484,74.19000244140625,74.30999755859375,73.5,73.80000305175781,22018700
2017-07-26,67.10734558105469,74.05000305175781,74.37999725341797,73.80999755859375,74.33999633789062,16252200
2017-07-27,66.30081176757812,73.16000366210938,74.41999816894531,72.31999969482422,73.76000213623047,36844200
2017-07-28,66.19202423095703,73.04000091552734,73.30999755859375,72.54000091552734,72.66999816894531,18306700
2017-07-31,65.88391876220703,72.69999694824219,73.44000244140625,72.41000366210938,73.30000305175781,23600100
2017-08-01,65.7751693725586,72.58000183105469,73.41999816894531,72.48999786376953,73.0999984741211,22132300
2017-08-02,65.48517608642578,72.26000213623047,72.55999755859375,71.44000244140625,72.55000305175781,26499200
2017-08-03,65.38549041748047,72.1500015258789,72.44000244140625,71.8499984741211,72.19000244140625,18214400
2017-08-04,65.86576080322266,72.68000030517578,73.04000091552734,72.23999786376953,72.4000015258789,22579000
2017-08-07,65.61203002929688,72.4000015258789,72.9000015258789,72.26000213623047,72.80000305175781,18705700
2017-08-08,65.9654769897461,72.79000091552734,73.12999725341797,71.75,72.08999633789062,22044600
2017-08-09,65.67549896240234,72.47000122070312,72.51000213623047,72.05000305175781,72.25,22213400
2017-08-10,64.71485137939453,71.41000366210938,72.19000244140625,71.3499984741211,71.9000015258789,24734500
2017-08-11,65.7026596069336,72.5,72.69999694824219,71.27999877929688,71.61000061035156,21443700
2017-08-14,66.69046020507812,73.58999633789062,73.72000122070312,72.94999694824219,73.05999755859375,20096600
2017-08-15,66.70870208740234,73.22000122070312,73.58999633789062,73.04000091552734,73.58999633789062,19181400
2017-08-16,67.1004638671875,73.6500015258789,74.0999984741211,73.16999816894531,73.33999633789062,18150400
2017-08-17,65.96161651611328,72.4000015258789,73.87000274658203,72.4000015258789,73.58000183105469,22977500
2017-08-18,66.0436019897461,72.48999786376953,72.83999633789062,71.93000030517578,72.2699966430664,18761500
2017-08-21,65.73384857177734,72.1500015258789,72.4800033569336,71.69999694824219,72.47000122070312,17734800
2017-08-22,66.6540756225586,73.16000366210938,73.23999786376953,72.3499984741211,72.3499984741211,14343700
2017-08-23,66.2531509399414,72.72000122070312,73.1500015258789,72.52999877929688,72.95999908447266,13766500
2017-08-24,66.225830078125,72.69000244140625,72.86000061035156,72.06999969482422,72.73999786376953,17098300
2017-08-25,66.3442611694336,72.81999969482422,73.3499984741211,72.4800033569336,72.86000061035156,12794300
2017-08-28,66.35338592529297,72.83000183105469,73.08999633789062,72.55000305175781,73.05999755859375,14569700
2017-08-29,66.55381774902344,73.05000305175781,73.16000366210938,72.05000305175781,72.25,11478400
2017-08-30,67.4284439086914,74.01000213623047,74.20999908447266,72.83000183105469,73.01000213623047,16897800
2017-08-31,68.1208724975586,74.7699966430664,74.95999908447266,73.80000305175781,74.02999877929688,27652800
2017-09-01,67.36465454101562,73.94000244140625,74.73999786376953,73.63999938964844,74.70999908447266,21736200
2017-09-05,67.06400299072266,73.61000061035156,73.88999938964844,72.9800033569336,73.33999633789062,21556000
2017-09-06,66.87268829345703,73.4000015258789,74.04000091552734,73.3499984741211,73.73999786376953,16535800
2017-09-07,67.72907257080078,74.33999633789062,74.5999984741211,73.5999984741211,73.68000030517578,17471200
2017-09-08,67.40111541748047,73.9800033569336,74.44000244140625,73.83999633789062,74.33000183105469,14703800
2017-09-11,68.11174774169922,74.76000213623047,74.94000244140625,74.30999755859375,74.30999755859375,17910400
2017-09-12,68.03882598876953,74.68000030517578,75.23999786376953,74.37000274658203,74.76000213623047,14394900
2017-09-13,68.521728515625,75.20999908447266,75.2300033569336,74.55000305175781,74.93000030517578,13380800
2017-09-14,68.1208724975586,74.7699966430664,75.48999786376953,74.5199966430664,75.0,15733900
2017-09-15,68.61284637451172,75.30999755859375,75.38999938964844,74.06999969482422,74.83000183105469,38578400
2017-09-18,68.47616577148438,75.16000366210938,75.97000122070312,75.04000091552734,75.2300033569336,23307000
2017-09-19,68.73126220703125,75.44000244140625,75.70999908447266,75.01000213623047,75.20999908447266,16093300
2017-09-20,68.27574920654297,74.94000244140625,75.55000305175781,74.30999755859375,75.3499984741211,21587900
2017-09-21,67.61065673828125,74.20999908447266,75.23999786376953,74.11000061035156,75.11000061035156,19186100
2017-09-22,67.79288482666016,74.41000366210938,74.51000213623047,73.8499984741211,73.98999786376953,14111400
2017-09-25,66.7451400756836,73.26000213623047,74.25,72.91999816894531,74.08999633789062,24149200
2017-09-26,66.7451400756836,73.26000213623047,73.80999755859375,72.98999786376953,73.66999816894531,18019600
2017-09-27,67.28266143798828,73.8499984741211,74.16999816894531,73.16999816894531,73.55000305175781,19565100
2017-09-28,67.30088806152344,73.87000274658203,73.97000122070312,73.30999755859375,73.54000091552734,10883800
2017-09-29,67.86576843261719,74.48999786376953,74.54000091552734,73.87999725341797,73.94000244140625,17079100
2017-10-02,67.97508239746094,74.61000061035156,75.01000213623047,74.30000305175781,74.70999908447266,15304800
2017-10-03,67.6562271118164,74.26000213623047,74.87999725341797,74.19000244140625,74.66999816894531,12190400
2017-10-04,68.04798126220703,74.69000244140625,74.72000122070312,73.70999908447266,74.08999633789062,13317700
2017-10-05,69.21414947509766,75.97000122070312,76.12000274658203,74.95999908447266,75.22000122070312,21195300
2017-10-06,69.24146270751953,76.0,76.02999877929688,75.54000091552734,75.66999816894531,13959800
2017-10-09,69.50569152832031,76.29000091552734,76.55000305175781,75.86000061035156,75.97000122070312,11386500
2017-10-10,69.50569152832031,76.29000091552734,76.62999725341797,76.13999938964844,76.33000183105469,13944500
2017-10-11,69.62413024902344,76.41999816894531,76.45999908447266,75.94999694824219,76.36000061035156,15388900
2017-10-12,70.26190948486328,77.12000274658203,77.29000091552734,76.37000274658203,76.48999786376953,16876500
2017-10-13,70.5989761352539,77.48999786376953,77.87000274658203,77.29000091552734,77.58999633789062,15335700
2017-10-16,70.74473571777344,77.6500015258789,77.80999755859375,77.3499984741211,77.41999816894531,12380100
2017-10-17,70.6900863647461,77.58999633789062,77.62000274658203,77.25,77.47000122070312,16824000
2017-10-18,70.70830535888672,77.61000061035156,77.8499984741211,77.37000274658203,77.66999816894531,13300700
2017-10-19,70.98165130615234,77.91000366210938,77.93000030517578,77.3499984741211,77.56999969482422,15092800
2017-10-20,71.80156707763672,78.80999755859375,78.97000122070312,78.22000122070312,78.31999969482422,22866400
2017-10-23,71.8198013305664,78.83000183105469,79.33999633789062,78.76000213623047,78.98999786376953,20627200
2017-10-24,71.8471450805664,78.86000061035156,79.19999694824219,78.45999908447266,78.9000015258789,17517200
2017-10-25,71.63761138916016,78.62999725341797,79.0999984741211,78.01000213623047,78.58000183105469,20410800
2017-10-26,71.75605010986328,78.76000213623047,79.41999816894531,78.75,79.19999694824219,32120700
2017-10-27,76.35692596435547,83.80999755859375,86.19999694824219,83.61000061035156,84.37000274658203,71066700
2017-10-30,76.42984008789062,83.88999938964844,84.33000183105469,83.11000061035156,83.69999694824219,31756700
2017-10-31,75.78296661376953,83.18000030517578,84.36000061035156,83.11000061035156,84.36000061035156,27086600
2017-11-01,75.78296661376953,83.18000030517578,83.76000213623047,82.87999725341797,83.68000030517578,22307400
2017-11-02,76.57559967041016,84.05000305175781,84.45999908447266,83.12000274658203,83.3499984741211,23992900
2017-11-03,76.65760803222656,84.13999938964844,84.54000091552734,83.4000015258789,84.08000183105469,17633500
2017-11-06,76.95823669433594,84.47000122070312,84.69999694824219,84.08000183105469,84.19999694824219,19860900
2017-11-07,76.77601623535156,84.2699966430664,84.9000015258789,83.93000030517578,84.7699966430664,17939700
2017-11-08,77.04024505615234,84.55999755859375,84.61000061035156,83.83000183105469,84.13999938964844,18034200
2017-11-09,76.61204528808594,84.08999633789062,84.2699966430664,82.9000015258789,84.11000061035156,21178400
2017-11-10,76.41162872314453,83.87000274658203,84.0999984741211,83.2300033569336,83.79000091552734,19397800
2017-11-13,76.46626281738281,83.93000030517578,83.94000244140625,83.45999908447266,83.66000366210938,14196900
2017-11-14,76.57559967041016,84.05000305175781,84.0999984741211,82.9800033569336,83.5,18801300
2017-11-15,75.98043060302734,82.9800033569336,83.69000244140625,82.69000244140625,83.47000122070312,19383100
2017-11-16,76.18185424804688,83.19999694824219,83.41999816894531,82.94000244140625,83.0999984741211,20962800
2017-11-17,75.4493637084961,82.4000015258789,83.12000274658203,82.23999786376953,83.12000274658203,22079000
2017-11-20,75.56838989257812,82.52999877929688,82.58999633789062,82.25,82.4000015258789,16315000
2017-11-21,76.65801239013672,83.72000122070312,83.83999633789062,82.73999786376953,82.73999786376953,21237500
2017-11-22,76.09945678710938,83.11000061035156,83.9000015258789,83.04000091552734,83.83000183105469,20553100
2017-11-24,76.23684692382812,83.26000213623047,83.43000030517578,82.77999877929688,83.01000213623047,7425600
2017-11-27,76.79536437988281,83.87000274658203,83.9800033569336,83.30000305175781,83.30999755859375,18265200
2017-11-28,77.72013854980469,84.87999725341797,85.05999755859375,84.0199966430664,84.06999969482422,21926000
2017-11-29,76.31007385253906,83.33999633789062,84.91999816894531,83.18000030517578,84.70999908447266,27381100
2017-11-30,77.07005310058594,84.16999816894531,84.5199966430664,83.33999633789062,83.51000213623047,33054600
2017-12-01,77.15245819091797,84.26000213623047,84.80999755859375,83.22000122070312,83.5999984741211,29532100
2017-12-04,74.24069213867188,81.08000183105469,84.43000030517578,80.69999694824219,84.41999816894531,39094900
2017-12-05,74.70769500732422,81.58999633789062,82.68000030517578,80.9800033569336,81.33999633789062,26152300
2017-12-06,75.79732513427734,82.77999877929688,83.13999938964844,81.43000030517578,81.55000305175781,26162100
2017-12-07,75.53176879882812,82.48999786376953,82.80000305175781,82.0,82.54000091552734,23184500
2017-12-08,77.06090545654297,84.16000366210938,84.58000183105469,83.33000183105469,83.62999725341797,24489100
2017-12-11,78.04065704345703,85.2300033569336,85.37000274658203,84.12000274658203,84.29000091552734,22857900
2017-12-12,78.36113739013672,85.58000183105469,86.05000305175781,85.08000183105469,85.30999755859375,23924100
2017-12-13,78.15050506591797,85.3499984741211,86.0,85.16999816894531,85.73999786376953,22062700
2017-12-14,77.54619598388672,84.69000244140625,85.87000274658203,84.52999877929688,85.43000030517578,19306000
2017-12-15,79.52400207519531,86.8499984741211,87.08999633789062,84.87999725341797,85.26000213623047,53936700
2017-12-18,79.0936279296875,86.37999725341797,87.5,86.2300033569336,87.12000274658203,22283800
2017-12-19,78.59004211425781,85.83000183105469,86.3499984741211,85.2699966430664,86.3499984741211,23524800
2017-12-20,78.30618286132812,85.5199966430664,86.30000305175781,84.70999908447266,86.19999694824219,23674900
2017-12-21,78.28785705566406,85.5,86.0999984741211,85.4000015258789,86.05000305175781,17990700
2017-12-22,78.29701232910156,85.51000213623047,85.62999725341797,84.91999816894531,85.4000015258789,14145800
2017-12-26,78.19628143310547,85.4000015258789,85.52999877929688,85.02999877929688,85.30999755859375,9891200
2017-12-27,78.48014831542969,85.70999908447266,85.9800033569336,85.22000122070312,85.6500015258789,14678000
2017-12-28,78.48933410644531,85.72000122070312,85.93000030517578,85.55000305175781,85.9000015258789,10594300
2017-12-29,78.32449340820312,85.54000091552734,86.05000305175781,85.5,85.62999725341797,18717400
2018-01-02,78.69992065429688,85.94999694824219,86.30999755859375,85.5,86.12999725341797,22483800
2018-01-03,79.066162109375,86.3499984741211,86.51000213623047,85.97000122070312,86.05999755859375,26061400
2018-01-04,79.7620620727539,87.11000061035156,87.66000366210938,86.56999969482422,86.58999633789062,21912000
2018-01-05,80.75093841552734,88.19000244140625,88.41000366210938,87.43000030517578,87.66000366210938,23407100
2018-01-08,80.83335876464844,88.27999877929688,88.58000183105469,87.5999984741211,88.19999694824219,22113000
2018-01-09,80.77843475341797,88.22000122070312,88.7300033569336,87.86000061035156,88.6500015258789,19484300
2018-01-10,80.41217041015625,87.81999969482422,88.19000244140625,87.41000366210938,87.86000061035156,18652200
2018-01-11,80.65025329589844,88.08000183105469,88.12999725341797,87.23999786376953,88.12999725341797,17808900
2018-01-12,82.04202270507812,89.5999984741211,89.77999877929688,88.44999694824219,88.66999816894531,24271500
2018-01-16,80.8974380493164,88.3499984741211,90.79000091552734,88.01000213623047,90.0999984741211,36599700
2018-01-17,82.5364761352539,90.13999938964844,90.27999877929688,88.75,89.08000183105469,25621200
2018-01-18,82.49982452392578,90.0999984741211,90.66999816894531,89.66000366210938,89.80000305175781,24159700
2018-01-19,82.40827941894531,90.0,90.61000061035156,89.66000366210938,90.13999938964844,36875000
2018-01-22,83.8824691772461,91.61000061035156,91.62000274658203,89.73999786376953,90.0,23601600
2018-01-23,84.14801025390625,91.9000015258789,92.30000305175781,91.54000091552734,91.9000015258789,23412800
2018-01-24,84.07477569580078,91.81999969482422,93.43000030517578,91.58000183105469,92.55000305175781,33277500
2018-01-25,84.54175567626953,92.33000183105469,93.23999786376953,91.93000030517578,92.47000122070312,26383200
2018-01-26,86.12581634521484,94.05999755859375,94.05999755859375,92.58000183105469,93.12000274658203,29172200
2018-01-29,85.99761199951172,93.91999816894531,95.44999694824219,93.72000122070312,95.13999938964844,31569900
2018-01-30,84.91716766357422,92.73999786376953,93.66000366210938,92.0999984741211,93.30000305175781,38635100
2018-01-31,86.99568176269531,95.01000213623047,95.4000015258789,93.51000213623047,93.75,48756300
2018-02-01,86.30892944335938,94.26000213623047,96.06999969482422,93.58000183105469,94.79000091552734,47227900
2018-02-02,84.03813171386719,91.77999877929688,93.97000122070312,91.5,93.63999938964844,47867800
2018-02-05,80.57698059082031,88.0,93.23999786376953,88.0,90.55999755859375,51031500
2018-02-06,83.62608337402344,91.33000183105469,91.4800033569336,85.25,86.88999938964844,67998600
2018-02-07,82.0511703491211,89.61000061035156,91.7699966430664,89.19999694824219,90.48999786376953,41107600
2018-02-08,77.83918762207031,85.01000213623047,89.87999725341797,84.76000213623047,89.70999908447266,55628700
2018-02-09,80.74180603027344,88.18000030517578,88.93000030517578,83.83000183105469,86.30000305175781,63499100
2018-02-12,81.6116714477539,89.12999725341797,89.77999877929688,87.93000030517578,88.73999786376953,35720300
2018-02-13,82.25260925292969,89.83000183105469,90.0,87.80000305175781,88.93000030517578,26407700
2018-02-14,83.54054260253906,90.80999755859375,90.98999786376953,88.41000366210938,88.51000213623047,34960900
2018-02-15,85.24244689941406,92.66000366210938,92.72000122070312,90.62000274658203,91.20999908447266,27823900
2018-02-16,84.63528442382812,92.0,93.5,91.80000305175781,92.44999694824219,30596900
2018-02-20,85.29766082763672,92.72000122070312,93.05999755859375,91.01000213623047,91.4800033569336,30911700
2018-02-21,84.16609954833984,91.48999786376953,93.36000061035156,91.48999786376953,92.9800033569336,26922500
2018-02-22,84.38689422607422,91.7300033569336,92.7300033569336,91.36000061035156,92.05000305175781,24392800
2018-02-23,86.53038787841797,94.05999755859375,94.06999969482422,92.36000061035156,93.5999984741211,26329200
2018-02-26,87.78153228759766,95.41999816894531,95.44999694824219,94.25,94.4000015258789,30199800
2018-02-27,86.65917205810547,94.19999694824219,95.83999633789062,94.19999694824219,95.73999786376953,25869100
2018-02-28,86.26358795166016,93.7699966430664,95.70999908447266,93.62999725341797,94.83999633789062,31167300
2018-03-01,85.41724395751953,92.8499984741211,94.56999969482422,91.83999633789062,93.98999786376953,37135600
2018-03-02,85.60124206542969,93.05000305175781,93.1500015258789,90.86000061035156,91.58000183105469,32830400
2018-03-05,86.14398956298828,93.63999938964844,94.2699966430664,92.26000213623047,92.33999633789062,23901600
2018-03-06,85.84962463378906,93.31999969482422,94.48999786376953,92.94000244140625,94.33999633789062,22175800
2018-03-07,86.34638214111328,93.86000061035156,93.94000244140625,92.43000030517578,93.16000366210938,26716100
2018-03-08,86.87077331542969,94.43000030517578,95.0999984741211,93.7699966430664,94.2699966430664,25887800
2018-03-09,88.8118667602539,96.54000091552734,96.54000091552734,95.0,95.29000091552734,36937300
2018-03-12,89.0234375,96.7699966430664,97.20999908447266,96.04000091552734,96.5,26073700
2018-03-13,86.85235595703125,94.41000366210938,97.23999786376953,93.97000122070312,97.0,35387800
2018-03-14,86.33721160888672,93.8499984741211,95.41000366210938,93.5,95.12000274658203,32132000
2018-03-15,86.64077758789062,94.18000030517578,94.58000183105469,92.83000183105469,93.52999877929688,27611000
2018-03-16,87.02713775634766,94.5999984741211,95.37999725341797,93.91999816894531,94.68000030517578,49081300
2018-03-19,85.45401763916016,92.88999938964844,93.9000015258789,92.11000061035156,93.73999786376953,33344100
2018-03-20,85.67484283447266,93.12999725341797,93.7699966430664,93.0,93.05000305175781,23075200
2018-03-21,85.0768814086914,92.4800033569336,94.05000305175781,92.20999908447266,92.93000030517578,24457100
2018-03-22,82.6021957397461,89.79000091552734,91.75,89.66000366210938,91.2699966430664,38604700
2018-03-23,80.2011489868164,87.18000030517578,90.45999908447266,87.08000183105469,89.5,44068900
2018-03-26,86.27281188964844,93.77999877929688,94.0,90.4000015258789,90.61000061035156,56396800
2018-03-27,82.30781555175781,89.47000122070312,95.13999938964844,88.51000213623047,94.94000244140625,56569000
2018-03-28,82.23422241210938,89.38999938964844,91.2300033569336,88.87000274658203,89.81999969482422,52501100
2018-03-29,83.9637451171875,91.2699966430664,92.29000091552734,88.4000015258789,90.18000030517578,45867500
2018-04-02,81.4338607788086,88.5199966430664,90.87999725341797,87.51000213623047,90.47000122070312,48515400
2018-04-03,82.52860260009766,89.70999908447266,90.05000305175781,87.88999938964844,89.58000183105469,37213800
2018-04-04,84.93887329101562,92.33000183105469,92.76000213623047,87.7300033569336,87.8499984741211,35560000
2018-04-05,84.98487091064453,92.37999725341797,93.06999969482422,91.4000015258789,92.44000244140625,29771900
2018-04-06,83.00698852539062,90.2300033569336,92.45999908447266,89.4800033569336,91.48999786376953,38026000
2018-04-09,83.50373840332031,90.7699966430664,93.16999816894531,90.62000274658203,91.04000091552734,31533900
2018-04-10,85.4448471069336,92.87999725341797,93.27999877929688,91.63999938964844,92.38999938964844,26812000
2018-04-11,84.50650024414062,91.86000061035156,93.29000091552734,91.4800033569336,92.01000213623047,24872100
2018-04-12,86.08883666992188,93.58000183105469,94.16000366210938,92.43000030517578,92.43000030517578,26758900
2018-04-13,85.62882232666016,93.08000183105469,94.18000030517578,92.44000244140625,94.05000305175781,23346100
2018-04-16,86.63157653808594,94.16999816894531,94.66000366210938,93.41999816894531,94.06999969482422,20288100
2018-04-17,88.37945556640625,96.06999969482422,96.54000091552734,94.87999725341797,95.0,26771000
2018-04-18,88.7198715209961,96.44000244140625,96.72000122070312,95.5199966430664,96.22000122070312,21043300
2018-04-19,88.4162826538086,96.11000061035156,97.06999969482422,95.33999633789062,96.44000244140625,23552500
2018-04-20,87.39514923095703,95.0,96.11000061035156,94.05000305175781,95.91000366210938,31154400
2018-04-23,87.71709442138672,95.3499984741211,96.29000091552734,94.62999725341797,95.73999786376953,22331800
2018-04-24,85.66564178466797,93.12000274658203,96.47000122070312,92.41000366210938,96.23999786376953,34524800
2018-04-25,84.92046356201172,92.30999755859375,93.30000305175781,90.27999877929688,93.30000305175781,33729300
2018-04-26,86.7143783569336,94.26000213623047,95.1500015258789,93.0999984741211,93.55000305175781,42529000
2018-04-27,88.14949798583984,95.81999969482422,97.9000015258789,93.91000366210938,97.5999984741211,48272800
2018-04-30,86.03360748291016,93.5199966430664,96.4000015258789,93.1500015258789,96.33000183105469,41523600
2018-05-01,87.39514923095703,95.0,95.29000091552734,92.79000091552734,93.20999908447266,31408900
2018-05-02,86.02442932128906,93.51000213623047,95.16999816894531,93.19000244140625,94.98999786376953,27471000
2018-05-03,86.53960418701172,94.06999969482422,94.93000030517578,92.44999694824219,92.95999908447266,31142500
2018-05-04,87.54232788085938,95.16000366210938,95.37000274658203,92.91999816894531,93.31999969482422,22531300
2018-05-07,88.5174789428711,96.22000122070312,96.70999908447266,95.0999984741211,95.16999816894531,24242000
2018-05-08,88.14029693603516,95.80999755859375,96.16000366210938,95.05999755859375,95.8499984741211,23484600
2018-05-09,89.17984008789062,96.94000244140625,96.97000122070312,95.05000305175781,96.01000213623047,27327400
2018-05-10,90.07218933105469,97.91000366210938,97.94999694824219,97.05000305175781,97.45999908447266,22388100
2018-05-11,89.87898254394531,97.69999694824219,97.87000274658203,97.04000091552734,97.80000305175781,16778300
2018-05-14,90.18258666992188,98.02999877929688,98.69000244140625,97.30999755859375,97.91999816894531,19454100
2018-05-15,89.52941131591797,97.31999969482422,97.8499984741211,96.33999633789062,97.23999786376953,24594000
2018-05-16,89.76038360595703,97.1500015258789,97.4000015258789,96.62000274658203,97.36000061035156,17384700
2018-05-17,88.86418914794922,96.18000030517578,97.54000091552734,95.83000183105469,96.76000213623047,17246700
2018-05-18,89.0304946899414,96.36000061035156,96.93000030517578,96.01000213623047,96.01000213623047,17865800
2018-05-21,90.17616271972656,97.5999984741211,98.01000213623047,96.80000305175781,97.0,19422500
2018-05-22,90.0837631225586,97.5,98.16999816894531,97.19999694824219,97.68000030517578,15441200
2018-05-23,91.15554809570312,98.66000366210938,98.7300033569336,96.31999969482422,96.70999908447266,21251200
2018-05-24,90.83214569091797,98.30999755859375,98.94000244140625,96.80999755859375,98.7300033569336,26649300
2018-05-25,90.87837219238281,98.36000061035156,98.9800033569336,97.86000061035156,98.30000305175781,18363900
2018-05-29,90.55498504638672,98.01000213623047,98.87999725341797,97.2300033569336,97.83999633789062,28671000
2018-05-30,91.42349243164062,98.94999694824219,99.25,97.91000366210938,98.30999755859375,22158500
2018-05-31,91.32183074951172,98.83999633789062,99.98999786376953,98.61000061035156,99.29000091552734,34140900
2018-06-01,93.12354278564453,100.79000091552734,100.86000061035156,99.16999816894531,99.27999877929688,28655600
2018-06-04,93.93660736083984,101.66999816894531,101.86000061035156,100.8499984741211,101.26000213623047,27281600
2018-06-05,94.41705322265625,102.19000244140625,102.33000183105469,101.52999877929688,102.0,23514400
2018-06-06,94.69419860839844,102.48999786376953,102.5999984741211,101.9000015258789,102.4800033569336,21122900
2018-06-07,93.2066879272461,100.87999725341797,102.69000244140625,100.37999725341797,102.6500015258789,28232200
2018-06-08,93.8996353149414,101.62999725341797,101.94999694824219,100.54000091552734,101.08999633789062,22165100
2018-06-11,93.36375427246094,101.05000305175781,101.58999633789062,100.66999816894531,101.01000213623047,23490900
2018-06-12,93.60395050048828,101.30999755859375,101.44999694824219,100.75,101.0999984741211,18325200
2018-06-13,93.17897033691406,100.8499984741211,102.01000213623047,100.55999755859375,101.72000122070312,29492900
2018-06-14,93.70560455322266,101.41999816894531,102.02999877929688,101.0,101.6500015258789,25691800
2018-06-15,92.51372528076172,100.12999725341797,101.52999877929688,100.06999969482422,101.51000213623047,65738600
2018-06-18,93.18820190429688,100.86000061035156,101.11000061035156,99.41999816894531,100.01000213623047,23586000
2018-06-19,93.18820190429688,100.86000061035156,101.0,99.5,99.6500015258789,28653100
2018-06-20,94.12138366699219,101.87000274658203,102.5199966430664,101.12000274658203,101.37000274658203,26180800
2018-06-21,93.44690704345703,101.13999938964844,102.45999908447266,100.87999725341797,102.08000183105469,23198200
2018-06-22,92.77241516113281,100.41000366210938,100.7699966430664,99.62999725341797,100.41000366210938,38923100
2018-06-25,90.90609741210938,98.38999938964844,100.11000061035156,97.30000305175781,100.0,35433300
2018-06-26,91.54358673095703,99.08000183105469,100.08000183105469,98.75,98.81999969482422,26897200
2018-06-27,90.12073516845703,97.54000091552734,100.0199966430664,97.4000015258789,99.58000183105469,31298400
2018-06-28,91.1278076171875,98.62999725341797,99.11000061035156,97.26000213623047,97.37999725341797,26650700
2018-06-29,91.10934448242188,98.61000061035156,99.91000366210938,98.33000183105469,98.93000030517578,28053200
2018-07-02,92.4028549194336,100.01000213623047,100.05999755859375,98.0,98.0999984741211,19564500
2018-07-03,91.51587677001953,99.05000305175781,100.62999725341797,98.94000244140625,100.4800033569336,14670300
2018-07-05,92.17188262939453,99.76000213623047,99.91999816894531,99.02999877929688,99.5,18977400
2018-07-06,93.46538543701172,101.16000366210938,101.43000030517578,99.66999816894531,99.88999938964844,19234600
2018-07-09,94.1028823852539,101.8499984741211,102.25,101.25,101.6500015258789,18212000
2018-07-10,94.35236358642578,102.12000274658203,102.51000213623047,101.86000061035156,102.0,19293100
2018-07-11,94.22300720214844,101.9800033569336,102.33999633789062,101.0999984741211,101.1500015258789,19644600
2018-07-12,96.2649154663086,104.19000244140625,104.41000366210938,102.7300033569336,102.7699966430664,24335900
2018-07-13,97.41058349609375,105.43000030517578,105.5999984741211,104.08999633789062,104.37000274658203,24635200
2018-07-16,96.9301528930664,104.91000366210938,105.81999969482422,104.5199966430664,105.4000015258789,21786900
2018-07-17,97.89105987548828,105.94999694824219,106.5,104.31999969482422,104.61000061035156,25901700
2018-07-18,97.12419128417969,105.12000274658203,106.05000305175781,104.72000122070312,105.94000244140625,29493900
2018-07-19,96.45893859863281,104.4000015258789,105.30999755859375,103.88999938964844,104.93000030517578,40171600
2018-07-20,98.18671417236328,106.2699966430664,108.19999694824219,106.08000183105469,108.08000183105469,56004000
2018-07-23,99.75738525390625,107.97000122070312,108.13999938964844,106.12999725341797,106.30000305175781,29707000
2018-07-24,99.47097778320312,107.66000366210938,108.81999969482422,107.26000213623047,108.56999969482422,26316600
2018-07-25,102.39984893798828,110.83000183105469,111.1500015258789,107.5999984741211,107.95999908447266,30702100
2018-07-26,101.28187561035156,109.62000274658203,111.0,109.5,110.73999786376953,31372100
2018-07-27,99.48944854736328,107.68000030517578,110.18000030517578,106.13999938964844,110.18000030517578,37005300
2018-07-30,97.35517883300781,105.37000274658203,107.52999877929688,104.76000213623047,107.19000244140625,34668300
2018-07-31,98.01116180419922,106.08000183105469,106.72000122070312,105.37999725341797,106.48999786376953,27655200
2018-08-01,98.19593048095703,106.27999877929688,106.44999694824219,105.41999816894531,106.02999877929688,23628700
2018-08-02,99.38782501220703,107.56999969482422,108.08999633789062,104.83999633789062,105.4000015258789,26104300
2018-08-03,99.82205200195312,108.04000091552734,108.05000305175781,106.81999969482422,107.80000305175781,18659600
2018-08-06,99.90521240234375,108.12999725341797,108.41999816894531,107.55999755859375,108.12000274658203,20265900
2018-08-07,100.59815979003906,108.87999725341797,109.0999984741211,108.16999816894531,108.55999755859375,16080200
2018-08-08,101.16175079345703,109.48999786376953,109.75,108.76000213623047,109.33000183105469,15487500
2018-08-09,101.32807922363281,109.66999816894531,110.16000366210938,109.5999984741211,109.70999908447266,13677200
2018-08-10,100.70904541015625,109.0,109.69000244140625,108.37999725341797,109.41999816894531,18183700
2018-08-13,99.97913360595703,108.20999908447266,109.58000183105469,108.0999984741211,109.23999786376953,18472500
2018-08-14,101.22642517089844,109.55999755859375,109.75,108.04000091552734,108.55999755859375,16788300
2018-08-15,99.85376739501953,107.66000366210938,108.98999786376953,106.81999969482422,108.48999786376953,29982800
2018-08-16,99.83523559570312,107.63999938964844,108.86000061035156,107.30000305175781,108.30000305175781,21384300
2018-08-17,99.77955627441406,107.58000183105469,107.9000015258789,106.69000244140625,107.36000061035156,18061500
2018-08-20,99.12105560302734,106.87000274658203,107.9000015258789,106.4800033569336,107.51000213623047,17914200
2018-08-21,98.29559326171875,105.9800033569336,107.3499984741211,105.8499984741211,106.91999816894531,22881900
2018-08-22,99.29724884033203,107.05999755859375,107.33999633789062,105.77999877929688,105.8499984741211,18000600
2018-08-23,99.76101684570312,107.55999755859375,108.18000030517578,106.87000274658203,107.1500015258789,18167700
2018-08-24,100.54010772705078,108.4000015258789,108.55999755859375,107.55999755859375,107.66999816894531,17234000
2018-08-27,101.6530990600586,109.5999984741211,109.63999938964844,108.51000213623047,109.2699966430664,19662300
2018-08-28,102.26527404785156,110.26000213623047,110.5,109.79000091552734,109.94000244140625,19151500
2018-08-29,103.89761352539062,112.0199966430664,112.02999877929688,110.2699966430664,110.44999694824219,20818000
2018-08-30,103.83268737792969,111.94999694824219,112.61000061035156,111.44000244140625,111.66999816894531,22798700
2018-08-31,104.18516540527344,112.33000183105469,112.77999877929688,111.5199966430664,111.69000244140625,23222700
2018-09-04,103.610107421875,111.70999908447266,111.95999908447266,110.22000122070312,110.8499984741211,22634600
2018-09-05,100.62356567382812,108.48999786376953,111.41999816894531,108.0999984741211,111.01000213623047,32872400
2018-09-06,100.85542297363281,108.73999786376953,108.98999786376953,107.51000213623047,108.25,23477600
2018-09-07,100.36388397216797,108.20999908447266,108.72000122070312,107.2300033569336,108.2300033569336,22498600
2018-09-10,101.44905853271484,109.37999725341797,109.63999938964844,108.36000061035156,108.83999633789062,20727900
2018-09-11,103.17418670654297,111.23999786376953,111.58999633789062,108.88999938964844,108.9000015258789,24301800
2018-09-12,103.610107421875,111.70999908447266,111.8499984741211,110.51000213623047,111.43000030517578,18891100
2018-09-13,104.72311401367188,112.91000366210938,113.7300033569336,112.12000274658203,112.12000274658203,26055600
2018-09-14,105.14972686767578,113.37000274658203,113.7300033569336,112.44000244140625,113.36000061035156,19122300
2018-09-17,104.0089340209961,112.13999938964844,113.69999694824219,111.86000061035156,113.69000244140625,20736500
2018-09-18,105.0013427734375,113.20999908447266,113.69999694824219,111.72000122070312,112.19000244140625,22170900
2018-09-19,103.60083770751953,111.69999694824219,113.31999969482422,111.04000091552734,113.05000305175781,21728400
2018-09-20,105.33522033691406,113.56999969482422,113.80000305175781,111.93000030517578,112.27999877929688,23714500
2018-09-21,105.97521209716797,114.26000213623047,115.29000091552734,113.51000213623047,114.0,71229700
2018-09-24,106.35545349121094,114.66999816894531,114.9000015258789,112.22000122070312,113.02999877929688,27334500
2018-09-25,106.15142059326172,114.44999694824219,115.0999984741211,113.75,114.80000305175781,22668000
2018-09-26,105.71552276611328,113.9800033569336,115.05999755859375,113.73999786376953,114.47000122070312,19352000
2018-09-27,106.11433410644531,114.41000366210938,114.91000366210938,114.19999694824219,114.77999877929688,19091300
2018-09-28,106.07721710205078,114.37000274658203,114.56999969482422,113.68000030517578,114.19000244140625,21647800
2018-10-01,107.22732543945312,115.61000061035156,115.68000030517578,114.7300033569336,114.75,18883100
2018-10-02,106.80066680908203,115.1500015258789,115.83999633789062,114.44000244140625,115.30000305175781,20787200
2018-10-03,106.81922149658203,115.16999816894531,116.18000030517578,114.93000030517578,115.41999816894531,16648000
2018-10-04,104.61180114746094,112.79000091552734,114.76000213623047,111.62999725341797,114.61000061035156,34821700
2018-10-05,103.9996566772461,112.12999725341797,113.16999816894531,110.63999938964844,112.62999725341797,29068900
2018-10-08,102.81245422363281,110.8499984741211,112.02999877929688,109.33999633789062,111.66000366210938,29640600
2018-10-09,104.12020874023438,112.26000213623047,113.08000183105469,110.80000305175781,111.13999938964844,26198600
2018-10-10,98.46251678466797,106.16000366210938,111.5,105.79000091552734,111.23999786376953,61376300
2018-10-11,98.23065948486328,105.91000366210938,108.93000030517578,104.19999694824219,105.3499984741211,63904300
2018-10-12,101.62527465820312,109.56999969482422,111.23999786376953,107.12000274658203,109.01000213623047,47742100
2018-10-15,99.798095703125,107.5999984741211,109.4800033569336,106.94999694824219,108.91000366210938,32068100
2018-10-16,102.95159149169922,111.0,111.41000366210938,108.94999694824219,109.54000091552734,31610200
2018-10-17,102.68262481689453,110.70999908447266,111.80999755859375,109.55000305175781,111.68000030517578,26548200
2018-10-18,100.63285827636719,108.5,110.52999877929688,107.83000183105469,110.0999984741211,32506200
2018-10-19,100.78125762939453,108.66000366210938,110.86000061035156,108.20999908447266,108.93000030517578,32785500
2018-10-22,101.6809310913086,109.62999725341797,110.54000091552734,108.23999786376953,109.31999969482422,26545600
2018-10-23,100.26187133789062,108.0999984741211,108.97000122070312,105.11000061035156,107.7699966430664,43770400
2018-10-24,94.90096282958984,102.31999969482422,108.48999786376953,101.58999633789062,108.41000366210938,63897800
2018-10-25,100.4473648071289,108.30000305175781,109.2699966430664,106.1500015258789,106.55000305175781,61646800
2018-10-26,99.20451354980469,106.95999908447266,108.75,104.76000213623047,105.69000244140625,55523100
2018-10-29,96.32000732421875,103.8499984741211,108.69999694824219,101.62999725341797,108.11000061035156,55162000
2018-10-30,96.20870208740234,103.7300033569336,104.37999725341797,100.11000061035156,103.66000366210938,65350900
2018-10-31,99.06539154052734,106.80999755859375,108.13999938964844,105.38999938964844,105.44000244140625,51062400
2018-11-01,98.23992919921875,105.91999816894531,107.31999969482422,105.52999877929688,107.05000305175781,33384200
2018-11-02,98.46251678466797,106.16000366210938,107.31999969482422,104.9800033569336,106.4800033569336,37680200
2018-11-05,99.71463775634766,107.51000213623047,107.73999786376953,105.9000015258789,106.37000274658203,27922100
2018-11-06,99.90940856933594,107.72000122070312,108.83999633789062,106.27999877929688,107.37999725341797,24340200
2018-11-07,103.84197998046875,111.95999908447266,112.23999786376953,109.4000015258789,109.44000244140625,37901700
2018-11-08,103.647216796875,111.75,112.20999908447266,110.91000366210938,111.80000305175781,25644100
2018-11-09,101.62527465820312,109.56999969482422,111.44999694824219,108.76000213623047,110.8499984741211,32039200
2018-11-12,99.12105560302734,106.87000274658203,109.95999908447266,106.0999984741211,109.41999816894531,33621800
2018-11-13,99.18598937988281,106.94000244140625,108.73999786376953,106.63999938964844,107.55000305175781,35374600
2018-11-14,97.77940368652344,104.97000122070312,108.26000213623047,104.47000122070312,108.0999984741211,39495100
2018-11-15,99.93115997314453,107.27999877929688,107.80000305175781,103.91000366210938,104.98999786376953,38505200
2018-11-16,100.87197875976562,108.29000091552734,108.87999725341797,106.80000305175781,107.08000183105469,33502100
2018-11-19,97.45337677001953,104.62000274658203,108.55999755859375,103.55000305175781,108.2699966430664,44773900
2018-11-20,94.74272918701172,101.70999908447266,102.97000122070312,99.3499984741211,101.80000305175781,64052500
2018-11-21,96.04680633544922,103.11000061035156,104.43000030517578,102.23999786376953,103.5999984741211,28130600
2018-11-23,96.00956726074219,103.06999969482422,103.80999755859375,102.0,102.16999816894531,13823100
2018-11-26,99.17665100097656,106.47000122070312,106.62999725341797,104.58000183105469,104.79000091552734,32336200
2018-11-27,99.80076599121094,107.13999938964844,107.33000183105469,105.36000061035156,106.2699966430664,29124500
2018-11-28,103.50813293457031,111.12000274658203,111.33000183105469,107.86000061035156,107.88999938964844,46788500
2018-11-29,102.6418228149414,110.19000244140625,111.12000274658203,109.02999877929688,110.33000183105469,28123200
2018-11-30,103.29387664794922,110.88999938964844,110.97000122070312,109.36000061035156,110.69999694824219,33665600
2018-12-03,104.41166687011719,112.08999633789062,113.41999816894531,110.7300033569336,113.0,34732800
2018-12-04,101.08623504638672,108.5199966430664,112.63999938964844,108.20999908447266,111.94000244140625,45197000
2018-12-06,101.7103500366211,109.19000244140625,109.23999786376953,105.0,105.81999969482422,49107400
2018-12-07,97.63967895507812,104.81999969482422,109.44999694824219,104.30000305175781,108.37999725341797,45044900
2018-12-10,100.21994018554688,107.58999633789062,107.9800033569336,103.88999938964844,104.80000305175781,40801500
2018-12-11,101.15142822265625,108.58999633789062,110.94999694824219,107.44000244140625,109.80000305175781,42381900
2018-12-12,101.60787200927734,109.08000183105469,111.2699966430664,109.04000091552734,110.88999938964844,36183000
2018-12-13,101.9525146484375,109.44999694824219,110.87000274658203,108.62999725341797,109.58000183105469,31333400
2018-12-14,98.76679992675781,106.02999877929688,109.26000213623047,105.5,108.25,47043100
2018-12-17,95.84188842773438,102.88999938964844,105.80000305175781,101.70999908447266,105.41000366210938,56957300
2018-12-18,96.847900390625,103.97000122070312,104.51000213623047,102.5199966430664,103.75,49319200
2018-12-19,96.58708190917969,103.69000244140625,106.87999725341797,101.3499984741211,103.6500015258789,68198200
2018-12-20,94.55643463134766,101.51000213623047,104.30999755859375,98.77999877929688,103.05000305175781,70334200
2018-12-21,91.5011215209961,98.2300033569336,103.0,97.45999908447266,101.62999725341797,111242100
2018-12-24,87.68196868896484,94.12999725341797,97.97000122070312,93.9800033569336,97.68000030517578,43935200
2018-12-26,93.67150115966797,100.55999755859375,100.69000244140625,93.95999908447266,95.13999938964844,51634800
2018-12-27,94.24901580810547,101.18000030517578,101.19000244140625,96.4000015258789,99.30000305175781,49498500
2018-12-28,93.5131607055664,100.38999938964844,102.41000366210938,99.5199966430664,102.08999633789062,38196300
2018-12-31,94.61229705810547,101.56999969482422,102.4000015258789,100.44000244140625,101.29000091552734,33173800
2019-01-02,94.1931381225586,101.12000274658203,101.75,98.94000244140625,99.55000305175781,35329300
2019-01-03,90.72795867919922,97.4000015258789,100.19000244140625,97.19999694824219,100.0999984741211,42579100
2019-01-04,94.94768524169922,101.93000030517578,102.51000213623047,98.93000030517578,99.72000122070312,44060600
2019-01-07,95.06873321533203,102.05999755859375,103.2699966430664,100.9800033569336,101.63999938964844,35656100
2019-01-08,95.75804901123047,102.80000305175781,103.97000122070312,101.70999908447266,103.04000091552734,31514400
2019-01-09,97.1273422241211,104.2699966430664,104.87999725341797,103.23999786376953,103.86000061035156,32280800
2019-01-10,96.50325012207031,103.5999984741211,103.75,102.37999725341797,103.22000122070312,30067600
2019-01-11,95.75804901123047,102.80000305175781,103.44000244140625,101.63999938964844,103.19000244140625,28314200
2019-01-14,95.05944061279297,102.05000305175781,102.87000274658203,101.26000213623047,101.9000015258789,28437100
2019-01-15,97.81665802001953,105.01000213623047,105.05000305175781,101.87999725341797,102.51000213623047,31587600
2019-01-16,98.16130828857422,105.37999725341797,106.26000213623047,104.95999908447266,105.26000213623047,29853900
2019-01-17,98.85063934326172,106.12000274658203,106.62999725341797,104.76000213623047,105.0,28393000
2019-01-18,100.33171844482422,107.70999908447266,107.9000015258789,105.91000366210938,107.45999908447266,37427600
2019-01-22,98.44076538085938,105.68000030517578,107.0999984741211,104.86000061035156,106.75,32371300
2019-01-23,99.40020751953125,106.70999908447266,107.04000091552734,105.33999633789062,106.12000274658203,25874300
2019-01-24,98.92514038085938,106.19999694824219,107.0,105.33999633789062,106.86000061035156,23164800
2019-01-25,99.82868957519531,107.16999816894531,107.87999725341797,106.19999694824219,107.23999786376953,31225600
2019-01-28,97.88187408447266,105.08000183105469,106.4800033569336,104.66000366210938,106.26000213623047,29476700
2019-01-29,95.88848876953125,102.94000244140625,104.97000122070312,102.16999816894531,104.87999725341797,31490500
2019-01-30,99.09282684326172,106.37999725341797,106.37999725341797,104.33000183105469,104.62000274658203,49471900
2019-01-31,97.2763900756836,104.43000030517578,105.22000122070312,103.18000030517578,103.80000305175781,55636400
2019-02-01,95.73942565917969,102.77999877929688,104.0999984741211,102.3499984741211,103.77999877929688,35535700
2019-02-04,98.49667358398438,105.73999786376953,105.80000305175781,102.7699966430664,102.87000274658203,31315100
2019-02-05,99.87528991699219,107.22000122070312,107.2699966430664,105.95999908447266,106.05999755859375,27325400
2019-02-06,98.76679992675781,106.02999877929688,107.0,105.52999877929688,107.0,20609800
2019-02-07,98.05884552001953,105.2699966430664,105.58999633789062,104.29000091552734,105.19000244140625,29760700
2019-02-08,98.43144989013672,105.66999816894531,105.77999877929688,104.26000213623047,104.38999938964844,21461100
2019-02-11,98.04022216796875,105.25,106.58000183105469,104.97000122070312,106.19999694824219,18914100
2019-02-12,99.56787109375,106.88999938964844,107.13999938964844,105.4800033569336,106.13999938964844,25056600
2019-02-13,99.49337768554688,106.80999755859375,107.77999877929688,106.70999908447266,107.5,18394900
2019-02-14,99.57720184326172,106.9000015258789,107.29000091552734,105.66000366210938,106.30999755859375,21784700
2019-02-15,100.8067855834961,108.22000122070312,108.30000305175781,107.36000061035156,107.91000366210938,26606900
2019-02-19,100.76021575927734,108.16999816894531,108.66000366210938,107.77999877929688,107.79000091552734,18038500
2019-02-20,100.236328125,107.1500015258789,107.94000244140625,106.29000091552734,107.86000061035156,21607700
2019-02-21,102.35051727294922,109.41000366210938,109.4800033569336,106.87000274658203,106.9000015258789,29063200
2019-02-22,103.80986022949219,110.97000122070312,111.19999694824219,109.81999969482422,110.05000305175781,27763200
2019-02-25,104.38985443115234,111.58999633789062,112.18000030517578,111.26000213623047,111.76000213623047,23750600
2019-02-26,105.11016845703125,112.36000061035156,113.23999786376953,111.16999816894531,111.26000213623047,21536700
2019-02-27,104.93241882324219,112.16999816894531,112.36000061035156,110.87999725341797,111.69000244140625,21487100
2019-02-28,104.80145263671875,112.02999877929688,112.87999725341797,111.7300033569336,112.04000091552734,29083900
2019-03-01,105.2691879272461,112.52999877929688,113.0199966430664,111.66999816894531,112.88999938964844,23501200
2019-03-04,105.01660919189453,112.26000213623047,113.25,110.80000305175781,113.0199966430664,26608000
2019-03-05,104.49274444580078,111.69999694824219,112.38999938964844,111.2300033569336,112.25,19538300
2019-03-06,104.53955078125,111.75,112.66000366210938,111.43000030517578,111.87000274658203,17687000
2019-03-07,103.26728057861328,110.38999938964844,111.55000305175781,109.87000274658203,111.4000015258789,25339000
2019-03-08,103.37953186035156,110.51000213623047,110.70999908447266,108.80000305175781,109.16000366210938,22818400
2019-03-11,105.54985809326172,112.83000183105469,112.94999694824219,110.9800033569336,110.98999786376953,26491600
2019-03-12,106.28885650634766,113.62000274658203,113.98999786376953,112.6500015258789,112.81999969482422,26132700
2019-03-13,107.11209106445312,114.5,115.0,113.77999877929688,114.12999725341797,35513800
2019-03-14,107.19628143310547,114.58999633789062,115.19999694824219,114.33000183105469,114.54000091552734,30763400
2019-03-15,108.43113708496094,115.91000366210938,117.25,114.58999633789062,115.33999633789062,54681100
2019-03-18,109.98400115966797,117.56999969482422,117.61000061035156,116.05000305175781,116.16999816894531,31207600
2019-03-19,110.058837890625,117.6500015258789,118.44000244140625,116.98999786376953,118.08999633789062,37588700
2019-03-20,109.9372329711914,117.5199966430664,118.75,116.70999908447266,117.38999938964844,28113300
2019-03-21,112.46302032470703,120.22000122070312,120.81999969482422,117.08999633789062,117.13999938964844,29854400
2019-03-22,109.49754333496094,117.05000305175781,119.58999633789062,117.04000091552734,119.5,33624500
2019-03-25,110.06819915771484,117.66000366210938,118.01000213623047,116.31999969482422,116.55999755859375,27067100
2019-03-26,110.30208587646484,117.91000366210938,118.70999908447266,116.8499984741211,118.62000274658203,26097700
2019-03-27,109.2356185913086,116.7699966430664,118.20999908447266,115.5199966430664,117.87999725341797,22733400
2019-03-28,109.38529205322266,116.93000030517578,117.58000183105469,116.12999725341797,117.44000244140625,18334800
2019-03-29,110.33013153076172,117.94000244140625,118.31999969482422,116.95999908447266,118.06999969482422,25399800
2019-04-01,111.34042358398438,119.0199966430664,119.11000061035156,118.0999984741211,118.94999694824219,22789100
2019-04-02,111.49945068359375,119.19000244140625,119.4800033569336,118.5199966430664,119.05999755859375,18142300
2019-04-03,112.22913360595703,119.97000122070312,120.43000030517578,119.1500015258789,119.86000061035156,22860700
2019-04-04,111.65849304199219,119.36000061035156,120.2300033569336,118.37999725341797,120.0999984741211,20112800
2019-04-05,112.1543197631836,119.88999938964844,120.2300033569336,119.37000274658203,119.38999938964844,15826200
2019-04-08,112.19172668457031,119.93000030517578,120.0199966430664,118.63999938964844,119.80999755859375,15116200
2019-04-09,111.58367156982422,119.27999877929688,119.54000091552734,118.58000183105469,118.62999725341797,17612000
2019-04-10,112.43494415283203,120.19000244140625,120.3499984741211,119.54000091552734,119.76000213623047,16477200
2019-04-11,112.56590270996094,120.33000183105469,120.8499984741211,119.91999816894531,120.54000091552734,14209100
2019-04-12,113.14591979980469,120.94999694824219,120.9800033569336,120.37000274658203,120.63999938964844,19745100
2019-04-15,113.23946380615234,121.05000305175781,121.58000183105469,120.56999969482422,120.94000244140625,15792600
2019-04-16,112.97753143310547,120.7699966430664,121.6500015258789,120.0999984741211,121.63999938964844,14071800
2019-04-17,113.91300964355469,121.7699966430664,121.8499984741211,120.54000091552734,121.23999786376953,19300900
2019-04-18,115.40978240966797,123.37000274658203,123.5199966430664,121.30000305175781,122.19000244140625,27991000
2019-04-22,115.77460479736328,123.76000213623047,124.0,122.56999969482422,122.62000274658203,15648700
2019-04-23,117.34622192382812,125.44000244140625,125.58000183105469,123.83000183105469,124.0999984741211,24025500
2019-04-24,116.94396209716797,125.01000213623047,125.8499984741211,124.5199966430664,125.79000091552734,31257000
2019-04-25,120.81680297851562,129.14999389648438,131.3699951171875,128.8300018310547,130.05999755859375,38033900
2019-04-26,121.50907897949219,129.88999938964844,130.52000427246094,129.02000427246094,129.6999969482422,23654900
2019-04-29,121.39679718017578,129.77000427246094,130.17999267578125,129.35000610351562,129.89999389648438,16324200
2019-04-30,122.17327880859375,130.60000610351562,130.6999969482422,129.38999938964844,129.80999755859375,24166500
2019-05-01,119.62874603271484,127.87999725341797,130.64999389648438,127.69999694824219,130.52999877929688,26821700
2019-05-02,118.06653594970703,126.20999908447266,128.0,125.5199966430664,127.9800033569336,27350200
2019-05-03,120.58295440673828,128.89999389648438,129.42999267578125,127.25,127.36000061035156,24911100
2019-05-06,119.8813247680664,128.14999389648438,128.55999755859375,126.11000061035156,126.38999938964844,24239800
2019-05-07,117.4210433959961,125.5199966430664,127.18000030517578,124.22000122070312,126.45999908447266,36017700
2019-05-08,117.41168975830078,125.51000213623047,126.37000274658203,124.75,125.44000244140625,28419000
2019-05-09,117.40233612060547,125.5,125.79000091552734,123.56999969482422,124.29000091552734,27235800
2019-05-10,118.92715454101562,127.12999725341797,127.93000030517578,123.81999969482422,124.91000366210938,30915100
2019-05-13,115.39105987548828,123.3499984741211,125.55000305175781,123.04000091552734,124.11000061035156,33944900
2019-05-14,116.6820068359375,124.7300033569336,125.87999725341797,123.69999694824219,123.87000274658203,25266300
2019-05-15,118.32516479492188,126.0199966430664,126.70999908447266,123.69999694824219,124.26000213623047,24722700
2019-05-16,121.05746459960938,128.92999267578125,129.3800048828125,126.45999908447266,126.75,30112200
2019-05-17,120.24999237060547,128.07000732421875,130.4600067138672,127.91999816894531,128.30999755859375,25770500
2019-05-20,118.51294708251953,126.22000122070312,127.58999633789062,125.76000213623047,126.5199966430664,23706900
2019-05-21,119.15142822265625,126.9000015258789,127.52999877929688,126.58000183105469,127.43000030517578,15293300
2019-05-22,119.87439727783203,127.66999816894531,128.24000549316406,126.5199966430664,126.62000274658203,15396500
2019-05-23,118.47539520263672,126.18000030517578,126.29000091552734,124.73999786376953,126.19999694824219,23603800
2019-05-24,118.5317153930664,126.23999786376953,127.41999816894531,125.97000122070312,126.91000366210938,14123400
2019-05-28,118.45661163330078,126.16000366210938,128.0,126.05000305175781,126.9800033569336,23128400
2019-05-29,117.31111145019531,124.94000244140625,125.38999938964844,124.04000091552734,125.37999725341797,22763100
2019-05-30,118.05286407470703,125.7300033569336,125.76000213623047,124.77999877929688,125.26000213623047,16829600
2019-05-31,116.12805938720703,123.68000030517578,124.62000274658203,123.31999969482422,124.2300033569336,26646800
2019-06-03,112.52251434326172,119.83999633789062,124.37000274658203,119.01000213623047,123.8499984741211,37983600
2019-06-04,115.63980102539062,123.16000366210938,123.27999877929688,120.6500015258789,121.27999877929688,29382600
2019-06-05,118.14676666259766,125.83000183105469,125.87000274658203,124.20999908447266,124.94999694824219,24926100
2019-06-06,120.01524353027344,127.81999969482422,127.97000122070312,125.5999984741211,126.44000244140625,21459000
2019-06-07,123.37664794921875,131.39999389648438,132.25,128.25999450683594,129.19000244140625,33885600
2019-06-10,124.50337219238281,132.60000610351562,134.0800018310547,132.0,132.39999389648438,26477100
2019-06-11,124.03397369384766,132.10000610351562,134.24000549316406,131.27999877929688,133.8800048828125,23913700
2019-06-12,123.46117401123047,131.49000549316406,131.97000122070312,130.7100067138672,131.39999389648438,17092500
2019-06-13,124.24049377441406,132.32000732421875,133.0,131.55999755859375,131.97999572753906,17200800
2019-06-14,124.36253356933594,132.4499969482422,133.7899932861328,131.63999938964844,132.25999450683594,17821700
2019-06-17,124.73809814453125,132.85000610351562,133.72999572753906,132.52999877929688,132.6300048828125,14517800
2019-06-18,126.9070816040039,135.16000366210938,135.24000549316406,133.57000732421875,134.19000244140625,25934500
2019-06-19,127.40472412109375,135.69000244140625,135.92999267578125,133.80999755859375,135.0,23744400
2019-06-20,128.58773803710938,136.9499969482422,137.66000366210938,135.72000122070312,137.4499969482422,33042600
2019-06-21,128.60655212402344,136.97000122070312,137.72999572753906,136.4600067138672,136.5800018310547,36727900
2019-06-24,129.36709594726562,137.77999877929688,138.39999389648438,137.0,137.0,20628800
2019-06-25,125.28272247314453,133.42999267578125,137.58999633789062,132.72999572753906,137.25,33327400
2019-06-26,125.75215911865234,133.92999267578125,135.74000549316406,133.60000610351562,134.35000610351562,23657700
2019-06-27,125.95872497558594,134.14999389648438,134.7100067138672,133.50999450683594,134.13999938964844,16557500
2019-06-28,125.78033447265625,133.9600067138672,134.60000610351562,133.16000366210938,134.57000732421875,30043000
2019-07-01,127.39530181884766,135.67999267578125,136.6999969482422,134.97000122070312,136.6300048828125,22613500
2019-07-02,128.24034118652344,136.5800018310547,136.58999633789062,135.33999633789062,136.1199951171875,15237800
2019-07-03,129.0666046142578,137.4600067138672,137.74000549316406,136.2899932861328,136.8000030517578,13629300
2019-07-05,128.6910400390625,137.05999755859375,137.3300018310547,135.72000122070312,135.94000244140625,18141100
2019-07-08,128.59715270996094,136.9600067138672,137.10000610351562,135.3699951171875,136.39999389648438,16779700
2019-07-09,128.1277313232422,136.4600067138672,136.97000122070312,135.8000030517578,136.0,19953100
2019-07-10,129.43284606933594,137.85000610351562,138.5800018310547,137.02000427246094,137.1300048828125,24204400
2019-07-11,129.94923400878906,138.39999389648438,139.22000122070312,137.8699951171875,138.1999969482422,22327900
2019-07-12,130.418701171875,138.89999389648438,139.1300048828125,138.00999450683594,138.85000610351562,18936800
2019-07-15,130.418701171875,138.89999389648438,139.5399932861328,138.4600067138672,139.44000244140625,16651500
2019-07-16,128.70985412597656,137.0800018310547,139.0500030517578,136.52000427246094,138.9600067138672,22726100
2019-07-17,127.94929504394531,136.27000427246094,137.92999267578125,136.22000122070312,137.6999969482422,20211000
2019-07-18,128.09011840820312,136.4199981689453,136.6199951171875,134.6699981689453,135.5500030517578,30381800
2019-07-19,128.27789306640625,136.6199951171875,140.6699981689453,136.4499969482422,140.22000122070312,48992400
2019-07-22,129.97740173339844,138.42999267578125,139.19000244140625,137.3300018310547,137.41000366210938,25074900
2019-07-23,130.78488159179688,139.2899932861328,139.99000549316406,138.02999877929688,139.75999450683594,18034600
2019-07-24,132.12754821777344,140.72000122070312,140.74000549316406,138.85000610351562,138.89999389648438,20738300
2019-07-25,131.6299285888672,140.19000244140625,140.61000061035156,139.32000732421875,140.42999267578125,18356900
2019-07-26,132.70973205566406,141.33999633789062,141.67999267578125,140.3000030517578,140.3699951171875,19037600
2019-07-29,132.41867065429688,141.02999877929688,141.50999450683594,139.3699951171875,141.5,16605900
2019-07-30,131.78016662597656,140.35000610351562,141.22000122070312,139.8000030517578,140.13999938964844,16846500
2019-07-31,127.94929504394531,136.27000427246094,140.49000549316406,135.0800018310547,140.3300018310547,38598800
2019-08-01,129.62997436523438,138.05999755859375,140.94000244140625,136.92999267578125,137.0,40557500
2019-08-02,128.54078674316406,136.89999389648438,138.32000732421875,135.25999450683594,138.08999633789062,30791600
2019-08-05,124.13717651367188,132.2100067138672,133.92999267578125,130.77999877929688,133.3000030517578,42749600
2019-08-06,126.46575164794922,134.69000244140625,135.67999267578125,133.2100067138672,133.8000030517578,32696700
2019-08-07,127.01972961425781,135.27999877929688,135.64999389648438,131.8300018310547,133.7899932861328,33414500
2019-08-08,130.4093475341797,138.88999938964844,138.99000549316406,135.92999267578125,136.60000610351562,27496500
2019-08-09,129.3013916015625,137.7100067138672,139.3800048828125,136.4600067138672,138.61000061035156,23466700
2019-08-12,127.4985580444336,135.7899932861328,137.86000061035156,135.24000549316406,137.07000732421875,20484300
2019-08-13,130.13702392578125,138.60000610351562,138.8000030517578,135.0,136.0500030517578,25154600
2019-08-14,126.21806335449219,133.97999572753906,136.9199981689453,133.6699981689453,136.36000061035156,32527300
2019-08-15,125.93537139892578,133.67999267578125,134.5800018310547,132.25,134.38999938964844,28074400
2019-08-16,128.24349975585938,136.1300048828125,136.4600067138672,134.72000122070312,134.8800048828125,24449100
2019-08-19,130.3914031982422,138.41000366210938,138.5500030517578,136.88999938964844,137.85000610351562,24355700
2019-08-20,129.30801391601562,137.25999450683594,138.7100067138672,137.24000549316406,138.2100067138672,21170800
2019-08-21,130.74935913085938,138.7899932861328,139.49000549316406,138.0,138.5500030517578,14970300
2019-08-22,129.79788208007812,137.77999877929688,139.1999969482422,136.2899932861328,138.66000366210938,18697000
2019-08-23,125.66220092773438,133.38999938964844,138.35000610351562,132.8000030517578,137.19000244140625,38508600
2019-08-26,127.60285949707031,135.4499969482422,135.55999755859375,133.89999389648438,134.99000549316406,20312600
2019-08-27,127.87606811523438,135.74000549316406,136.72000122070312,134.66000366210938,136.38999938964844,23102100
2019-08-28,127.70648956298828,135.55999755859375,135.75999450683594,133.5500030517578,134.8800048828125,17393300
2019-08-29,130.11814880371094,138.1199951171875,138.44000244140625,136.91000366210938,137.25,20168700
2019-08-30,129.8732147216797,137.86000061035156,139.17999267578125,136.27000427246094,139.14999389648438,23940100
2019-09-03,128.15867614746094,136.0399932861328,137.1999969482422,135.6999969482422,136.61000061035156,18869300
2019-09-04,129.65655517578125,137.6300048828125,137.69000244140625,136.47999572753906,137.3000030517578,17995900
2019-09-05,131.9363555908203,140.0500030517578,140.3800048828125,138.75999450683594,139.11000061035156,26101800
2019-09-06,131.04141235351562,139.10000610351562,140.17999267578125,138.1999969482422,140.02999877929688,20824500
2019-09-09,129.55291748046875,137.52000427246094,139.75,136.4600067138672,139.58999633789062,25773900
2019-09-10,128.19638061523438,136.0800018310547,136.88999938964844,134.50999450683594,136.8000030517578,28903400
2019-09-11,128.23402404785156,136.1199951171875,136.27000427246094,135.08999633789062,135.91000366210938,24726100
2019-09-12,129.55291748046875,137.52000427246094,138.4199981689453,136.8699951171875,137.85000610351562,27010000
2019-09-13,129.36451721191406,137.32000732421875,138.05999755859375,136.57000732421875,137.77999877929688,23363100
2019-09-16,128.43186950683594,136.3300018310547,136.6999969482422,135.66000366210938,135.8300018310547,16731400
2019-09-17,129.4304962158203,137.38999938964844,137.52000427246094,136.42999267578125,136.9600067138672,17814200
2019-09-18,130.49501037597656,138.52000427246094,138.6699981689453,136.52999877929688,137.36000061035156,23982100
2019-09-19,132.8972930908203,141.07000732421875,142.3699951171875,140.07000732421875,140.3000030517578,35772100
2019-09-20,131.36172485351562,139.44000244140625,141.64999389648438,138.25,141.00999450683594,39167300
2019-09-23,131.0790557861328,139.13999938964844,139.6300048828125,138.44000244140625,139.22999572753906,17139300
2019-09-24,129.42105102539062,137.3800048828125,140.69000244140625,136.8800048828125,140.36000061035156,29773200
2019-09-25,131.2863311767578,139.36000061035156,139.9600067138672,136.02999877929688,137.5,21382000
2019-09-26,131.45591735839844,139.5399932861328,140.17999267578125,138.44000244140625,139.44000244140625,17456600
2019-09-27,129.7507781982422,137.72999572753906,140.36000061035156,136.64999389648438,140.14999389648438,22477700
2019-09-30,130.97547912597656,139.02999877929688,139.22000122070312,137.77999877929688,138.0500030517578,17280900
2019-10-01,129.12899780273438,137.07000732421875,140.25,137.0,139.66000366210938,21466600
2019-10-02,126.84922790527344,134.64999389648438,136.3699951171875,133.5800018310547,136.25,30521700
2019-10-03,128.384765625,136.27999877929688,136.75,133.22000122070312,134.9499969482422,24132900
2019-10-04,130.11814880371094,138.1199951171875,138.25,136.4199981689453,136.75,22897700
2019-10-07,129.17608642578125,137.1199951171875,138.17999267578125,137.02000427246094,137.13999938964844,15303700
2019-10-08,127.81010437011719,135.6699981689453,137.75999450683594,135.6199951171875,137.0800018310547,25550500
2019-10-09,130.23123168945312,138.24000549316406,138.6999969482422,136.97000122070312,137.4600067138672,19749900
2019-10-10,131.04141235351562,139.10000610351562,139.6699981689453,138.25,138.49000549316406,17654600
2019-10-11,131.58778381347656,139.67999267578125,141.02999877929688,139.5,140.1199951171875,25446000
2019-10-14,131.46534729003906,139.5500030517578,140.2899932861328,139.52000427246094,139.69000244140625,13304300
2019-10-15,133.36834716796875,141.57000732421875,141.7899932861328,139.80999755859375,140.05999755859375,19695700
2019-10-16,132.2755126953125,140.41000366210938,140.99000549316406,139.52999877929688,140.7899932861328,20751600
2019-10-17,131.59719848632812,139.69000244140625,141.4199981689453,139.02000427246094,140.9499969482422,21460600
2019-10-18,129.44931030273438,137.41000366210938,140.0,136.55999755859375,139.75999450683594,32273500
2019-10-21,130.41024780273438,138.42999267578125,138.5,137.00999450683594,138.4499969482422,20078200
2019-10-22,128.4695587158203,136.3699951171875,140.00999450683594,136.25999450683594,138.97000122070312,27431000
2019-10-23,129.28921508789062,137.24000549316406,137.4499969482422,135.61000061035156,136.8800048828125,29844600
2019-10-24,131.832763671875,139.94000244140625,140.4199981689453,138.6699981689453,139.38999938964844,37029300
2019-10-25,132.5769500732422,140.72999572753906,141.13999938964844,139.1999969482422,139.33999633789062,25959700
2019-10-28,135.83651733398438,144.19000244140625,145.6699981689453,143.50999450683594,144.39999389648438,35280100
2019-10-29,134.55540466308594,142.8300018310547,144.5,142.64999389648438,144.0800018310547,20589500
2019-10-30,136.23220825195312,144.61000061035156,145.0,142.7899932861328,143.52000427246094,18496600
2019-10-31,135.06399536132812,143.3699951171875,144.92999267578125,142.99000549316406,144.89999389648438,24605100
2019-11-01,135.39376831054688,143.72000122070312,144.4199981689453,142.97000122070312,144.25999450683594,33128400
2019-11-04,136.1756591796875,144.5500030517578,145.0,144.16000366210938,144.8300018310547,16912000
2019-11-05,136.0908660888672,144.4600067138672,145.02000427246094,143.91000366210938,144.97000122070312,18250200
2019-11-06,135.7140350341797,144.05999755859375,144.52000427246094,143.1999969482422,144.3699951171875,16575800
2019-11-07,135.90243530273438,144.25999450683594,144.8800048828125,143.77000427246094,143.83999633789062,17786700
2019-11-08,137.50399780273438,145.9600067138672,145.99000549316406,143.75999450683594,143.97999572753906,16732700
2019-11-11,137.64529418945312,146.11000061035156,146.4199981689453,144.72999572753906,145.33999633789062,14362600
2019-11-12,138.5496826171875,147.07000732421875,147.57000732421875,146.05999755859375,146.27999877929688,18641600
2019-11-13,138.7757568359375,147.30999755859375,147.4600067138672,146.27999877929688,146.74000549316406,16919200
2019-11-14,139.48231506347656,148.05999755859375,148.41000366210938,147.0,147.02000427246094,19729800
2019-11-15,141.28164672851562,149.97000122070312,149.99000549316406,148.27000427246094,148.92999267578125,23485700
2019-11-18,141.63023376464844,150.33999633789062,150.5500030517578,148.97999572753906,150.07000732421875,21534000
2019-11-19,141.67733764648438,150.38999938964844,151.3300018310547,150.1999969482422,150.8800048828125,23935700
2019-11-20,141.43157958984375,149.6199951171875,150.83999633789062,148.4600067138672,150.30999755859375,25696800
2019-11-21,141.29920959472656,149.47999572753906,149.8000030517578,148.5,149.39999389648438,18576100
2019-11-22,141.40318298339844,149.58999633789062,150.3000030517578,148.82000732421875,150.07000732421875,15901800
2019-11-25,142.95346069335938,151.22999572753906,151.35000610351562,149.9199981689453,150.0,22420900
2019-11-26,143.7096710205078,152.02999877929688,152.4199981689453,151.32000732421875,151.36000061035156,24620100
2019-11-27,143.98379516601562,152.32000732421875,152.5,151.52000427246094,152.3300018310547,15184400
2019-11-29,143.09519958496094,151.3800048828125,152.3000030517578,151.27999877929688,152.10000610351562,11977300
2019-12-02,141.36541748046875,149.5500030517578,151.8300018310547,148.32000732421875,151.80999755859375,27418400
2019-12-03,141.13853454589844,149.30999755859375,149.42999267578125,146.64999389648438,147.49000549316406,24066000
2019-12-04,141.64892578125,149.85000610351562,150.17999267578125,149.1999969482422,150.13999938964844,17574700
2019-12-05,141.7245635986328,149.92999267578125,150.32000732421875,149.47999572753906,150.0500030517578,17869100
2019-12-06,143.4450225830078,151.75,151.8699951171875,150.27000427246094,150.99000549316406,16403500
2019-12-09,143.0763397216797,151.36000061035156,152.2100067138672,150.91000366210938,151.07000732421875,16687400
2019-12-10,142.85891723632812,151.1300048828125,151.88999938964844,150.75999450683594,151.2899932861328,16476100
2019-12-11,143.39772033691406,151.6999969482422,151.8699951171875,150.3300018310547,151.5399932861328,18856600
2019-12-12,144.85345458984375,153.24000549316406,153.44000244140625,151.02000427246094,151.64999389648438,24612100
2019-12-13,146.07284545898438,154.52999877929688,154.88999938964844,152.8300018310547,153.0,23845400
2019-12-16,147.0181121826172,155.52999877929688,155.89999389648438,154.82000732421875,155.11000061035156,24144200
2019-12-17,146.2240753173828,154.69000244140625,155.7100067138672,154.4499969482422,155.4499969482422,25425600
2019-12-18,145.92161560058594,154.3699951171875,155.47999572753906,154.17999267578125,154.3000030517578,24129200
2019-12-19,147.18824768066406,155.7100067138672,155.77000427246094,153.75,154.0,24958900
2019-12-20,148.79525756835938,157.41000366210938,158.49000549316406,156.2899932861328,157.35000610351562,53477500
2019-12-23,148.79525756835938,157.41000366210938,158.1199951171875,157.27000427246094,158.1199951171875,17718200
2019-12-24,148.766845703125,157.3800048828125,157.7100067138672,157.1199951171875,157.47999572753906,8989200
2019-12-26,149.98629760742188,158.6699981689453,158.72999572753906,157.39999389648438,157.55999755859375,14520600
2019-12-27,150.26039123535156,158.9600067138672,159.5500030517578,158.22000122070312,159.4499969482422,18412800
2019-12-30,148.9653778076172,157.58999633789062,159.02000427246094,156.72999572753906,158.99000549316406,16348400
2019-12-31,149.06936645507812,157.6999969482422,157.77000427246094,156.4499969482422,156.77000427246094,18369400
2020-01-02,151.82955932617188,160.6199951171875,160.72999572753906,158.3300018310547,158.77999877929688,22622100
2020-01-03,149.9390411376953,158.6199951171875,159.9499969482422,158.05999755859375,158.32000732421875,21116200
2020-01-06,150.32655334472656,159.02999877929688,159.10000610351562,156.50999450683594,157.0800018310547,20813700
2020-01-07,148.95591735839844,157.5800018310547,159.6699981689453,157.32000732421875,159.32000732421875,21634100
2020-01-08,151.3285369873047,160.08999633789062,160.8000030517578,157.9499969482422,158.92999267578125,27746500
2020-01-09,153.21908569335938,162.08999633789062,162.22000122070312,161.02999877929688,161.83999633789062,21385000
2020-01-10,152.51016235351562,161.33999633789062,163.22000122070312,161.17999267578125,162.82000732421875,20725900
2020-01-13,154.34393310546875,163.27999877929688,163.30999755859375,161.25999450683594,161.75999450683594,21626500
2020-01-14,153.2569122314453,162.1300048828125,163.60000610351562,161.72000122070312,163.38999938964844,23477400
2020-01-15,154.2494659423828,163.17999267578125,163.94000244140625,162.57000732421875,162.6199951171875,21417900
2020-01-16,157.0758056640625,166.1699981689453,166.24000549316406,164.02999877929688,164.35000610351562,23865400
2020-01-17,157.95492553710938,167.10000610351562,167.47000122070312,165.42999267578125,167.4199981689453,34371700
2020-01-21,157.3877716064453,166.5,168.19000244140625,166.42999267578125,166.67999267578125,29517200
2020-01-22,156.6315460205078,165.6999969482422,167.49000549316406,165.67999267578125,167.39999389648438,24138800
2020-01-23,157.59567260742188,166.72000122070312,166.8000030517578,165.27000427246094,166.19000244140625,19680800
2020-01-24,156.00762939453125,165.0399932861328,167.52999877929688,164.4499969482422,167.50999450683594,24918100
2020-01-27,153.39871215820312,162.27999877929688,163.3800048828125,160.1999969482422,161.14999389648438,32078100
2020-01-28,156.40472412109375,165.4600067138672,165.75999450683594,163.07000732421875,163.77999877929688,24899900
2020-01-29,158.84349060058594,168.0399932861328,168.75,165.69000244140625,167.83999633789062,34754500
2020-01-30,163.32406616210938,172.77999877929688,174.0500030517578,170.7899932861328,174.0500030517578,51597500
2020-01-31,160.91360473632812,170.22999572753906,172.39999389648438,169.5800018310547,172.2100067138672,36142700
2020-02-03,164.8365020751953,174.3800048828125,174.5,170.39999389648438,170.42999267578125,30107000
2020-02-04,170.2623291015625,180.1199951171875,180.63999938964844,176.30999755859375,177.13999938964844,36433300
2020-02-05,170.05438232421875,179.89999389648438,184.1999969482422,178.41000366210938,184.02999877929688,39186300
2020-02-06,173.5802459716797,183.6300048828125,183.82000732421875,180.05999755859375,180.97000122070312,27751400
2020-02-07,173.82601928710938,183.88999938964844,185.6300048828125,182.47999572753906,182.85000610351562,33529100
2020-02-10,178.372802734375,188.6999969482422,188.83999633789062,183.25,183.5800018310547,35844300
2020-02-11,174.34593200683594,184.44000244140625,190.6999969482422,183.5,190.64999389648438,53159900
2020-02-12,174.60110473632812,184.7100067138672,185.85000610351562,181.85000610351562,185.5800018310547,47062900
2020-02-13,173.6559295654297,183.7100067138672,186.22999572753906,182.8699951171875,183.0800018310547,35295800
2020-02-14,175.20616149902344,185.35000610351562,185.41000366210938,182.64999389648438,183.25,23149500
2020-02-18,176.9832000732422,187.22999572753906,187.6999969482422,185.5,185.61000061035156,27792200
2020-02-19,177.51402282714844,187.27999877929688,188.17999267578125,186.47000122070312,188.05999755859375,29997500
2020-02-20,174.8031768798828,184.4199981689453,187.25,181.10000610351562,186.9499969482422,36862400
2020-02-21,169.27716064453125,178.58999633789062,183.5,177.25,183.1699981689453,48572600
2020-02-24,161.9787139892578,170.88999938964844,174.5500030517578,163.22999572753906,167.77000427246094,68311100
2020-02-25,159.30577087402344,168.07000732421875,174.83999633789062,167.64999389648438,174.1999969482422,68073300
2020-02-26,161.2962646484375,170.1699981689453,173.25999450683594,168.2100067138672,169.7100067138672,56206100
2020-02-27,149.9315185546875,158.17999267578125,167.02999877929688,157.97999572753906,163.32000732421875,93174900
2020-02-28,153.56175231933594,162.00999450683594,163.7100067138672,152.0,152.41000366210938,97012700
2020-03-02,163.77963256835938,172.7899932861328,172.9199981689453,162.30999755859375,165.30999755859375,71030800
2020-03-03,155.93141174316406,164.50999450683594,175.0,162.25999450683594,173.8000030517578,71677000
2020-03-04,161.65646362304688,170.5500030517578,170.6999969482422,165.6199951171875,168.49000549316406,49814400
2020-03-05,157.5996551513672,166.27000427246094,170.8699951171875,165.69000244140625,166.0500030517578,47817300
2020-03-06,153.1446990966797,161.57000732421875,163.11000061035156,156.0,162.61000061035156,72821100
2020-03-09,142.7657012939453,150.6199951171875,157.75,150.0,151.0,70419300
2020-03-10,152.52862548828125,160.9199981689453,161.02999877929688,152.5800018310547,158.16000366210938,65354400
2020-03-11,145.61874389648438,153.6300048828125,157.6999969482422,151.14999389648438,157.1300048828125,56371600
2020-03-12,131.80856323242188,139.05999755859375,153.47000122070312,138.5800018310547,145.3000030517578,93226400
2020-03-13,150.54757690429688,158.8300018310547,161.91000366210938,140.72999572753906,147.5,92727400
2020-03-16,128.35830688476562,135.4199981689453,149.35000610351562,135.0,140.0,87905900
2020-03-17,138.9269256591797,146.57000732421875,147.5,135.0,140.0,81059800
2020-03-18,133.0786590576172,140.39999389648438,146.0,135.02000427246094,138.0,81593200
2020-03-19,135.2681884765625,142.7100067138672,150.14999389648438,139.0,142.77000427246094,85922700
2020-03-20,130.18771362304688,137.35000610351562,147.10000610351562,135.86000061035156,146.0,84866200
2020-03-23,128.88912963867188,135.97999572753906,140.57000732421875,132.52000427246094,137.00999450683594,78975200
2020-03-24,140.60462951660156,148.33999633789062,149.60000610351562,141.27000427246094,143.75,82516700
2020-03-25,139.25868225097656,146.9199981689453,154.3300018310547,144.44000244140625,148.91000366210938,75638200
2020-03-26,147.9694366455078,156.11000061035156,156.66000366210938,148.3699951171875,148.39999389648438,64568100
2020-03-27,141.8936767578125,149.6999969482422,154.88999938964844,149.1999969482422,151.75,57042300
2020-03-30,151.8745880126953,160.22999572753906,160.60000610351562,150.00999450683594,152.44000244140625,63420300
2020-03-31,149.4860382080078,157.7100067138672,164.77999877929688,156.55999755859375,159.39999389648438,77927200
2020-04-01,144.17800903320312,152.11000061035156,157.75,150.82000732421875,153.0,57969900
2020-04-02,147.16372680664062,155.25999450683594,155.47999572753906,150.36000061035156,151.86000061035156,49630700
2020-04-03,145.80833435058594,153.8300018310547,157.3800048828125,152.19000244140625,155.10000610351562,41243300
2020-04-06,156.6518096923828,165.27000427246094,166.5,157.5800018310547,160.32000732421875,67111700
2020-04-07,154.964599609375,163.49000549316406,170.0,163.25999450683594,169.58999633789062,62769000
2020-04-08,156.5190887451172,165.1300048828125,166.6699981689453,163.5,165.6699981689453,48318200
2020-04-09,156.5285186767578,165.13999938964844,167.3699951171875,163.3300018310547,166.36000061035156,51385100
2020-04-13,156.8792266845703,165.50999450683594,165.57000732421875,162.3000030517578,164.35000610351562,41905300
2020-04-14,164.64215087890625,173.6999969482422,173.75,168.0,169.0,52874300
2020-04-15,162.9170684814453,171.8800048828125,173.57000732421875,169.24000549316406,171.1999969482422,40940800
2020-04-16,167.8080291748047,177.0399932861328,177.27999877929688,172.89999389648438,174.3000030517578,50479600
2020-04-17,169.2866668701172,178.60000610351562,180.0,175.8699951171875,179.5,52765600
2020-04-20,165.93130493164062,175.05999755859375,178.75,174.99000549316406,176.6300048828125,36669600
2020-04-21,159.06878662109375,167.82000732421875,173.6699981689453,166.11000061035156,173.5,56203700
2020-04-22,164.47158813476562,173.52000427246094,174.0,170.82000732421875,171.38999938964844,34620200
2020-04-23,162.4810791015625,171.4199981689453,175.05999755859375,170.91000366210938,174.11000061035156,32790800
2020-04-24,165.44786071777344,174.5500030517578,174.55999755859375,170.7100067138672,172.05999755859375,34277600
2020-04-27,164.97393798828125,174.0500030517578,176.89999389648438,173.3000030517578,176.58999633789062,33194400
2020-04-28,160.95501708984375,169.80999755859375,175.6699981689453,169.38999938964844,175.58999633789062,34392700
2020-04-29,168.17770385742188,177.42999267578125,177.67999267578125,171.8800048828125,173.22000122070312,51286600
2020-04-30,169.86483764648438,179.2100067138672,180.39999389648438,176.22999572753906,180.0,53875900
2020-05-01,165.466796875,174.57000732421875,178.63999938964844,174.00999450683594,175.8000030517578,39370500
2020-05-04,169.51416015625,178.83999633789062,179.0,173.8000030517578,174.49000549316406,30372900
2020-05-05,171.3340301513672,180.75999450683594,183.64999389648438,179.89999389648438,180.6199951171875,36839200
2020-05-06,173.02120971679688,182.5399932861328,184.1999969482422,181.6300048828125,182.0800018310547,32139300
2020-05-07,174.0259246826172,183.60000610351562,184.5500030517578,182.5800018310547,184.1699981689453,28316000
2020-05-08,175.0496368408203,184.67999267578125,185.0,183.36000061035156,184.97999572753906,30877800
2020-05-11,177.00218200683594,186.74000549316406,187.50999450683594,182.85000610351562,183.14999389648438,30892700
2020-05-12,172.99281311035156,182.50999450683594,187.0399932861328,182.3000030517578,186.8000030517578,32038200
2020-05-13,170.37669372558594,179.75,184.0500030517578,176.5399932861328,182.5500030517578,44711500
2020-05-14,171.11599731445312,180.52999877929688,180.69000244140625,175.67999267578125,177.5399932861328,41873900
2020-05-15,173.60890197753906,183.16000366210938,187.05999755859375,177.0,179.05999755859375,46610400
2020-05-18,175.26760864257812,184.91000366210938,186.1999969482422,183.9600067138672,185.75,35264500
2020-05-19,174.0543670654297,183.6300048828125,186.60000610351562,183.49000549316406,185.02999877929688,26799100
2020-05-20,176.46864318847656,185.66000366210938,185.85000610351562,183.94000244140625,184.80999755859375,31261300
2020-05-21,174.3490447998047,183.42999267578125,186.6699981689453,183.2899932861328,185.39999389648438,29119500
2020-05-22,174.42507934570312,183.50999450683594,184.4600067138672,182.5399932861328,183.19000244140625,20826900
2020-05-26,172.5810546875,181.57000732421875,186.5,181.10000610351562,186.33999633789062,36073600
2020-05-27,172.80923461914062,181.80999755859375,181.99000549316406,176.60000610351562,180.1999969482422,39517100
2020-05-28,172.4195098876953,181.39999389648438,184.14999389648438,180.3800048828125,180.74000549316406,33810200
2020-05-29,174.17796325683594,183.25,184.27000427246094,180.41000366210938,182.72999572753906,42130400
2020-06-01,173.77874755859375,182.8300018310547,183.0,181.4600067138672,182.5399932861328,22622400
2020-06-02,175.7557373046875,184.91000366210938,185.0,181.35000610351562,184.25,30794600
2020-06-03,176.18353271484375,185.36000061035156,185.94000244140625,183.5800018310547,184.82000732421875,27311000
2020-06-04,173.8642578125,182.9199981689453,185.83999633789062,182.3000030517578,184.3000030517578,28761800
2020-06-05,177.932373046875,187.1999969482422,187.72999572753906,182.00999450683594,182.6199951171875,39893600
2020-06-08,179.0349578857422,188.36000061035156,188.5500030517578,184.44000244140625,185.94000244140625,33211600
2020-06-09,180.4036407470703,189.8000030517578,190.6999969482422,187.25999450683594,188.0,29783900
2020-06-10,187.0951385498047,196.83999633789062,198.52000427246094,191.00999450683594,191.1300048828125,43872300
2020-06-11,177.0484161376953,186.27000427246094,195.75999450683594,186.07000732421875,193.1300048828125,52854700
2020-06-12,178.4456787109375,187.74000549316406,191.72000122070312,185.17999267578125,190.5399932861328,43373600
2020-06-15,179.58624267578125,188.94000244140625,190.82000732421875,184.00999450683594,184.5800018310547,32770200
2020-06-16,183.98703002929688,193.57000732421875,195.5800018310547,191.4600067138672,192.88999938964844,42556700
2020-06-17,184.62384033203125,194.24000549316406,196.32000732421875,193.69000244140625,195.02999877929688,25687800
2020-06-18,186.6008758544922,196.32000732421875,196.49000549316406,194.0,194.0,23061600
2020-06-19,185.48880004882812,195.14999389648438,199.2899932861328,194.3699951171875,198.58999633789062,44441100
2020-06-22,190.64053344726562,200.57000732421875,200.75999450683594,195.22999572753906,195.7899932861328,32818900
2020-06-23,191.9141387939453,201.91000366210938,203.9499969482422,201.42999267578125,202.08999633789062,30917400
2020-06-24,188.045654296875,197.83999633789062,203.25,196.55999755859375,201.60000610351562,36740600
2020-06-25,190.42185974121094,200.33999633789062,200.61000061035156,195.47000122070312,197.8000030517578,27803900
2020-06-26,186.61036682128906,196.3300018310547,199.88999938964844,194.8800048828125,199.72999572753906,54675800
2020-06-29,188.61595153808594,198.44000244140625,198.52999877929688,193.5500030517578,195.77999877929688,26701600
2020-06-30,193.43492126464844,203.50999450683594,204.39999389648438,197.74000549316406,197.8800048828125,34310300
2020-07-01,194.5660400390625,204.6999969482422,206.35000610351562,201.77000427246094,203.13999938964844,32061200
2020-07-02,196.04881286621094,206.25999450683594,208.02000427246094,205.0,205.67999267578125,29315800
2020-07-06,200.2689666748047,210.6999969482422,211.1300048828125,208.08999633789062,208.8300018310547,31897600
2020-07-07,197.94024658203125,208.25,214.6699981689453,207.99000549316406,210.4499969482422,33600700
2020-07-08,202.29356384277344,212.8300018310547,213.25999450683594,208.69000244140625,210.07000732421875,33600000
2020-07-09,203.70982360839844,214.32000732421875,216.3800048828125,211.47000122070312,216.3300018310547,33121700
2020-07-10,203.09194946289062,213.6699981689453,214.0800018310547,211.0800018310547,213.6199951171875,26177600
2020-07-13,196.81869506835938,207.07000732421875,215.8000030517578,206.5,214.47999572753906,38135600
2020-07-14,198.0353546142578,208.35000610351562,208.85000610351562,202.02999877929688,206.1300048828125,37591800
2020-07-15,197.7406768798828,208.0399932861328,211.3300018310547,205.02999877929688,209.55999755859375,32179400
2020-07-16,193.8246307373047,203.9199981689453,205.6999969482422,202.30999755859375,205.39999389648438,29940700
2020-07-17,192.8361053466797,202.8800048828125,205.0399932861328,201.38999938964844,204.47000122070312,31635300
2020-07-20,201.12440490722656,211.60000610351562,212.3000030517578,203.00999450683594,205.0,36884800
2020-07-21,198.41551208496094,208.75,213.94000244140625,208.02999877929688,213.66000366210938,37990400
2020-07-22,201.26699829101562,211.75,212.3000030517578,208.38999938964844,209.1999969482422,49605700
2020-07-23,192.51295471191406,202.5399932861328,210.9199981689453,202.14999389648438,207.19000244140625,67457000
2020-07-24,191.3343505859375,201.3000030517578,202.86000061035156,197.50999450683594,200.4199981689453,39827000
2020-07-27,193.75811767578125,203.85000610351562,203.97000122070312,200.86000061035156,201.47000122070312,30160900
2020-07-28,192.01870727539062,202.02000427246094,204.6999969482422,201.74000549316406,203.61000061035156,23251400
2020-07-29,193.9577178955078,204.05999755859375,204.64999389648438,202.00999450683594,202.5,19632600
2020-07-30,193.80564880371094,203.89999389648438,204.4600067138672,199.57000732421875,201.0,25079600
2020-07-31,194.86068725585938,205.00999450683594,205.10000610351562,199.00999450683594,204.39999389648438,51044000
2020-08-03,205.81983947753906,216.5399932861328,217.63999938964844,210.44000244140625,211.52000427246094,78983000
2020-08-04,202.7307586669922,213.2899932861328,214.77000427246094,210.30999755859375,214.1699981689453,49280100
2020-08-05,202.39808654785156,212.94000244140625,215.0,211.57000732421875,214.89999389648438,28806400
2020-08-06,205.63929748535156,216.35000610351562,216.3699951171875,211.5500030517578,212.33999633789062,32656800
2020-08-07,201.96080017089844,212.47999572753906,215.6999969482422,210.92999267578125,214.85000610351562,27820400
2020-08-10,197.94024658203125,208.25,211.8800048828125,206.35000610351562,211.6699981689453,36716500
2020-08-11,193.3113555908203,203.3800048828125,207.64999389648438,203.13999938964844,207.16000366210938,36446500
2020-08-12,198.83372497558594,209.19000244140625,210.27999877929688,204.75,205.2899932861328,28013100
2020-08-13,198.3679656982422,208.6999969482422,211.35000610351562,208.14999389648438,209.44000244140625,22588900
2020-08-14,198.5580596923828,208.89999389648438,209.58999633789062,207.50999450683594,208.75999450683594,17958900
2020-08-17,199.8697967529297,210.27999877929688,211.19000244140625,208.9199981689453,209.60000610351562,20184800
2020-08-18,201.0198516845703,211.49000549316406,212.36000061035156,209.2100067138672,210.52999877929688,21336200
2020-08-19,199.80027770996094,209.6999969482422,212.10000610351562,209.25,211.49000549316406,27627600
2020-08-20,204.4499053955078,214.5800018310547,215.0,208.91000366210938,209.5399932861328,26981500
2020-08-21,202.96356201171875,213.02000427246094,216.25,212.85000610351562,213.86000061035156,36249300
2020-08-24,203.6019287109375,213.69000244140625,215.52000427246094,212.42999267578125,214.7899932861328,25460100
2020-08-25,206.2506866455078,216.47000122070312,216.61000061035156,213.10000610351562,213.10000610351562,23043700
2020-08-26,210.70974731445312,221.14999389648438,222.08999633789062,217.36000061035156,217.8800048828125,39600800
2020-08-27,215.88343811035156,226.5800018310547,231.14999389648438,219.39999389648438,222.88999938964844,57602200
2020-08-28,218.10342407226562,228.91000366210938,230.63999938964844,226.5800018310547,228.17999267578125,26292900
2020-08-31,214.88296508789062,225.52999877929688,228.6999969482422,224.30999755859375,227.0,28774200
2020-09-01,216.54087829589844,227.27000427246094,227.4499969482422,224.42999267578125,225.50999450683594,25725500
2020-09-02,220.7140655517578,231.64999389648438,232.86000061035156,227.35000610351562,227.97000122070312,34080800
2020-09-03,207.04153442382812,217.3000030517578,229.30999755859375,214.9600067138672,229.27000427246094,58400300
2020-09-04,204.1354522705078,214.25,218.36000061035156,205.19000244140625,215.10000610351562,59664100
2020-09-08,193.09263610839844,202.66000366210938,210.02999877929688,202.1999969482422,206.5,52924300
2020-09-09,201.3152618408203,211.2899932861328,214.83999633789062,206.6999969482422,207.60000610351562,45679000
2020-09-10,195.6747589111328,205.3699951171875,214.74000549316406,204.11000061035156,213.39999389648438,35461500
2020-09-11,194.39797973632812,204.02999877929688,208.6300048828125,201.24000549316406,207.1999969482422,33620100
2020-09-14,195.7128143310547,205.41000366210938,209.1999969482422,204.02999877929688,204.24000549316406,30375800
2020-09-15,198.92373657226562,208.77999877929688,209.77999877929688,206.92999267578125,208.4199981689453,21823900
2020-09-16,195.36984252929688,205.0500030517578,210.64999389648438,204.63999938964844,210.6199951171875,26328100
2020-09-17,193.33084106445312,202.91000366210938,204.3300018310547,199.9600067138672,200.0500030517578,34011300
2020-09-18,190.92982482910156,200.38999938964844,203.64999389648438,196.25,202.8000030517578,55225300
2020-09-21,192.9783172607422,202.5399932861328,202.7100067138672,196.3800048828125,197.19000244140625,39839700
2020-09-22,197.6279296875,207.4199981689453,208.10000610351562,202.0800018310547,205.05999755859375,33517100
2020-09-23,191.120361328125,200.58999633789062,208.10000610351562,200.02999877929688,207.89999389648438,30803800
2020-09-24,193.59764099121094,203.19000244140625,205.57000732421875,199.1999969482422,199.85000610351562,31202500
2020-09-25,198.009033203125,207.82000732421875,209.0399932861328,202.5399932861328,203.5500030517578,29437300
2020-09-28,199.55258178710938,209.44000244140625,212.57000732421875,208.05999755859375,210.8800048828125,32004900
2020-09-29,197.47547912597656,207.25999450683594,210.07000732421875,206.80999755859375,209.35000610351562,24221900
2020-09-30,200.40057373046875,210.3300018310547,211.97999572753906,206.5399932861328,207.72999572753906,33829100
2020-10-01,202.4300079345703,212.4600067138672,213.99000549316406,211.32000732421875,213.49000549316406,27158400
2020-10-02,196.4560089111328,206.19000244140625,210.99000549316406,205.5399932861328,208.0,33154800
2020-10-05,200.4481964111328,210.3800048828125,210.41000366210938,206.97999572753906,207.22000122070312,21331600
2020-10-06,196.1892547607422,205.91000366210938,210.17999267578125,204.82000732421875,208.82000732421875,28554300
2020-10-07,199.92417907714844,209.8300018310547,210.11000061035156,206.72000122070312,207.05999755859375,25681100
2020-10-08,200.63873291015625,210.5800018310547,211.19000244140625,208.32000732421875,210.50999450683594,19925800
2020-10-09,205.62185668945312,215.80999755859375,215.86000061035156,211.22999572753906,211.22999572753906,26458000
2020-10-12,210.94796752929688,221.39999389648438,223.86000061035156,216.80999755859375,218.7899932861328,40461400
2020-10-13,212.33905029296875,222.86000061035156,225.2100067138672,220.42999267578125,222.72000122070312,28950800
2020-10-14,210.43348693847656,220.86000061035156,224.22000122070312,219.1300048828125,223.0,23421700
2020-10-15,209.2901153564453,219.66000366210938,220.36000061035156,216.00999450683594,217.10000610351562,22733100
2020-10-16,209.2901153564453,219.66000366210938,222.2899932861328,219.32000732421875,220.14999389648438,26057900
2020-10-19,204.10693359375,214.22000122070312,222.3000030517578,213.72000122070312,220.4199981689453,27625800
2020-10-20,204.5166015625,214.64999389648438,217.3699951171875,213.08999633789062,215.8000030517578,22753500
2020-10-21,204.6595458984375,214.8000030517578,216.9199981689453,213.1199951171875,213.1199951171875,22724900
2020-10-22,204.74530029296875,214.88999938964844,216.05999755859375,211.6999969482422,213.92999267578125,22351500
2020-10-23,206.02200317382812,216.22999572753906,216.27999877929688,213.16000366210938,215.02999877929688,18879600
2020-10-26,200.16233825683594,210.0800018310547,216.33999633789062,208.10000610351562,213.85000610351562,37111600
2020-10-27,203.18270874023438,213.25,214.6699981689453,210.3300018310547,211.58999633789062,36700300
2020-10-28,193.11170959472656,202.67999267578125,208.83999633789062,202.10000610351562,207.6699981689453,51195600
2020-10-29,195.05540466308594,204.72000122070312,207.36000061035156,203.3699951171875,204.07000732421875,31432600
2020-10-30,192.91162109375,202.47000122070312,204.2899932861328,199.6199951171875,203.5,36953700
2020-11-02,192.77822875976562,202.3300018310547,205.27999877929688,200.1199951171875,204.2899932861328,30842200
2020-11-03,196.68466186523438,206.42999267578125,208.1199951171875,203.1199951171875,203.88999938964844,27512000
2020-11-04,206.17446899414062,216.38999938964844,218.32000732421875,212.4199981689453,214.02000427246094,42311800
2020-11-05,212.74868774414062,223.2899932861328,224.1199951171875,221.14999389648438,222.0399932861328,36080100
2020-11-06,213.158447265625,223.72000122070312,224.36000061035156,218.02999877929688,222.25999450683594,25231900
2020-11-09,208.0800323486328,218.38999938964844,228.1199951171875,217.8800048828125,224.44000244140625,44395000
2020-11-10,201.04847717285156,211.00999450683594,216.5,209.72000122070312,214.5,44045100
2020-11-11,206.32687377929688,216.5500030517578,218.0399932861328,212.1999969482422,212.38999938964844,29440800
2020-11-12,205.26930236816406,215.44000244140625,219.11000061035156,214.4600067138672,217.2100067138672,21593900
2020-11-13,206.288818359375,216.50999450683594,217.4199981689453,214.16000366210938,216.36000061035156,18621100
2020-11-16,206.97479248046875,217.22999572753906,217.74000549316406,214.52000427246094,214.8699951171875,24953300
2020-11-17,204.33558654785156,214.4600067138672,217.67999267578125,214.0800018310547,216.10000610351562,24154100
2020-11-18,201.64169311523438,211.0800018310547,215.1699981689453,210.92999267578125,213.64999389648438,28372800
2020-11-19,202.92176818847656,212.4199981689453,213.02999877929688,209.92999267578125,211.3800048828125,24792700
2020-11-20,200.98255920410156,210.38999938964844,213.2899932861328,210.0,212.1999969482422,22843100
2020-11-23,200.715087890625,210.11000061035156,212.2899932861328,208.16000366210938,210.9499969482422,25683500
2020-11-24,204.29739379882812,213.86000061035156,214.25,208.86000061035156,209.58999633789062,33979700
2020-11-25,204.30694580078125,213.8699951171875,215.2899932861328,212.4600067138672,215.11000061035156,21012900
2020-11-27,205.60610961914062,215.22999572753906,216.27000427246094,214.0399932861328,214.85000610351562,14512200
2020-11-30,204.49801635742188,214.07000732421875,214.75999450683594,210.83999633789062,214.10000610351562,33064800
2020-12-01,206.5422821044922,216.2100067138672,217.32000732421875,213.35000610351562,214.50999450683594,30904500
2020-12-02,205.73985290527344,215.3699951171875,215.47000122070312,212.8000030517578,214.8800048828125,23724500
2020-12-03,204.660400390625,214.24000549316406,216.3800048828125,213.64999389648438,214.61000061035156,25120900
2020-12-04,204.77500915527344,214.36000061035156,215.3800048828125,213.17999267578125,214.22000122070312,24666000
2020-12-07,204.70816040039062,214.2899932861328,215.5399932861328,212.99000549316406,214.3699951171875,24620000
2020-12-08,206.3512420654297,216.00999450683594,216.9499969482422,212.88999938964844,213.97000122070312,23284100
2020-12-09,202.32948303222656,211.8000030517578,215.22999572753906,211.2100067138672,215.16000366210938,32440600
2020-12-10,201.1067352294922,210.52000427246094,213.0800018310547,210.36000061035156,211.77000427246094,26733300
2020-12-11,203.72422790527344,213.25999450683594,213.32000732421875,209.11000061035156,210.0500030517578,30979400
2020-12-14,204.6221466064453,214.1999969482422,216.2100067138672,212.8800048828125,213.10000610351562,28798400
2020-12-15,204.55531311035156,214.1300048828125,215.4199981689453,212.24000549316406,215.1699981689453,27000600
2020-12-16,209.47499084472656,219.27999877929688,220.11000061035156,214.72000122070312,214.75,35023300
2020-12-17,209.60873413085938,219.4199981689453,220.88999938964844,217.9199981689453,219.8699951171875,32515800
2020-12-18,208.81585693359375,218.58999633789062,219.69000244140625,216.02000427246094,218.58999633789062,63354900
2020-12-21,212.63699340820312,222.58999633789062,224.0,217.27999877929688,217.5500030517578,37181900
2020-12-22,213.92669677734375,223.94000244140625,225.6300048828125,221.85000610351562,222.69000244140625,22612200
2020-12-23,211.13723754882812,221.02000427246094,223.55999755859375,220.8000030517578,223.11000061035156,18699600
2020-12-24,212.7898406982422,222.75,223.61000061035156,221.1999969482422,221.4199981689453,10550600
2020-12-28,214.9010772705078,224.9600067138672,226.02999877929688,223.02000427246094,224.4499969482422,17933500
2020-12-29,214.12725830078125,224.14999389648438,227.17999267578125,223.5800018310547,226.30999755859375,17403200
2020-12-30,211.7677001953125,221.67999267578125,225.6300048828125,221.47000122070312,225.22999572753906,20272300
2020-12-31,212.474609375,222.4199981689453,223.0,219.67999267578125,221.6999969482422,20942100
2021-01-04,207.95611572265625,217.69000244140625,223.0,214.80999755859375,222.52999877929688,37130100
2021-01-05,208.15672302246094,217.89999389648438,218.52000427246094,215.6999969482422,217.25999450683594,23823000
2021-01-06,202.75938415527344,212.25,216.49000549316406,211.94000244140625,212.1699981689453,35930700
2021-01-07,208.529296875,218.2899932861328,219.33999633789062,213.7100067138672,214.0399932861328,27694500
2021-01-08,209.79983520507812,219.6199951171875,220.5800018310547,217.02999877929688,218.67999267578125,22956200
2021-01-11,207.76507568359375,217.49000549316406,218.91000366210938,216.72999572753906,218.47000122070312,23031300
2021-01-12,205.31951904296875,214.92999267578125,217.10000610351562,213.32000732421875,216.5,23249300
2021-01-13,206.66653442382812,216.33999633789062,216.75999450683594,213.92999267578125,214.02000427246094,20087100
2021-01-14,203.49496459960938,213.02000427246094,217.4600067138672,212.74000549316406,215.91000366210938,29480800
2021-01-15,203.14144897460938,212.64999389648438,214.50999450683594,212.02999877929688,213.52000427246094,31746500
2021-01-19,206.7620391845703,216.44000244140625,216.97999572753906,212.6300048828125,213.75,30480900
2021-01-20,214.30882263183594,224.33999633789062,225.7899932861328,217.2899932861328,217.6999969482422,37777300
2021-01-21,214.91058349609375,224.97000122070312,226.3000030517578,222.4199981689453,224.6999969482422,30709400
2021-01-22,215.84678649902344,225.9499969482422,230.07000732421875,225.8000030517578,227.0800018310547,30172700
2021-01-25,219.26669311523438,229.52999877929688,229.77999877929688,224.22000122070312,229.1199951171875,33152100
2021-01-26,221.9415283203125,232.3300018310547,234.17999267578125,230.0800018310547,231.86000061035156,49169600
2021-01-27,222.48605346679688,232.89999389648438,240.44000244140625,230.13999938964844,238.0,69870600
2021-01-28,228.2463836669922,238.92999267578125,242.63999938964844,235.08999633789062,235.61000061035156,49111200
2021-01-29,221.58804321289062,231.9600067138672,238.02000427246094,231.35000610351562,235.99000549316406,42503100
2021-02-01,228.93418884277344,239.64999389648438,242.5,232.42999267578125,235.05999755859375,33314200
2021-02-02,228.8004608154297,239.50999450683594,242.30999755859375,238.69000244140625,241.3000030517578,25916300
2021-02-03,232.13438415527344,243.0,245.08999633789062,239.25999450683594,239.57000732421875,27158100
2021-02-04,231.18865966796875,242.00999450683594,243.24000549316406,240.3699951171875,242.66000366210938,25296100
2021-02-05,231.37014770507812,242.1999969482422,243.27999877929688,240.4199981689453,242.22999572753906,18054800
2021-02-08,231.6280975341797,242.47000122070312,243.67999267578125,240.80999755859375,243.14999389648438,22211900
2021-02-09,232.86997985839844,243.77000427246094,244.75999450683594,241.3800048828125,241.8699951171875,23565000
2021-02-10,231.9624481201172,242.82000732421875,245.9199981689453,240.88999938964844,245.0,22186700
2021-02-11,233.5577850341797,244.49000549316406,245.14999389648438,242.14999389648438,244.77999877929688,15751100
2021-02-12,234.035400390625,244.99000549316406,245.3000030517578,242.72999572753906,243.92999267578125,16561100
2021-02-16,232.80307006835938,243.6999969482422,246.1300048828125,242.9199981689453,245.02999877929688,26728500
2021-02-17,233.8180389404297,244.1999969482422,244.30999755859375,240.94000244140625,241.32000732421875,21653500
2021-02-18,233.42547607421875,243.7899932861328,243.92999267578125,240.86000061035156,241.8000030517578,16925600
2021-02-19,230.72532653808594,240.97000122070312,243.86000061035156,240.17999267578125,243.75,25262600
2021-02-22,224.5400390625,234.50999450683594,237.92999267578125,232.39999389648438,237.4199981689453,36446900
2021-02-23,223.3527374267578,233.27000427246094,234.8300018310547,228.72999572753906,230.3300018310547,30228700
2021-02-24,224.57827758789062,234.5500030517578,235.1999969482422,229.0,230.00999450683594,26339700
2021-02-25,219.25466918945312,228.99000549316406,234.58999633789062,227.8800048828125,232.0800018310547,39542200
2021-02-26,222.50057983398438,232.3800048828125,235.3699951171875,229.5399932861328,231.52999877929688,37819200
2021-03-01,226.86669921875,236.94000244140625,237.47000122070312,233.14999389648438,235.89999389648438,25324000
2021-03-02,223.9271697998047,233.8699951171875,237.3000030517578,233.4499969482422,237.00999450683594,22812500
2021-03-03,217.88546752929688,227.55999755859375,233.5800018310547,227.25999450683594,232.16000366210938,34029500
2021-03-04,217.0907440185547,226.72999572753906,232.49000549316406,224.25999450683594,226.74000549316406,44727800
2021-03-05,221.7537078857422,231.60000610351562,233.27000427246094,226.4600067138672,229.52000427246094,41872800
2021-03-08,217.72268676757812,227.38999938964844,233.3699951171875,227.1300048828125,231.3699951171875,35267400
2021-03-09,223.841064453125,233.77999877929688,235.3800048828125,231.6699981689453,232.8800048828125,33080500
2021-03-10,222.5388641357422,232.4199981689453,237.0,232.0399932861328,237.0,29746800
2021-03-11,227.048583984375,237.1300048828125,239.1699981689453,234.30999755859375,234.9600067138672,29907600
2021-03-12,225.7272491455078,235.75,235.82000732421875,233.22999572753906,234.00999450683594,22653700
2021-03-15,224.82723999023438,234.80999755859375,235.19000244140625,231.80999755859375,234.9600067138672,26034900
2021-03-16,227.6039581298828,237.7100067138672,240.05999755859375,235.94000244140625,236.27999877929688,28092200
2021-03-17,226.96243286132812,237.0399932861328,238.5500030517578,233.22999572753906,236.14999389648438,29562100
2021-03-18,220.91110229492188,230.72000122070312,234.19000244140625,230.3300018310547,232.55999755859375,34833000
2021-03-19,220.55690002441406,230.35000610351562,232.47000122070312,229.35000610351562,231.02000427246094,46430700
2021-03-22,225.95706176757812,235.99000549316406,236.89999389648438,230.13999938964844,230.27000427246094,30127000
2021-03-23,227.4794921875,237.5800018310547,241.0500030517578,237.07000732421875,237.49000549316406,31638400
2021-03-24,225.4496307373047,235.4600067138672,238.0,235.32000732421875,237.85000610351562,25620100
2021-03-25,222.4622039794922,232.33999633789062,236.94000244140625,231.57000732421875,235.3000030517578,34061900
2021-03-26,226.42620849609375,236.47999572753906,236.7100067138672,231.5500030517578,231.5500030517578,25479900
2021-03-29,225.23898315429688,235.24000549316406,236.8000030517578,231.8800048828125,236.58999633789062,25227500
2021-03-30,221.99313354492188,231.85000610351562,233.85000610351562,231.10000610351562,233.52999877929688,24792000
2021-03-31,225.74644470214844,235.77000427246094,239.10000610351562,232.38999938964844,232.91000366210938,43623500
2021-04-01,232.0466766357422,242.35000610351562,242.83999633789062,238.0500030517578,238.47000122070312,30338000
2021-04-05,238.4810028076172,249.07000732421875,249.9600067138672,242.6999969482422,242.75999450683594,36910600
2021-04-06,237.32244873046875,247.86000061035156,249.39999389648438,246.8800048828125,247.61000061035156,22931900
2021-04-07,239.27572631835938,249.89999389648438,250.92999267578125,247.19000244140625,247.80999755859375,22719800
2021-04-08,242.4832763671875,253.25,254.13999938964844,252.0,252.77000427246094,23625200
2021-04-09,244.9727783203125,255.85000610351562,255.99000549316406,252.44000244140625,252.8699951171875,24326800
2021-04-12,245.03018188476562,255.91000366210938,257.6700134277344,254.6199951171875,254.7100067138672,27148700
2021-04-13,247.50054931640625,258.489990234375,259.19000244140625,256.8299865722656,257.260009765625,23837500
2021-04-14,244.72377014160156,255.58999633789062,258.8299865722656,255.16000366210938,257.4800109863281,23070900
2021-04-15,248.46755981445312,259.5,259.92999267578125,257.7300109863281,257.92999267578125,25627500
2021-04-16,249.6548309326172,260.739990234375,261.0,257.6000061035156,259.4700012207031,24878600
2021-04-19,247.73983764648438,258.739990234375,261.4800109863281,257.82000732421875,260.19000244140625,23209300
2021-04-20,247.28028869628906,258.260009765625,260.20001220703125,256.8399963378906,257.82000732421875,19722900
2021-04-21,249.5016326904297,260.5799865722656,260.67999267578125,257.25,258.94000244140625,24030400
2021-04-22,246.2366180419922,257.1700134277344,261.7799987792969,255.63999938964844,260.2099914550781,25606200
2021-04-23,250.0474090576172,261.1499938964844,261.510009765625,257.2699890136719,257.8800048828125,21462600
2021-04-26,250.43040466308594,261.54998779296875,262.44000244140625,260.1700134277344,261.6600036621094,19763300
2021-04-27,250.8325653076172,261.9700012207031,263.19000244140625,260.1199951171875,261.5799865722656,31014200
2021-04-28,243.737548828125,254.55999755859375,256.5400085449219,252.9499969482422,256.0799865722656,46903100
2021-04-29,241.77471923828125,252.50999450683594,256.1000061035156,249.0,255.4600067138672,40589000
2021-04-30,241.45875549316406,252.17999267578125,253.0800018310547,249.60000610351562,249.74000549316406,30945100
2021-05-03,241.1523895263672,251.86000061035156,254.35000610351562,251.1199951171875,253.39999389648438,19626600
2021-05-04,237.2554168701172,247.7899932861328,251.2100067138672,245.75999450683594,250.97000122070312,32756100
2021-05-05,235.9915313720703,246.47000122070312,249.5,245.82000732421875,249.05999755859375,21901300
2021-05-06,239.11294555664062,249.72999572753906,249.86000061035156,244.69000244140625,246.4499969482422,26491100
2021-05-07,241.7268524169922,252.4600067138672,254.3000030517578,251.1699981689453,252.14999389648438,27032900
2021-05-10,236.67132568359375,247.17999267578125,251.72999572753906,247.1199951171875,250.8699951171875,29299900
2021-05-11,235.76171875,246.22999572753906,246.60000610351562,242.57000732421875,244.5500030517578,33641600
2021-05-12,228.83914184570312,239.0,244.3800048828125,238.07000732421875,242.1699981689453,36684400
2021-05-13,232.69775390625,243.02999877929688,245.60000610351562,241.4199981689453,241.8000030517578,29624300
2021-05-14,237.60006713867188,248.14999389648438,249.17999267578125,245.49000549316406,245.5800018310547,23901100
2021-05-17,234.75637817382812,245.17999267578125,246.58999633789062,243.52000427246094,246.5500030517578,24970200
2021-05-18,232.74563598632812,243.0800018310547,246.41000366210938,242.89999389648438,246.27000427246094,20168000
2021-05-19,233.3214874267578,243.1199951171875,243.22999572753906,238.60000610351562,239.30999755859375,25739800
2021-05-20,236.54603576660156,246.47999572753906,247.9499969482422,243.86000061035156,243.9600067138672,21800700
2021-05-21,235.2888641357422,245.1699981689453,248.3300018310547,244.74000549316406,247.57000732421875,21863100
2021-05-24,240.67274475097656,250.77999877929688,251.16000366210938,247.50999450683594,247.7899932861328,21411500
2021-05-25,241.5749053955078,251.72000122070312,252.75,250.82000732421875,251.77000427246094,17704300
2021-05-26,241.35411071777344,251.49000549316406,252.94000244140625,250.75,251.42999267578125,17771600
2021-05-27,239.2620086669922,249.30999755859375,251.47999572753906,249.25,251.1699981689453,24426200
2021-05-28,239.61708068847656,249.67999267578125,252.0800018310547,249.55999755859375,251.0,18270200
2021-06-01,237.42897033691406,247.39999389648438,251.2899932861328,246.9600067138672,251.22999572753906,23213300
2021-06-02,237.33299255371094,247.3000030517578,249.27000427246094,245.83999633789062,248.1300048828125,19406700
2021-06-03,235.80709838867188,245.7100067138672,246.33999633789062,243.0,245.22000122070312,25307700
2021-06-04,240.6823272705078,250.7899932861328,251.64999389648438,247.50999450683594,247.75999450683594,25281100
2021-06-07,243.58062744140625,253.80999755859375,254.08999633789062,249.80999755859375,249.97999572753906,23079200
2021-06-08,242.39060974121094,252.57000732421875,256.010009765625,252.50999450683594,255.16000366210938,22455000
2021-06-09,243.3695068359375,253.58999633789062,255.52999877929688,253.2100067138672,253.80999755859375,17937600
2021-06-10,246.8723907470703,257.239990234375,257.4599914550781,253.6699981689453,254.2899932861328,24563600
2021-06-11,247.49615478515625,257.8900146484375,258.489990234375,256.6099853515625,257.989990234375,18999700
2021-06-14,249.41561889648438,259.8900146484375,259.95001220703125,256.79998779296875,257.8999938964844,19150500
2021-06-15,247.94723510742188,258.3599853515625,259.989990234375,257.67999267578125,259.7699890136719,18038900
2021-06-16,247.00672912597656,257.3800048828125,260.5799865722656,254.4199981689453,259.3999938964844,27220000
2021-06-17,250.38487243652344,260.8999938964844,261.75,256.010009765625,256.07000732421875,27565500
2021-06-18,248.97412109375,259.42999267578125,262.29998779296875,258.75,259.6300048828125,37202200
2021-06-21,252.04513549804688,262.6300048828125,263.5199890136719,257.9200134277344,259.82000732421875,26696100
2021-06-22,254.80906677246094,265.510009765625,265.7900085449219,262.3999938964844,262.7200012207031,24694100
2021-06-23,254.5788116455078,265.2699890136719,266.8299865722656,264.42999267578125,265.989990234375,19518700
2021-06-24,255.9415740966797,266.69000244140625,267.8500061035156,265.4700012207031,266.1600036621094,21446900
2021-06-25,254.33876037597656,265.0199890136719,267.25,264.760009765625,266.2300109863281,25611100
2021-06-28,257.88970947265625,268.7200012207031,268.8999938964844,265.9100036621094,266.19000244140625,19590000
2021-06-29,260.4617004394531,271.3999938964844,271.6499938964844,267.9800109863281,268.8699951171875,19937800
2021-06-30,259.9818420410156,270.8999938964844,271.3599853515625,269.6000061035156,270.69000244140625,21656500
2021-07-01,260.6536865234375,271.6000061035156,271.8399963378906,269.6000061035156,269.6099853515625,16725300
2021-07-02,266.45977783203125,277.6499938964844,278.0,272.5,272.82000732421875,26458000
2021-07-06,266.46942138671875,277.6600036621094,279.3699951171875,274.29998779296875,278.0299987792969,31565600
2021-07-07,268.6479187011719,279.92999267578125,280.69000244140625,277.1499938964844,279.3999938964844,23260000
2021-07-08,266.2390441894531,277.4200134277344,278.7300109863281,274.8699951171875,276.8999938964844,24618600
2021-07-09,266.7381286621094,277.94000244140625,278.04998779296875,275.32000732421875,275.7200012207031,23916700
2021-07-12,266.1431579589844,277.32000732421875,279.7699890136719,276.5799865722656,279.1600036621094,18931700
2021-07-13,269.65557861328125,280.9800109863281,282.8500061035156,277.3900146484375,277.5199890136719,26120100
2021-07-14,271.1239013671875,282.510009765625,283.6600036621094,280.54998779296875,282.3500061035156,23113700
2021-07-15,269.70355224609375,281.0299987792969,282.510009765625,279.8299865722656,282.0,22604200
2021-07-16,269.43487548828125,280.75,284.1000061035156,279.4599914550781,282.07000732421875,26186800
2021-07-19,265.8455810546875,277.010009765625,280.3699951171875,274.45001220703125,278.92999267578125,32935600
2021-07-20,268.0625,279.32000732421875,280.9700012207031,276.260009765625,278.0299987792969,26259700
2021-07-21,270.0586242675781,281.3999938964844,281.5199890136719,277.2900085449219,278.8999938964844,24364300
2021-07-22,274.6076354980469,286.1400146484375,286.4200134277344,283.4200134277344,283.8399963378906,23384100
2021-07-23,277.9953918457031,289.6700134277344,289.989990234375,286.5,287.3699951171875,22768100
2021-07-26,277.400390625,289.04998779296875,289.69000244140625,286.6400146484375,289.0,23176100
2021-07-27,274.9914855957031,286.5400085449219,289.5799865722656,282.95001220703125,289.42999267578125,33604100
2021-07-28,274.6844177246094,286.2200012207031,290.1499938964844,283.8299865722656,288.989990234375,33566900
2021-07-29,274.9530944824219,286.5,288.6199951171875,286.0799865722656,286.239990234375,18168300
2021-07-30,273.42724609375,284.9100036621094,286.6600036621094,283.9100036621094,285.1700134277344,20944800
2021-08-02,273.3408508300781,284.82000732421875,286.7699890136719,283.739990234375,286.3599853515625,16267400
2021-08-03,275.548095703125,287.1199951171875,287.2300109863281,284.0,285.4200134277344,17879000
2021-08-04,274.9626770019531,286.510009765625,287.5899963378906,284.6499938964844,286.2200012207031,16191300
2021-08-05,277.8514404296875,289.5199890136719,289.6300048828125,286.1000061035156,286.8800048828125,13900200
2021-08-06,277.7938537597656,289.4599914550781,289.5,287.6199951171875,288.510009765625,16589300
2021-08-09,276.7093811035156,288.3299865722656,291.54998779296875,287.80999755859375,289.75,16117600
2021-08-10,274.89556884765625,286.44000244140625,289.25,285.20001220703125,288.79998779296875,18616600
2021-08-11,275.38494873046875,286.95001220703125,288.6600036621094,285.8599853515625,287.2099914550781,13955900
2021-08-12,278.12969970703125,289.80999755859375,289.9700012207031,286.3399963378906,286.6300048828125,14561300
2021-08-13,281.0472106933594,292.8500061035156,292.8999938964844,289.29998779296875,289.4800109863281,18249000
2021-08-16,282.7266845703125,294.6000061035156,294.82000732421875,290.0199890136719,293.19000244140625,22507600
2021-08-17,281.2679138183594,293.0799865722656,293.42999267578125,291.0799865722656,292.3900146484375,20075300
2021-08-18,279.5467529296875,290.7300109863281,294.82000732421875,290.2699890136719,292.0400085449219,21813000
2021-08-19,285.3544006347656,296.7699890136719,297.4700012207031,288.6400146484375,288.69000244140625,29850500
2021-08-20,292.6523742675781,304.3599853515625,305.8399963378906,298.05999755859375,299.7200012207031,40817600
2021-08-23,292.9312744140625,304.6499938964844,305.3999938964844,301.8500061035156,303.25,22830200
2021-08-24,290.9794006347656,302.6199951171875,305.6499938964844,302.0,305.0199890136719,18175800
2021-08-25,290.3928527832031,302.010009765625,304.5899963378906,300.4200134277344,304.29998779296875,20006100
2021-08-26,287.5851135253906,299.0899963378906,302.42999267578125,298.95001220703125,300.989990234375,17666100
2021-08-27,288.1909484863281,299.7200012207031,300.8699951171875,296.8299865722656,298.989990234375,22605700
2021-08-30,291.912109375,303.5899963378906,304.2200012207031,301.05999755859375,301.1199951171875,16348100
2021-08-31,290.2679138183594,301.8800048828125,304.5,301.5,304.4200134277344,26285300
2021-09-01,290.21978759765625,301.8299865722656,305.19000244140625,301.489990234375,302.8699951171875,18983800
2021-09-02,289.5659484863281,301.1499938964844,303.3599853515625,300.17999267578125,302.20001220703125,16285600
2021-09-03,289.55633544921875,301.1400146484375,302.6000061035156,300.260009765625,300.989990234375,14747900
2021-09-07,288.63330078125,300.17999267578125,301.0899963378906,298.20001220703125,301.010009765625,17180400
2021-09-08,288.66204833984375,300.2099914550781,300.6099853515625,297.4700012207031,299.7799987792969,15046800
2021-09-09,285.8160400390625,297.25,302.1400146484375,297.0,300.82000732421875,19927000
2021-09-10,284.3351745605469,295.7099914550781,299.9200134277344,295.3800048828125,298.4200134277344,19633400
2021-09-13,285.5659484863281,296.989990234375,298.5400085449219,294.0799865722656,297.54998779296875,23652900
2021-09-14,288.25830078125,299.7900085449219,301.3900146484375,298.1000061035156,299.55999755859375,21853400
2021-09-15,293.0948791503906,304.82000732421875,305.32000732421875,301.82000732421875,303.260009765625,28356300
2021-09-16,293.47943115234375,305.2200012207031,305.30999755859375,300.760009765625,303.760009765625,19550800
2021-09-17,288.335205078125,299.8699951171875,304.5,299.5299987792969,304.1700134277344,41372500
2021-09-20,282.9794006347656,294.29998779296875,298.7200012207031,289.5199890136719,296.3299865722656,38278700
2021-09-21,283.4602355957031,294.79998779296875,297.5400085449219,294.07000732421875,295.69000244140625,22364100
2021-09-22,287.0947570800781,298.5799865722656,300.2200012207031,294.510009765625,296.7300109863281,26626300
2021-09-23,288.0370788574219,299.55999755859375,300.8999938964844,297.5299987792969,298.8500061035156,18604600
2021-09-24,287.83526611328125,299.3500061035156,299.79998779296875,296.92999267578125,298.2300109863281,14999000
2021-09-27,282.8544921875,294.1700134277344,296.4700012207031,292.94000244140625,296.1400146484375,23571700
2021-09-28,272.6141357421875,283.5199890136719,290.7799987792969,282.75,289.79998779296875,43186200
2021-09-29,273.07562255859375,284.0,286.7699890136719,283.010009765625,285.1000061035156,26353700
2021-09-30,271.0755920410156,281.9200134277344,287.8299865722656,281.6199951171875,285.7099914550781,32343600
2021-10-01,277.97955322265625,289.1000061035156,289.9800109863281,281.2900085449219,282.1199951171875,30086300
2021-10-04,272.2198486328125,283.1099853515625,287.75,280.25,287.3999938964844,31350700
2021-10-05,277.6525573730469,288.760009765625,290.3999938964844,284.04998779296875,284.04998779296875,24993000
2021-10-06,281.835205078125,293.1099853515625,293.6300048828125,285.510009765625,285.7799987792969,28002600
2021-10-07,283.50836181640625,294.8500061035156,296.6400146484375,293.9200134277344,295.17999267578125,20430500
2021-10-08,283.50836181640625,294.8500061035156,296.6400146484375,293.760009765625,296.2200012207031,17685700
2021-10-11,282.912109375,294.2300109863281,297.9700012207031,292.75,292.9200134277344,19298600
2021-10-12,281.6141357421875,292.8800048828125,295.44000244140625,292.3500061035156,295.3399963378906,17974100
2021-10-13,284.9122009277344,296.30999755859375,297.2799987792969,293.489990234375,294.9100036621094,23416300
2021-10-14,291.1044006347656,302.75,303.2699890136719,297.8299865722656,299.2099914550781,27262900
2021-10-15,292.5082092285156,304.2099914550781,304.45001220703125,300.5199890136719,302.3399963378906,25384800
2021-10-18,295.4697265625,307.2900085449219,308.2099914550781,302.69000244140625,303.57000732421875,22729300
2021-10-19,296.37353515625,308.2300109863281,309.29998779296875,307.2200012207031,308.3500061035156,17682100
2021-10-20,295.58514404296875,307.4100036621094,309.70001220703125,306.1099853515625,309.2099914550781,16537100
2021-10-21,298.80633544921875,310.760009765625,311.0199890136719,306.3599853515625,307.1700134277344,16918100
2021-10-22,297.26788330078125,309.1600036621094,311.0899963378906,307.79998779296875,310.3999938964844,17449300
2021-10-25,296.2773742675781,308.1300048828125,309.3999938964844,306.4599914550781,309.3599853515625,17554500
2021-10-26,298.1813049316406,310.1099853515625,312.3999938964844,308.6000061035156,311.0,28107300
2021-10-27,310.7389831542969,323.1700134277344,326.1000061035156,316.0,316.0,52588700
2021-10-28,311.8735656738281,324.3500061035156,324.8699951171875,321.3599853515625,324.3299865722656,26297900
2021-10-29,318.8638610839844,331.6199951171875,332.0,323.8999938964844,324.1300048828125,34766000
2021-11-01,316.7004699707031,329.3699951171875,331.489990234375,326.3699951171875,331.3599853515625,27073200
2021-11-02,320.3158264160156,333.1300048828125,333.45001220703125,330.0,330.30999755859375,26487100
2021-11-03,321.15234375,334.0,334.8999938964844,330.6499938964844,333.8999938964844,21500100
2021-11-04,323.49847412109375,336.44000244140625,336.5400085449219,329.510009765625,332.8900146484375,23992200
2021-11-05,323.133056640625,336.05999755859375,338.7900085449219,334.4200134277344,338.510009765625,22570100
2021-11-08,324.0273742675781,336.989990234375,337.6499938964844,334.44000244140625,337.29998779296875,20897000
2021-11-09,323.0273742675781,335.95001220703125,338.7200012207031,334.5299987792969,337.1099853515625,21307400
2021-11-10,318.075439453125,330.79998779296875,334.6300048828125,329.9200134277344,334.57000732421875,25500900
2021-11-11,319.6427001953125,332.42999267578125,333.7699890136719,330.510009765625,331.25,16849800
2021-11-12,323.76776123046875,336.7200012207031,337.2300109863281,333.7900085449219,333.9200134277344,23831000
2021-11-15,323.1427001953125,336.07000732421875,337.8800048828125,334.0299987792969,337.5400085449219,16723000
2021-11-16,326.45037841796875,339.510009765625,340.6700134277344,335.510009765625,335.67999267578125,20886800
2021-11-17,326.6719665527344,339.1199951171875,342.19000244140625,338.0,338.94000244140625,19053400
2021-11-18,328.74298095703125,341.2699890136719,342.45001220703125,337.1199951171875,338.17999267578125,22463500
2021-11-19,330.5154724121094,343.1099853515625,345.1000061035156,342.20001220703125,342.6400146484375,21963400
2021-11-22,327.3558654785156,339.8299865722656,349.6700134277344,339.54998779296875,344.6199951171875,31031100
2021-11-23,325.2848205566406,337.67999267578125,339.45001220703125,333.55999755859375,337.04998779296875,30427600
2021-11-24,325.50640869140625,337.9100036621094,338.1600036621094,333.9100036621094,336.2799987792969,21661300
2021-11-26,317.5784606933594,329.67999267578125,337.92999267578125,328.1199951171875,334.3500061035156,24217200
2021-11-29,324.27337646484375,336.6300048828125,339.0299987792969,334.739990234375,334.94000244140625,28563500
2021-11-30,318.45501708984375,330.5899963378906,337.7799987792969,328.989990234375,335.32000732421875,42885600
2021-12-01,317.9637756347656,330.0799865722656,339.2799987792969,329.3900146484375,335.1300048828125,33337600
2021-12-02,317.39544677734375,329.489990234375,333.489990234375,327.79998779296875,330.29998779296875,30766000
2021-12-03,311.1532897949219,323.010009765625,332.70001220703125,318.0299987792969,331.989990234375,41779300
2021-12-06,314.2165832519531,326.19000244140625,327.45001220703125,319.2300109863281,323.95001220703125,30032600
2021-12-07,322.6261901855469,334.9200134277344,335.79998779296875,330.1000061035156,331.6400146484375,31021900
2021-12-08,322.6742858886719,334.9700012207031,335.5,330.79998779296875,335.30999755859375,24761000
2021-12-09,320.8729248046875,333.1000061035156,336.489990234375,332.1199951171875,334.4100036621094,22214200
2021-12-10,329.9664611816406,342.5400085449219,343.0,334.7900085449219,334.9800109863281,38095700
2021-12-13,326.9417419433594,339.3999938964844,343.7900085449219,339.0799865722656,340.67999267578125,28899400
2021-12-14,316.28759765625,328.3399963378906,334.6400146484375,324.1099853515625,333.2200012207031,44438700
2021-12-15,322.365966796875,334.6499938964844,335.19000244140625,324.5,328.6099853515625,35381100
2021-12-16,312.973876953125,324.8999938964844,336.760009765625,323.0199890136719,335.7099914550781,35034800
2021-12-17,311.9143371582031,323.79998779296875,324.9200134277344,317.25,320.8800048828125,47750300
2021-12-20,308.16705322265625,319.9100036621094,322.79998779296875,317.57000732421875,320.04998779296875,28326500
2021-12-21,315.2762145996094,327.2900085449219,327.7300109863281,319.79998779296875,323.2900085449219,24740600
2021-12-22,320.96929931640625,333.20001220703125,333.6099853515625,325.75,328.29998779296875,24831500
2021-12-23,322.404541015625,334.69000244140625,336.3900146484375,332.7300109863281,332.75,19617800
2021-12-27,329.8797607421875,342.45001220703125,342.4800109863281,335.42999267578125,335.4599914550781,19947000
2021-12-28,328.7237243652344,341.25,343.80999755859375,340.32000732421875,343.1499938964844,15661500
2021-12-29,329.39813232421875,341.95001220703125,344.29998779296875,339.67999267578125,341.29998779296875,15042000
2021-12-30,326.8645935058594,339.32000732421875,343.1300048828125,338.82000732421875,341.9100036621094,15994500
2021-12-31,323.9747619628906,336.32000732421875,339.3599853515625,335.8500061035156,338.510009765625,18000800
2022-01-03,322.4624328613281,334.75,338.0,329.7799987792969,335.3500061035156,28865100
2022-01-04,316.9330749511719,329.010009765625,335.20001220703125,326.1199951171875,334.8299865722656,32674300
2022-01-05,304.7666931152344,316.3800048828125,326.07000732421875,315.9800109863281,325.8599853515625,40054300
2022-01-06,302.35845947265625,313.8800048828125,318.70001220703125,311.489990234375,313.1499938964844,39646100
2022-01-07,302.51251220703125,314.0400085449219,316.5,310.0899963378906,314.1499938964844,32720000
2022-01-10,302.734130859375,314.2699890136719,314.7200012207031,304.69000244140625,309.489990234375,44289500
2022-01-11,303.4180908203125,314.9800109863281,316.6099853515625,309.8900146484375,313.3800048828125,29386800
2022-01-12,306.5873107910156,318.2699890136719,323.4100036621094,317.0799865722656,319.6700134277344,34372200
2022-01-13,293.61175537109375,304.79998779296875,320.8800048828125,304.0,320.4700012207031,45366000
2022-01-14,298.8135681152344,310.20001220703125,310.82000732421875,303.75,304.25,39846400
2022-01-18,291.5406494140625,302.6499938964844,309.79998779296875,301.739990234375,304.07000732421875,42333200
2022-01-19,292.1957092285156,303.3299865722656,313.9100036621094,302.70001220703125,306.2900085449219,45933900
2022-01-20,290.5292053222656,301.6000061035156,311.6499938964844,301.1400146484375,309.07000732421875,35380700
2022-01-21,285.1637268066406,296.0299987792969,304.1099853515625,295.6099853515625,302.69000244140625,57984400
2022-01-24,285.4912109375,296.3699951171875,297.1099853515625,276.04998779296875,292.20001220703125,85731500
2022-01-25,277.9005126953125,288.489990234375,294.989990234375,285.1700134277344,291.5199890136719,72848600
2022-01-26,285.8186950683594,296.7099914550781,308.5,293.0299987792969,307.989990234375,90428900
2022-01-27,288.833740234375,299.8399963378906,307.29998779296875,297.92999267578125,302.6600036621094,53481300
2022-01-28,296.9447326660156,308.260009765625,308.4800109863281,294.45001220703125,300.2300109863281,49743700
2022-01-31,299.5649108886719,310.9800109863281,312.3800048828125,306.3699951171875,308.95001220703125,46444500
2022-02-01,297.4264221191406,308.760009765625,310.6300048828125,305.1300048828125,310.4100036621094,40950400
2022-02-02,301.95379638671875,313.4599914550781,315.1199951171875,308.8800048828125,309.6300048828125,36636000
2022-02-03,290.1920471191406,301.25,311.2300109863281,299.9599914550781,309.489990234375,43730000
2022-02-04,294.70989990234375,305.94000244140625,308.79998779296875,299.9700012207031,300.2099914550781,35096500
2022-02-07,289.903076171875,300.95001220703125,307.8399963378906,299.8999938964844,306.1700134277344,28533300
2022-02-08,293.3805236816406,304.55999755859375,305.55999755859375,299.95001220703125,301.25,32421200
2022-02-09,299.78643798828125,311.2099914550781,311.92999267578125,307.3900146484375,309.8699951171875,31284700
2022-02-10,291.28057861328125,302.3800048828125,309.1199951171875,300.70001220703125,304.0400085449219,45386200
2022-02-11,284.21002197265625,295.0400085449219,304.2900085449219,294.2200012207031,303.19000244140625,39175600
2022-02-14,284.1714782714844,295.0,296.760009765625,291.3500061035156,293.7699890136719,36359500
2022-02-15,289.4407043457031,300.4700012207031,300.79998779296875,297.0199890136719,300.010009765625,27058300
2022-02-16,289.1028137207031,299.5,300.8699951171875,293.67999267578125,298.3699951171875,29982100
2022-02-17,280.63726806640625,290.7300109863281,296.79998779296875,290.0,296.3599853515625,32461600
2022-02-18,277.9344787597656,287.92999267578125,293.8599853515625,286.30999755859375,293.04998779296875,34264000
2022-02-22,277.7318115234375,287.7200012207031,291.5400085449219,284.5,285.0,41736100
2022-02-23,270.5404357910156,280.2699890136719,291.70001220703125,280.1000061035156,290.17999267578125,37811200
2022-02-24,284.36328125,294.5899963378906,295.1600036621094,271.5199890136719,272.510009765625,56989700
2022-02-25,286.98876953125,297.30999755859375,297.6300048828125,291.6499938964844,295.1400146484375,32546700
2022-02-28,288.4174499511719,298.7900085449219,299.1400146484375,293.0,294.30999755859375,34627500
2022-03-01,284.7107238769531,294.95001220703125,299.9700012207031,292.1499938964844,296.3999938964844,31217800
2022-03-02,289.768798828125,300.19000244140625,301.4700012207031,293.70001220703125,295.3599853515625,31873000
2022-03-03,285.6470947265625,295.9200134277344,303.1300048828125,294.04998779296875,302.8900146484375,27314500
2022-03-04,279.7974853515625,289.8599853515625,295.6600036621094,287.1700134277344,294.2900085449219,32356500
2022-03-07,269.2275695800781,278.9100036621094,289.69000244140625,278.5299987792969,288.5299987792969,43157200
2022-03-08,266.27386474609375,275.8500061035156,283.9599914550781,270.0,277.79998779296875,48159500
2022-03-09,278.4846496582031,288.5,289.6000061035156,280.7799987792969,283.44000244140625,35204500
2022-03-10,275.6756896972656,285.5899963378906,286.6000061035156,280.5799865722656,283.0199890136719,30628000
2022-03-11,270.3473815917969,280.07000732421875,289.510009765625,279.42999267578125,287.9599914550781,27209300
2022-03-14,266.8434143066406,276.44000244140625,285.3999938964844,275.82000732421875,280.3399963378906,30660700
2022-03-15,277.1815490722656,287.1499938964844,287.82000732421875,278.7300109863281,280.3500061035156,34245100
2022-03-16,284.1702880859375,294.3900146484375,294.57000732421875,283.20001220703125,289.1099853515625,37826300
2022-03-17,284.971435546875,295.2200012207031,295.6099853515625,289.3699951171875,293.2900085449219,30816600
2022-03-18,290.0005187988281,300.42999267578125,301.0,292.7300109863281,295.3699951171875,43390600
2022-03-21,288.7746276855469,299.1600036621094,300.1400146484375,294.8999938964844,298.8900146484375,28351200
2022-03-22,293.50457763671875,304.05999755859375,305.0,298.7699890136719,299.79998779296875,27599700
2022-03-23,289.09320068359375,299.489990234375,303.2300109863281,297.7200012207031,300.510009765625,25715400
2022-03-24,293.54315185546875,304.1000061035156,304.20001220703125,298.32000732421875,299.1400146484375,24484500
2022-03-25,293.1376953125,303.67999267578125,305.5,299.2900085449219,305.2300109863281,22566500
2022-03-28,299.9140319824219,310.70001220703125,310.79998779296875,304.3299865722656,304.3299865722656,29578200
2022-03-29,304.46051025390625,315.4100036621094,315.82000732421875,309.04998779296875,313.9100036621094,30393400
2022-03-30,302.96429443359375,313.8599853515625,315.95001220703125,311.5799865722656,313.760009765625,28163600
2022-03-31,297.60699462890625,308.30999755859375,315.1400146484375,307.8900146484375,313.8999938964844,33422100
2022-04-01,298.6784973144531,309.4200134277344,310.1300048828125,305.5400085449219,309.3699951171875,27110500
2022-04-04,304.0357666015625,314.9700012207031,315.1099853515625,309.7099914550781,310.0899963378906,24289600
2022-04-05,300.0877685546875,310.8800048828125,314.8699951171875,309.8699951171875,313.2699890136719,23156700
2022-04-06,289.1028137207031,299.5,307.0,296.7099914550781,305.19000244140625,40110400
2022-04-07,290.907958984375,301.3699951171875,303.6499938964844,296.3500061035156,296.6600036621094,31411200
2022-04-08,286.66064453125,296.9700012207031,301.1199951171875,296.2799987792969,300.44000244140625,24361900
2022-04-11,275.357177734375,285.260009765625,292.6099853515625,285.0,291.7900085449219,34569300
2022-04-12,272.2682800292969,282.05999755859375,290.739990234375,280.489990234375,289.239990234375,30966700
2022-04-13,277.63525390625,287.6199951171875,288.5799865722656,281.29998779296875,282.7300109863281,21907200
2022-04-14,270.11566162109375,279.8299865722656,288.30999755859375,279.32000732421875,288.0899963378906,28221600
2022-04-18,270.7817077636719,280.5199890136719,282.4599914550781,278.3399963378906,278.9100036621094,20778000
2022-04-19,275.395751953125,285.29998779296875,286.1700134277344,278.4100036621094,279.3800048828125,22297700
2022-04-20,276.41888427734375,286.3599853515625,289.70001220703125,285.3699951171875,289.3999938964844,22906700
2022-04-21,271.06170654296875,280.80999755859375,293.29998779296875,280.05999755859375,288.5799865722656,29454600
2022-04-22,264.51702880859375,274.0299987792969,283.20001220703125,273.3800048828125,281.67999267578125,29405800
2022-04-25,270.97479248046875,280.7200012207031,281.1099853515625,270.7699890136719,273.2900085449219,35678900
2022-04-26,260.8393249511719,270.2200012207031,278.3599853515625,270.0,277.5,46518400
2022-04-27,273.3879699707031,283.2200012207031,290.9700012207031,279.1600036621094,282.1000061035156,63477700
2022-04-28,279.575439453125,289.6300048828125,290.9800109863281,281.4599914550781,285.19000244140625,33646600
2022-04-29,267.88592529296875,277.5199890136719,289.8800048828125,276.5,288.6099853515625,37073900
2022-05-02,274.59454345703125,284.4700012207031,284.94000244140625,276.2200012207031,277.7099914550781,35151100
2022-05-03,271.99798583984375,281.7799987792969,284.1300048828125,280.1499938964844,283.9599914550781,25978600
2022-05-04,279.913330078125,289.9800109863281,290.8800048828125,276.7300109863281,282.5899963378906,33599300
2022-05-05,267.7218017578125,277.3500061035156,286.3500061035156,274.3399963378906,285.5400085449219,43260400
2022-05-06,265.1927490234375,274.7300109863281,279.25,271.2699890136719,274.80999755859375,37780300
2022-05-09,255.39508056640625,264.5799865722656,272.3599853515625,263.32000732421875,270.05999755859375,47726000
2022-05-10,260.144287109375,269.5,273.75,265.07000732421875,271.69000244140625,39336400
2022-05-11,251.50502014160156,260.54998779296875,271.3599853515625,259.29998779296875,265.67999267578125,48975900
2022-05-12,246.4855194091797,255.35000610351562,259.8800048828125,250.02000427246094,257.69000244140625,51033800
2022-05-13,252.05511474609375,261.1199951171875,263.0400085449219,255.35000610351562,257.3500061035156,34925100
2022-05-16,252.4220733642578,261.5,265.82000732421875,255.77999877929688,259.9599914550781,32550900
2022-05-17,257.55731201171875,266.82000732421875,268.3299865722656,262.4599914550781,266.1099853515625,28828800
2022-05-18,245.83082580566406,254.0800018310547,263.6000061035156,252.77000427246094,263.0,31356000
2022-05-19,244.92132568359375,253.13999938964844,257.6700134277344,251.8800048828125,253.89999389648438,32692300
2022-05-20,244.36016845703125,252.55999755859375,258.5400085449219,246.44000244140625,257.239990234375,39199300
2022-05-23,252.18753051757812,260.6499938964844,261.5,253.42999267578125,255.49000549316406,33175400
2022-05-24,251.19093322753906,259.6199951171875,261.3299865722656,253.5,257.8900146484375,29043900
2022-05-25,253.9967803955078,262.5199890136719,264.5799865722656,257.1300048828125,258.1400146484375,28547900
2022-05-26,257.2669982910156,265.8999938964844,267.1099853515625,261.42999267578125,262.2699890136719,25002100
2022-05-27,264.3687744140625,273.239990234375,273.3399963378906,267.55999755859375,268.4800109863281,26910800
2022-05-31,263.043212890625,271.8699951171875,274.7699890136719,268.92999267578125,272.5299987792969,37827700
2022-06-01,263.575439453125,272.4200134277344,277.69000244140625,270.0400085449219,275.20001220703125,25292200
2022-06-02,265.66522216796875,274.5799865722656,274.6499938964844,261.6000061035156,264.45001220703125,44008200
2022-06-03,261.2532653808594,270.0199890136719,273.45001220703125,268.4100036621094,270.30999755859375,28059000
2022-06-06,260.0245361328125,268.75,274.17999267578125,267.2200012207031,272.05999755859375,22400300
2022-06-07,263.65283203125,272.5,273.1300048828125,265.94000244140625,266.6400146484375,22860700
2022-06-08,261.6306457519531,270.4100036621094,273.0,269.6099853515625,271.7099914550781,17372300
2022-06-09,256.1931457519531,264.7900085449219,272.7099914550781,264.6300048828125,267.7799987792969,26439700
2022-06-10,244.77621459960938,252.99000549316406,260.5799865722656,252.52999877929688,260.5799865722656,31422800
2022-06-13,234.3945770263672,242.25999450683594,249.02000427246094,241.52999877929688,245.11000061035156,46135800
2022-06-14,236.5521697998047,244.49000549316406,245.74000549316406,241.50999450683594,243.86000061035156,28651500
2022-06-15,243.5861358642578,251.75999450683594,255.3000030517578,246.4199981689453,248.30999755859375,33111700
2022-06-16,237.01661682128906,244.97000122070312,247.4199981689453,243.02000427246094,245.97999572753906,33169200
2022-06-17,239.60958862304688,247.64999389648438,250.5,244.02999877929688,244.6999969482422,43084800
2022-06-21,245.50186157226562,253.74000549316406,254.75,249.50999450683594,250.25999450683594,29928300
2022-06-22,244.91168212890625,253.1300048828125,257.1700134277344,250.3699951171875,251.88999938964844,25939900
2022-06-23,250.4556121826172,258.8599853515625,259.3699951171875,253.6300048828125,255.57000732421875,25861400
2022-06-24,259.0086364746094,267.70001220703125,267.9800109863281,261.7200012207031,261.80999755859375,33923200
2022-06-27,256.2898864746094,264.8900146484375,268.29998779296875,263.2799987792969,268.2099914550781,24615100
2022-06-28,248.1529083251953,256.4800109863281,266.9100036621094,256.32000732421875,263.9800109863281,27295500
2022-06-29,251.8101806640625,260.260009765625,261.9700012207031,255.75999450683594,257.5899963378906,20069800
2022-06-30,248.4915313720703,256.8299865722656,259.5299987792969,252.89999389648438,257.04998779296875,31730900
2022-07-01,251.15228271484375,259.5799865722656,259.7699890136719,254.61000061035156,256.3900146484375,22837700
2022-07-05,254.31607055664062,262.8500061035156,262.9800109863281,254.74000549316406,256.1600036621094,22941000
2022-07-06,257.56695556640625,266.2099914550781,267.989990234375,262.3999938964844,263.75,23824400
2022-07-07,259.6859130859375,268.3999938964844,269.05999755859375,265.0199890136719,265.1199951171875,20859900
2022-07-08,258.969970703125,267.6600036621094,268.1000061035156,263.2900085449219,264.7900085449219,19658800
2022-07-11,255.92213439941406,264.510009765625,266.5299987792969,262.17999267578125,265.6499938964844,19455200
2022-07-12,245.4341278076172,253.6699981689453,265.94000244140625,252.0399932861328,265.8800048828125,35868500
2022-07-13,244.51498413085938,252.72000122070312,253.5500030517578,248.11000061035156,250.19000244140625,29497400
2022-07-14,245.83082580566406,254.0800018310547,255.13999938964844,245.94000244140625,250.57000732421875,25102800
2022-07-15,248.38510131835938,256.7200012207031,260.3699951171875,254.77000427246094,255.72000122070312,29774100
2022-07-18,245.9953155517578,254.25,260.8399963378906,253.3000030517578,259.75,20975000
2022-07-19,251.10386657714844,259.5299987792969,259.7200012207031,253.67999267578125,257.5799865722656,25012600
2022-07-20,253.7549591064453,262.2699890136719,264.8699951171875,258.9100036621094,259.8999938964844,22788300
2022-07-21,256.241455078125,264.8399963378906,264.8900146484375,257.0299987792969,259.7900085449219,22404700
2022-07-22,251.9069366455078,260.3599853515625,265.3299865722656,259.07000732421875,265.239990234375,21881300
2022-07-25,250.4265899658203,258.8299865722656,261.5,256.80999755859375,261.0,21056000
2022-07-26,243.7216033935547,251.89999389648438,259.8800048828125,249.57000732421875,259.8599853515625,39348000
2022-07-27,260.0148620605469,268.739990234375,270.04998779296875,258.8500061035156,261.1600036621094,45994000
2022-07-28,267.4358215332031,276.4100036621094,277.8399963378906,267.8699951171875,269.75,33459300
2022-07-29,271.6252746582031,280.739990234375,282.0,276.6300048828125,277.70001220703125,32152800
2022-08-01,268.98388671875,278.010009765625,281.2799987792969,275.8399963378906,277.82000732421875,21539600
2022-08-02,265.8974914550781,274.82000732421875,277.8900146484375,272.3800048828125,276.0,22754200
2022-08-03,273.29913330078125,282.4700012207031,283.5,276.6099853515625,276.760009765625,23518900
2022-08-04,274.4407653808594,283.6499938964844,283.79998779296875,280.1700134277344,281.79998779296875,18098700
2022-08-05,273.724853515625,282.9100036621094,283.6499938964844,278.67999267578125,279.1499938964844,16774600
2022-08-08,271.2189636230469,280.32000732421875,285.9200134277344,279.32000732421875,284.04998779296875,18739200
2022-08-09,273.13458251953125,282.29998779296875,283.0799865722656,277.6099853515625,279.6400146484375,23405200
2022-08-10,279.7718505859375,289.1600036621094,289.80999755859375,286.94000244140625,288.1700134277344,24687800
2022-08-11,277.701416015625,287.0199890136719,291.2099914550781,286.510009765625,290.8500061035156,20065900
2022-08-12,282.4326171875,291.9100036621094,291.9100036621094,286.94000244140625,288.4800109863281,22619700
2022-08-15,283.9419860839844,293.4700012207031,294.17999267578125,290.1099853515625,291.0,18085700
2022-08-16,283.2066650390625,292.7099914550781,294.0400085449219,290.4200134277344,291.989990234375,18102900
2022-08-17,282.46014404296875,291.32000732421875,293.3500061035156,289.4700012207031,289.739990234375,18253400
2022-08-18,281.3450927734375,290.1700134277344,291.9100036621094,289.0799865722656,290.19000244140625,17186200
2022-08-19,277.4472351074219,286.1499938964844,289.25,285.55999755859375,288.8999938964844,20570000
2022-08-22,269.302734375,277.75,282.4599914550781,277.2200012207031,282.0799865722656,25061100
2022-08-23,268.0325622558594,276.44000244140625,278.8599853515625,275.3999938964844,276.44000244140625,17527400
2022-08-24,267.40234375,275.7900085449219,277.2300109863281,275.1099853515625,275.4100036621094,18137000
2022-08-25,270.3692932128906,278.8500061035156,279.0199890136719,274.5199890136719,277.3299865722656,16583400
2022-08-26,259.9364929199219,268.0899963378906,280.3399963378906,267.9800109863281,279.0799865722656,27549300
2022-08-29,257.1635437011719,265.2300109863281,267.3999938964844,263.8500061035156,265.8500061035156,20338500
2022-08-30,254.97222900390625,262.9700012207031,267.04998779296875,260.6600036621094,266.6700134277344,22767100
2022-08-31,253.51788330078125,261.4700012207031,267.1099853515625,261.3299865722656,265.3900146484375,24791800
2022-09-01,252.4804229736328,260.3999938964844,260.8900146484375,255.41000366210938,258.8699951171875,23263400
2022-09-02,248.27239990234375,256.05999755859375,264.739990234375,254.47000122070312,261.70001220703125,22855400
2022-09-06,245.54788208007812,253.25,257.8299865722656,251.94000244140625,256.20001220703125,21328200
2022-09-07,250.2406463623047,258.0899963378906,258.8299865722656,253.22000122070312,254.6999969482422,24126700
2022-09-08,250.65760803222656,258.5199890136719,260.42999267578125,254.7899932861328,257.510009765625,20319900
2022-09-09,256.4169006347656,264.4599914550781,265.2300109863281,260.2900085449219,260.5,22084700
2022-09-12,258.54034423828125,266.6499938964844,267.45001220703125,265.1600036621094,265.7799987792969,18747700
2022-09-13,244.32620239257812,251.99000549316406,260.3999938964844,251.58999633789062,258.8399963378906,33353300
2022-09-14,244.54917907714844,252.22000122070312,254.22999572753906,249.86000061035156,253.52999877929688,23913000
2022-09-15,237.91722106933594,245.3800048828125,251.39999389648438,244.02000427246094,249.77000427246094,31530900
2022-09-16,237.29669189453125,244.74000549316406,245.3000030517578,242.05999755859375,244.25999450683594,39791800
2022-09-19,237.08340454101562,244.52000427246094,245.13999938964844,240.85000610351562,242.47000122070312,26826900
2022-09-20,235.0763397216797,242.4499969482422,243.50999450683594,239.63999938964844,242.07000732421875,26660300
2022-09-21,231.68276977539062,238.9499969482422,247.66000366210938,238.89999389648438,244.27000427246094,28625600
2022-09-22,233.6510467529297,240.97999572753906,243.86000061035156,237.57000732421875,237.8699951171875,31061200
2022-09-23,230.6841278076172,237.9199981689453,241.1300048828125,235.1999969482422,239.5399932861328,34176000
2022-09-26,230.2283935546875,237.4499969482422,241.4499969482422,236.89999389648438,237.0500030517578,27694200
2022-09-27,229.2200164794922,236.41000366210938,241.8000030517578,234.5,239.97999572753906,27018700
2022-09-28,233.7383270263672,241.07000732421875,242.3300018310547,234.72999572753906,236.80999755859375,29029700
2022-09-29,230.2769012451172,237.5,239.9499969482422,234.41000366210938,238.88999938964844,27484200
2022-09-30,225.81678771972656,232.89999389648438,240.5399932861328,232.72999572753906,238.2899932861328,35694800
2022-10-03,233.41836547851562,240.74000549316406,241.61000061035156,234.66000366210938,235.41000366210938,28880400
2022-10-04,241.31080627441406,248.8800048828125,250.36000061035156,244.97999572753906,245.08999633789062,34888400
2022-10-05,241.62103271484375,249.1999969482422,250.5800018310547,244.10000610351562,245.99000549316406,20347100
2022-10-06,239.28431701660156,246.7899932861328,250.33999633789062,246.0800018310547,247.92999267578125,20239900
2022-10-07,227.11602783203125,234.24000549316406,241.32000732421875,233.1699981689453,240.89999389648438,37769600
2022-10-10,222.27777099609375,229.25,234.55999755859375,226.72999572753906,233.0500030517578,29743600
2022-10-11,218.55458068847656,225.41000366210938,229.05999755859375,224.11000061035156,227.6199951171875,30474000
2022-10-12,218.88421630859375,225.75,227.86000061035156,223.9600067138672,225.39999389648438,21903900
2022-10-13,227.11602783203125,234.24000549316406,236.10000610351562,219.1300048828125,219.85000610351562,42551800
2022-10-14,221.60879516601562,228.55999755859375,237.24000549316406,228.33999633789062,235.5399932861328,30198600
2022-10-17,230.30593872070312,237.52999877929688,238.9600067138672,235.13999938964844,235.82000732421875,28142300
2022-10-18,231.24647521972656,238.5,243.92999267578125,235.3699951171875,243.24000549316406,26329600
2022-10-19,229.28787231445312,236.47999572753906,239.61000061035156,234.2899932861328,237.0399932861328,19985700
2022-10-20,228.96792602539062,236.14999389648438,241.30999755859375,234.8699951171875,235.77000427246094,21811000
2022-10-21,234.75637817382812,242.1199951171875,243.0,234.5,234.74000549316406,26299700
2022-10-24,239.73033142089844,247.25,247.83999633789062,241.3000030517578,243.75999450683594,24911200
2022-10-25,243.03663635253906,250.66000366210938,251.0399932861328,245.8300018310547,247.25999450683594,34775500
2022-10-26,224.28482055664062,231.32000732421875,238.3000030517578,230.05999755859375,231.1699981689453,82543200
2022-10-27,219.8538360595703,226.75,233.69000244140625,225.77999877929688,231.0399932861328,40424600
2022-10-28,228.69642639160156,235.8699951171875,236.60000610351562,226.0500030517578,226.24000549316406,40647700
2022-10-31,225.07022094726562,232.1300048828125,234.9199981689453,231.14999389648438,233.75999450683594,28357300
2022-11-01,221.23060607910156,228.1699981689453,235.74000549316406,227.3300018310547,234.60000610351562,30592300
2022-11-02,213.4060821533203,220.10000610351562,231.3000030517578,220.0399932861328,229.4600067138672,38407000
2022-11-03,207.73399353027344,214.25,220.41000366210938,213.97999572753906,220.08999633789062,36633900
2022-11-04,214.65684509277344,221.38999938964844,221.58999633789062,213.42999267578125,217.5500030517578,36789100
2022-11-07,220.93975830078125,227.8699951171875,228.41000366210938,221.27999877929688,221.99000549316406,33498000
2022-11-08,221.90936279296875,228.8699951171875,231.64999389648438,225.83999633789062,228.6999969482422,28192500
2022-11-09,217.6819305419922,224.50999450683594,228.6300048828125,224.3300018310547,227.3699951171875,27852900
2022-11-10,235.59019470214844,242.97999572753906,243.3300018310547,235.0,235.42999267578125,46268000
2022-11-11,239.5946502685547,247.11000061035156,247.99000549316406,241.92999267578125,242.99000549316406,34620200
2022-11-14,234.20370483398438,241.5500030517578,243.91000366210938,239.2100067138672,241.99000549316406,31123300
2022-11-15,234.6109619140625,241.97000122070312,247.0,240.02999877929688,245.66000366210938,31390100
2022-11-16,235.03872680664062,241.72999572753906,243.8000030517578,240.4199981689453,242.7899932861328,24093300
2022-11-17,234.99009704589844,241.67999267578125,243.25,237.6300048828125,237.77999877929688,23123500
2022-11-18,234.5428924560547,241.22000122070312,243.74000549316406,239.02999877929688,243.50999450683594,27613500
2022-11-21,235.34986877441406,242.0500030517578,244.6699981689453,241.19000244140625,241.42999267578125,26394700
2022-11-22,238.24740600585938,245.02999877929688,245.30999755859375,240.7100067138672,243.58999633789062,19665700
2022-11-23,240.72682189941406,247.5800018310547,248.27999877929688,244.27000427246094,245.11000061035156,19508500
2022-11-25,240.6392822265625,247.49000549316406,248.6999969482422,246.72999572753906,247.30999755859375,9200800
2022-11-28,235.0679168701172,241.75999450683594,246.64999389648438,240.8000030517578,246.0800018310547,24778200
2022-11-29,233.677490234375,240.3300018310547,242.7899932861328,238.2100067138672,241.39999389648438,17956300
2022-11-30,248.07754516601562,255.13999938964844,255.3300018310547,239.86000061035156,240.57000732421875,47594200
2022-12-01,247.64002990722656,254.69000244140625,256.1199951171875,250.9199981689453,253.8699951171875,26041500
2022-12-02,247.9608612060547,255.02000427246094,256.05999755859375,249.69000244140625,249.82000732421875,21528500
2022-12-05,243.27426147460938,250.1999969482422,253.82000732421875,248.05999755859375,252.00999450683594,23435300
2022-12-06,238.33489990234375,245.1199951171875,251.86000061035156,243.77999877929688,250.82000732421875,22463700
2022-12-07,237.60565185546875,244.3699951171875,246.16000366210938,242.2100067138672,244.8300018310547,20481500
2022-12-08,240.5518341064453,247.39999389648438,248.74000549316406,243.05999755859375,244.83999633789062,22611800
2022-12-09,238.62657165527344,245.4199981689453,248.30999755859375,244.16000366210938,244.6999969482422,20609700
2022-12-12,245.5203399658203,252.50999450683594,252.5399932861328,247.1699981689453,247.4499969482422,30665100
2022-12-13,249.8083038330078,256.9200134277344,263.9200134277344,253.07000732421875,261.69000244140625,42196900
2022-12-14,250.10000610351562,257.2200012207031,262.5899963378906,254.30999755859375,257.1300048828125,35410900
2022-12-15,242.1172332763672,249.00999450683594,254.1999969482422,247.33999633789062,253.72000122070312,35560400
2022-12-16,237.9168243408203,244.69000244140625,249.83999633789062,243.50999450683594,248.5500030517578,86102000
2022-12-19,233.79417419433594,240.4499969482422,245.2100067138672,238.7100067138672,244.86000061035156,29696400
2022-12-20,235.10679626464844,241.8000030517578,242.91000366210938,238.4199981689453,239.39999389648438,25150800
2022-12-21,237.6639862060547,244.42999267578125,245.6199951171875,240.11000061035156,241.69000244140625,23690600
2022-12-22,231.59674072265625,238.19000244140625,241.99000549316406,233.8699951171875,241.25999450683594,28651700
2022-12-23,232.1217803955078,238.72999572753906,238.8699951171875,233.94000244140625,236.11000061035156,21207000
2022-12-27,230.40077209472656,236.9600067138672,238.92999267578125,235.8300018310547,238.6999969482422,16688600
2022-12-28,228.03805541992188,234.52999877929688,239.72000122070312,234.1699981689453,236.88999938964844,17457100
2022-12-29,234.3386993408203,241.00999450683594,241.9199981689453,235.64999389648438,235.64999389648438,19770700
2022-12-30,233.18162536621094,239.82000732421875,239.9600067138672,236.66000366210938,238.2100067138672,21938500
2023-01-03,232.94825744628906,239.5800018310547,245.75,237.39999389648438,243.0800018310547,25740000
2023-01-04,222.75836181640625,229.10000610351562,232.8699951171875,225.9600067138672,232.27999877929688,50623400
2023-01-05,216.15631103515625,222.30999755859375,227.5500030517578,221.75999450683594,227.1999969482422,39585600
2023-01-06,218.70376586914062,224.92999267578125,225.75999450683594,219.35000610351562,223.0,43613600
2023-01-09,220.8331756591797,227.1199951171875,231.24000549316406,226.41000366210938,226.4499969482422,27369800
2023-01-10,222.51527404785156,228.85000610351562,231.30999755859375,227.3300018310547,227.75999450683594,27033900
2023-01-11,229.2437286376953,235.77000427246094,235.9499969482422,231.11000061035156,231.2899932861328,28669300
2023-01-12,231.90785217285156,238.50999450683594,239.89999389648438,233.55999755859375,235.25999450683594,27269500
2023-01-13,232.60794067382812,239.22999572753906,239.3699951171875,234.9199981689453,237.0,21333300
2023-01-17,233.69696044921875,240.35000610351562,240.91000366210938,237.08999633789062,237.97000122070312,29831300
2023-01-18,229.28260803222656,235.80999755859375,242.3800048828125,235.52000427246094,241.57000732421875,30028700
2023-01-19,225.510009765625,231.92999267578125,235.52000427246094,230.67999267578125,233.77999877929688,28623000
2023-01-20,233.570556640625,240.22000122070312,240.74000549316406,234.50999450683594,234.86000061035156,35389800
2023-01-23,235.86524963378906,242.5800018310547,245.1699981689453,239.64999389648438,241.10000610351562,31934000
2023-01-24,235.3401336669922,242.0399932861328,243.9499969482422,240.44000244140625,242.5,40234400
2023-01-25,233.9497528076172,240.61000061035156,243.3000030517578,230.89999389648438,234.47999572753906,66526600
2023-01-26,241.1352081298828,248.0,248.30999755859375,242.0,243.64999389648438,33454500
2023-01-27,241.29075622558594,248.16000366210938,249.8300018310547,246.8300018310547,248.99000549316406,26498900
2023-01-30,235.9916534423828,242.7100067138672,245.60000610351562,242.1999969482422,244.50999450683594,25867400
2023-01-31,240.95045471191406,247.80999755859375,247.9499969482422,242.9499969482422,243.4499969482422,26541100
2023-02-01,245.7537078857422,252.75,255.17999267578125,245.47000122070312,248.0,31259900
2023-02-02,257.27569580078125,264.6000061035156,264.69000244140625,257.25,258.82000732421875,39940400
2023-02-03,251.19873046875,258.3500061035156,264.20001220703125,257.1000061035156,259.5400085449219,29077300
2023-02-06,249.6623992919922,256.7699890136719,258.29998779296875,254.77999877929688,257.44000244140625,22518000
2023-02-07,260.15374755859375,267.55999755859375,268.7699890136719,260.0799865722656,260.5299987792969,50841400
2023-02-08,259.3467102050781,266.7300109863281,276.760009765625,266.2099914550781,273.20001220703125,54686000
2023-02-09,256.3227844238281,263.6199951171875,273.9800109863281,262.79998779296875,273.79998779296875,42375100
2023-02-10,255.81719970703125,263.1000061035156,264.0899963378906,260.6600036621094,261.5299987792969,25818500
2023-02-13,263.8096618652344,271.32000732421875,274.6000061035156,267.1499938964844,267.6400146484375,44630900
2023-02-14,264.6361389160156,272.1700134277344,274.9700012207031,269.2799987792969,272.6700134277344,37047900
2023-02-15,262.52093505859375,269.32000732421875,270.7300109863281,266.17999267578125,268.32000732421875,28922400
2023-02-16,255.5319366455078,262.1499938964844,266.739990234375,261.8999938964844,264.0199890136719,29603600
2023-02-17,251.54522705078125,258.05999755859375,260.0899963378906,256.0,259.3900146484375,30000100
2023-02-21,246.29124450683594,252.6699981689453,255.49000549316406,251.58999633789062,254.47999572753906,28397400
2023-02-22,245.16055297851562,251.50999450683594,254.33999633789062,250.33999633789062,254.08999633789062,22491100
2023-02-23,248.33822631835938,254.77000427246094,256.8399963378906,250.47999572753906,255.55999755859375,29219100
2023-02-24,242.92837524414062,249.22000122070312,251.0,248.10000610351562,249.9600067138672,24990900
2023-02-27,243.84463500976562,250.16000366210938,252.82000732421875,249.38999938964844,252.4600067138672,21190000
2023-02-28,243.12330627441406,249.4199981689453,251.49000549316406,248.72999572753906,249.07000732421875,22491000
2023-03-01,240.0528106689453,246.27000427246094,250.92999267578125,245.7899932861328,250.75999450683594,27565300
2023-03-02,244.77064514160156,251.11000061035156,251.39999389648438,245.61000061035156,246.5500030517578,24808200
2023-03-03,248.84512329101562,255.2899932861328,255.6199951171875,251.38999938964844,252.19000244140625,30760100
2023-03-06,250.38523864746094,256.8699951171875,260.1199951171875,255.97999572753906,256.42999267578125,24109800
2023-03-07,247.73390197753906,254.14999389648438,257.69000244140625,253.38999938964844,256.29998779296875,21473200
2023-03-08,247.29525756835938,253.6999969482422,254.5399932861328,250.80999755859375,254.0399932861328,17340200
2023-03-09,245.9500732421875,252.32000732421875,259.55999755859375,251.5800018310547,255.82000732421875,26653400
2023-03-10,242.31423950195312,248.58999633789062,252.7899932861328,247.60000610351562,251.0800018310547,28333900
2023-03-13,247.5096893310547,253.9199981689453,257.9100036621094,245.72999572753906,247.39999389648438,33339700
2023-03-14,254.20631408691406,260.7900085449219,261.07000732421875,255.86000061035156,256.75,33620300
2023-03-15,258.7389831542969,265.44000244140625,266.4800109863281,259.2099914550781,259.9800109863281,46028000
2023-03-16,269.2272644042969,276.20001220703125,276.55999755859375,263.2799987792969,265.2099914550781,54768800
2023-03-17,272.37567138671875,279.42999267578125,283.3299865722656,276.32000732421875,278.260009765625,69527400
2023-03-20,265.35748291015625,272.2300109863281,277.4800109863281,269.8500061035156,276.9800109863281,43466600
2023-03-21,266.86834716796875,273.7799987792969,275.0,269.5199890136719,274.8800048828125,34558700
2023-03-22,265.41595458984375,272.2900085449219,281.0400085449219,272.17999267578125,273.3999938964844,34873300
2023-03-23,270.6503601074219,277.6600036621094,281.05999755859375,275.20001220703125,277.94000244140625,36610900
2023-03-24,273.4869079589844,280.57000732421875,280.6300048828125,275.2799987792969,277.239990234375,28172000
2023-03-27,269.4027404785156,276.3800048828125,281.4599914550781,275.5199890136719,280.5,26840200
2023-03-28,268.2817687988281,275.2300109863281,276.1400146484375,272.04998779296875,275.7900085449219,21878600
2023-03-29,273.42840576171875,280.510009765625,281.1400146484375,278.4100036621094,278.9599914550781,25087000
2023-03-30,276.8791198730469,284.04998779296875,284.4599914550781,281.4800109863281,284.2300109863281,25053400
2023-03-31,281.021728515625,288.29998779296875,289.2699890136719,283.0,283.7300109863281,32766000
2023-04-03,279.97882080078125,287.2300109863281,288.2699890136719,283.95001220703125,286.5199890136719,24883300
2023-04-04,279.92999267578125,287.17999267578125,290.45001220703125,285.6700134277344,287.2300109863281,25824300
2023-04-05,277.1617126464844,284.3399963378906,287.1499938964844,282.9200134277344,285.8500061035156,22064800
2023-04-06,284.2384338378906,291.6000061035156,292.0799865722656,282.0299987792969,283.2099914550781,29770300
2023-04-10,282.0842590332031,289.3900146484375,289.6000061035156,284.7099914550781,289.2099914550781,23103000
2023-04-11,275.68988037109375,282.8299865722656,285.9800109863281,281.6400146484375,285.75,27276600
2023-04-12,276.333251953125,283.489990234375,287.010009765625,281.9599914550781,284.7900085449219,27403400
2023-04-13,282.52288818359375,289.8399963378906,289.8999938964844,283.1700134277344,283.5899963378906,24222700
2023-04-14,278.91632080078125,286.1400146484375,288.4800109863281,283.69000244140625,287.0,20987900
2023-04-17,281.5091247558594,288.79998779296875,291.6000061035156,286.1600036621094,289.92999267578125,23836200
2023-04-18,281.0899963378906,288.3699951171875,291.760009765625,287.010009765625,291.57000732421875,20161800
2023-04-19,281.1680603027344,288.45001220703125,289.04998779296875,284.5400085449219,285.989990234375,17150300
2023-04-20,278.8870544433594,286.1099853515625,289.0299987792969,285.0799865722656,285.25,23244400
2023-04-21,278.5458679199219,285.760009765625,286.2699890136719,283.05999755859375,285.010009765625,21676400
2023-04-24,274.6565856933594,281.7699890136719,284.95001220703125,278.7200012207031,282.0899963378906,26611000
2023-04-25,268.4670104980469,275.4200134277344,281.6000061035156,275.3699951171875,279.510009765625,45772200
2023-04-26,287.91326904296875,295.3699951171875,299.57000732421875,292.7300109863281,296.70001220703125,64599200
2023-04-27,297.13446044921875,304.8299865722656,305.20001220703125,295.25,295.9700012207031,46462600
2023-04-28,299.5031433105469,307.260009765625,308.92999267578125,303.30999755859375,304.010009765625,36469600
2023-05-01,297.8459777832031,305.55999755859375,308.6000061035156,305.1499938964844,306.9700012207031,21294100
2023-05-02,297.69976806640625,305.4100036621094,309.17999267578125,303.9100036621094,307.760009765625,26404400
2023-05-03,296.71533203125,304.3999938964844,308.6099853515625,304.0899963378906,306.6199951171875,22360800
2023-05-04,297.69976806640625,305.4100036621094,307.760009765625,303.3999938964844,306.239990234375,22519900
2023-05-05,302.8075256347656,310.6499938964844,311.9700012207031,304.2699890136719,305.7200012207031,28197100
2023-05-08,300.8580627441406,308.6499938964844,310.20001220703125,306.0899963378906,310.1300048828125,21318600
2023-05-09,299.2497253417969,307.0,310.0400085449219,306.30999755859375,308.0,21340800
2023-05-10,304.4256591796875,312.30999755859375,313.0,307.6700134277344,308.6199951171875,30078000
2023-05-11,302.28118896484375,310.1099853515625,311.1199951171875,306.260009765625,310.1000061035156,31680200
2023-05-12,301.1698913574219,308.9700012207031,310.6499938964844,306.6000061035156,310.54998779296875,19774700
2023-05-15,301.6476135253906,309.4599914550781,309.8999938964844,307.5899963378906,309.1000061035156,16336500
2023-05-16,303.8699951171875,311.739990234375,313.7099914550781,309.8299865722656,309.8299865722656,26730300
2023-05-17,306.7420959472656,314.0,314.42999267578125,310.739990234375,312.2900085449219,24315000
2023-05-18,311.1575927734375,318.5199890136719,319.0400085449219,313.7200012207031,314.5299987792969,27276000
2023-05-19,310.9817810058594,318.3399963378906,318.75,316.3699951171875,316.739990234375,27546700
2023-05-22,313.7561340332031,321.17999267578125,322.5899963378906,318.010009765625,318.6000061035156,24115700
2023-05-23,307.9729919433594,315.260009765625,322.7200012207031,315.25,320.0299987792969,30797200
2023-05-24,306.5954895019531,313.8500061035156,316.5,312.6099853515625,314.7300109863281,23384900
2023-05-25,318.3865966796875,325.9200134277344,326.8999938964844,320.0,323.239990234375,43301700
2023-05-26,325.1954040527344,332.8900146484375,333.3999938964844,323.8800048828125,324.0199890136719,36630600
2023-05-30,323.5542297363281,331.2099914550781,335.739990234375,330.5199890136719,335.2300109863281,29503100
2023-05-31,320.79949951171875,328.3900146484375,335.94000244140625,327.3299865722656,332.2900085449219,45950600
2023-06-01,324.892578125,332.5799865722656,333.5299987792969,324.7200012207031,325.92999267578125,26773900
2023-06-02,327.64739990234375,335.3999938964844,337.5,332.54998779296875,334.25,25873800
2023-06-05,328.1749267578125,335.94000244140625,338.55999755859375,334.6600036621094,335.2200012207031,21307100
2023-06-06,325.96722412109375,333.67999267578125,335.3699951171875,332.1700134277344,335.3299865722656,20396200
2023-06-07,315.9052734375,323.3800048828125,334.489990234375,322.5,331.6499938964844,40717100
2023-06-08,317.7417907714844,325.260009765625,326.6400146484375,323.3500061035156,323.94000244140625,23277700
2023-06-09,319.2364501953125,326.7900085449219,329.989990234375,324.4100036621094,324.989990234375,22529000
2023-06-12,324.1794128417969,331.8500061035156,332.1000061035156,325.1600036621094,328.5799865722656,24260300
2023-06-13,326.5631103515625,334.2900085449219,336.9800109863281,330.3900146484375,334.4700012207031,22951300
2023-06-14,329.5425720214844,337.3399963378906,339.0400085449219,332.80999755859375,334.3399963378906,26003800
2023-06-15,340.05389404296875,348.1000061035156,349.8399963378906,337.20001220703125,337.4800109863281,38899100
2023-06-16,334.4172058105469,342.3299865722656,351.4700012207031,341.95001220703125,351.32000732421875,46552000
2023-06-20,330.2362365722656,338.04998779296875,342.0799865722656,335.8599853515625,339.30999755859375,26375400
2023-06-21,325.8500061035156,333.55999755859375,337.7300109863281,332.07000732421875,336.3699951171875,25117800
2023-06-22,331.85784912109375,339.7099914550781,340.1199951171875,333.3399963378906,334.1199951171875,23556800
2023-06-23,327.27618408203125,335.0199890136719,337.9599914550781,333.45001220703125,334.3599853515625,23146900
2023-06-26,321.0045471191406,328.6000061035156,336.1099853515625,328.489990234375,333.7200012207031,21520600
2023-06-27,326.8365783691406,334.57000732421875,336.1499938964844,329.29998779296875,331.8599853515625,24354100
2023-06-28,328.0870361328125,335.8500061035156,337.9800109863281,333.80999755859375,334.6600036621094,20259500
2023-06-29,327.3055419921875,335.04998779296875,336.1099853515625,332.6199951171875,334.7099914550781,16997000
2023-06-30,332.668701171875,340.5400085449219,342.7300109863281,337.20001220703125,337.75,26832800
2023-07-03,330.1775207519531,337.989990234375,340.8999938964844,336.57000732421875,339.19000244140625,12508700
2023-07-05,330.3338623046875,338.1499938964844,341.6499938964844,334.7300109863281,335.0899963378906,18172400
2023-07-06,333.3817443847656,341.2699890136719,342.989990234375,335.5,337.29998779296875,28161200
2023-07-07,329.4253845214844,337.2200012207031,341.7900085449219,337.0,339.32000732421875,21214800
2023-07-10,324.1599426269531,331.8299865722656,335.2300109863281,327.5899963378906,334.6000061035156,32791400
2023-07-11,324.78515625,332.4700012207031,332.8599853515625,327.0,331.05999755859375,26698200
2023-07-12,329.40582275390625,337.20001220703125,341.6499938964844,335.6700134277344,336.6000061035156,29995300
2023-07-13,334.7395935058594,342.6600036621094,343.739990234375,339.0199890136719,339.55999755859375,20567200
2023-07-14,337.2599182128906,345.239990234375,351.42999267578125,344.30999755859375,347.5899963378906,28352700
2023-07-17,337.73870849609375,345.7300109863281,346.989990234375,342.20001220703125,345.67999267578125,20363900
2023-07-18,351.1805419921875,359.489990234375,366.7799987792969,342.1700134277344,345.8299865722656,64738600
2023-07-19,346.87255859375,355.0799865722656,362.4599914550781,352.44000244140625,361.75,39732900
2023-07-20,338.85223388671875,346.8699951171875,357.9700012207031,345.3699951171875,353.57000732421875,33778400
2023-07-21,335.82391357421875,343.7699890136719,350.29998779296875,339.8299865722656,349.1499938964844,69405400
2023-07-24,337.13299560546875,345.1099853515625,346.9200134277344,342.30999755859375,345.8500061035156,26678100
2023-07-25,342.8672790527344,350.9800109863281,351.8900146484375,345.07000732421875,347.1099853515625,41637700
2023-07-26,329.9626159667969,337.7699890136719,344.6700134277344,333.1099853515625,341.44000244140625,58383700
2023-07-27,323.0755615234375,330.7200012207031,341.3299865722656,329.04998779296875,340.4800109863281,39635300
2023-07-28,330.5487976074219,338.3699951171875,340.010009765625,333.1700134277344,333.6700134277344,28484900
2023-07-31,328.1554260253906,335.9200134277344,337.70001220703125,333.3599853515625,336.9200134277344,25446000
2023-08-01,328.5657043457031,336.3399963378906,338.5400085449219,333.70001220703125,335.19000244140625,18311900
2023-08-02,319.9300231933594,327.5,333.6300048828125,326.3599853515625,333.6300048828125,27761300
2023-08-03,319.10943603515625,326.6600036621094,329.8800048828125,325.95001220703125,326.0,18253700
2023-08-04,320.2035217285156,327.7799987792969,335.1400146484375,327.239990234375,331.8800048828125,23741500
2023-08-07,322.4796447753906,330.1099853515625,331.1099853515625,327.5199890136719,328.3699951171875,17741500
2023-08-08,318.5135192871094,326.04998779296875,328.75,323.0,326.9599914550781,22327600
2023-08-09,314.7818298339844,322.2300109863281,327.1099853515625,321.04998779296875,326.4700012207031,22373300
2023-08-10,315.4656982421875,322.92999267578125,328.260009765625,321.17999267578125,326.0199890136719,20113700
2023-08-11,313.5900573730469,321.010009765625,322.4100036621094,319.2099914550781,320.260009765625,24355500
2023-08-14,316.5499572753906,324.0400085449219,324.05999755859375,320.0799865722656,321.3900146484375,18836100
2023-08-15,314.4203796386719,321.8599853515625,325.0899963378906,320.8999938964844,323.0,16966300
2023-08-16,313.65679931640625,320.3999938964844,324.4200134277344,319.79998779296875,320.79998779296875,20698900
2023-08-17,310.2109069824219,316.8800048828125,321.8699951171875,316.2099914550781,320.5400085449219,21257200
2023-08-18,309.8193664550781,316.4800109863281,318.3800048828125,311.54998779296875,314.489990234375,24755000
2023-08-21,315.1056823730469,321.8800048828125,322.7699890136719,317.0400085449219,317.92999267578125,24040000
2023-08-22,315.6734619140625,322.4599914550781,326.0799865722656,321.4599914550781,325.5,16084600
2023-08-23,320.117919921875,327.0,329.20001220703125,323.4599914550781,323.82000732421875,21166400
2023-08-24,313.23583984375,319.9700012207031,332.9800109863281,319.9599914550781,332.8500061035156,23281400
2023-08-25,316.18255615234375,322.9800109863281,325.3599853515625,318.79998779296875,321.4700012207031,21684100
2023-08-28,316.8873596191406,323.70001220703125,326.1499938964844,321.7200012207031,325.6600036621094,14808500
2023-08-29,321.49822998046875,328.4100036621094,328.9800109863281,321.8800048828125,321.8800048828125,19284600
2023-08-30,321.8702392578125,328.7900085449219,329.80999755859375,326.45001220703125,328.6700134277344,15222100
2023-08-31,320.8619384765625,327.760009765625,330.9100036621094,326.7799987792969,329.20001220703125,26411000
2023-09-01,321.7430114746094,328.6600036621094,331.989990234375,326.7799987792969,331.30999755859375,14942000
2023-09-05,326.5300598144531,333.54998779296875,334.8500061035156,328.6600036621094,329.0,18553900
2023-09-06,325.8741760253906,332.8800048828125,334.4599914550781,330.17999267578125,333.3800048828125,17535800
2023-09-07,322.9666748046875,329.9100036621094,333.0799865722656,329.0299987792969,331.2900085449219,18381000
2023-09-08,327.23486328125,334.2699890136719,336.1600036621094,329.4599914550781,330.0899963378906,19530100
2023-09-11,330.82769775390625,337.94000244140625,338.4200134277344,335.42999267578125,337.239990234375,16583300
2023-09-12,324.78753662109375,331.7699890136719,336.7900085449219,331.4800109863281,335.82000732421875,17565500
2023-09-13,328.9872131347656,336.05999755859375,336.8500061035156,331.1700134277344,331.30999755859375,16544400
2023-09-14,331.5716857910156,338.70001220703125,340.8599853515625,336.57000732421875,339.1499938964844,20267000
2023-09-15,323.2701416015625,330.2200012207031,337.3999938964844,329.6499938964844,336.9200134277344,37679800
2023-09-18,322.134521484375,329.05999755859375,330.3999938964844,326.3599853515625,327.79998779296875,16834200
2023-09-19,321.7331237792969,328.6499938964844,329.3900146484375,324.510009765625,326.1700134277344,16505900
2023-09-20,314.0190124511719,320.7699890136719,329.5899963378906,320.510009765625,329.510009765625,21436500
2023-09-21,312.8050842285156,319.5299987792969,325.3500061035156,315.0,319.260009765625,35560400
2023-09-22,310.338134765625,317.010009765625,321.45001220703125,316.1499938964844,321.32000732421875,21447900
2023-09-25,310.8570251464844,317.5400085449219,317.6700134277344,315.0,316.5899963378906,17836000
2023-09-26,305.5706481933594,312.1400146484375,315.8800048828125,310.0199890136719,315.1300048828125,26297600
2023-09-27,306.20697021484375,312.7900085449219,314.29998779296875,309.69000244140625,312.29998779296875,19410100
2023-09-28,307.03912353515625,313.6400146484375,315.4800109863281,309.45001220703125,310.989990234375,19683600
2023-09-29,309.10467529296875,315.75,319.4700012207031,314.9800109863281,317.75,24147300
2023-10-02,315.02734375,321.79998779296875,321.8900146484375,315.17999267578125,316.2799987792969,20570000
2023-10-03,306.7943420410156,313.3900146484375,321.3900146484375,311.2099914550781,320.8299865722656,21033500
2023-10-04,312.2470703125,318.9599914550781,320.0400085449219,314.0,314.0299987792969,20720100
2023-10-05,312.638671875,319.3599853515625,319.9800109863281,314.8999938964844,319.0899963378906,16965600
2023-10-06,320.3724365234375,327.260009765625,329.19000244140625,316.29998779296875,316.54998779296875,25673600
2023-10-09,322.8785095214844,329.82000732421875,330.29998779296875,323.17999267578125,324.75,19891200
2023-10-10,321.4786682128906,328.3900146484375,331.1000061035156,327.6700134277344,330.9599914550781,20557100
2023-10-11,325.4238586425781,332.4200134277344,332.82000732421875,329.1400146484375,331.2099914550781,20063200
2023-10-12,324.1903991699219,331.1600036621094,333.6300048828125,328.7200012207031,330.57000732421875,19313100
2023-10-13,320.8326416015625,327.7300109863281,333.8299865722656,326.3599853515625,332.3800048828125,21072400
2023-10-16,325.6392517089844,332.6400146484375,336.1400146484375,330.6000061035156,331.04998779296875,22158000
2023-10-17,325.0714111328125,332.05999755859375,333.4599914550781,327.4100036621094,329.5899963378906,18338500
2023-10-18,323.1624755859375,330.1099853515625,335.5899963378906,328.29998779296875,332.489990234375,23153600
2023-10-19,324.3470153808594,331.32000732421875,336.8800048828125,330.9100036621094,332.1499938964844,25052100
2023-10-20,319.79486083984375,326.6700134277344,331.9200134277344,325.45001220703125,331.7200012207031,25027700
2023-10-23,322.3890380859375,329.32000732421875,332.7300109863281,324.3900146484375,325.4700012207031,24374700
2023-10-24,323.57354736328125,330.5299987792969,331.8399963378906,327.6000061035156,331.29998779296875,31153600
2023-10-25,333.500244140625,340.6700134277344,346.20001220703125,337.6199951171875,345.0199890136719,55053800
2023-10-26,320.9891662597656,327.8900146484375,341.6300048828125,326.94000244140625,340.5400085449219,37828500
2023-10-27,322.8688049316406,329.80999755859375,336.7200012207031,328.3999938964844,330.42999267578125,29856500
2023-10-30,330.2109069824219,337.30999755859375,339.45001220703125,331.8299865722656,333.4100036621094,22828100
2023-10-31,330.9940490722656,338.1099853515625,339.0,334.69000244140625,338.8500061035156,20265300
2023-11-01,338.78656005859375,346.07000732421875,347.4200134277344,339.6499938964844,339.7900085449219,28158800
2023-11-02,340.98919677734375,348.32000732421875,348.8299865722656,344.7699890136719,347.239990234375,24348100
2023-11-03,345.3748474121094,352.79998779296875,354.3900146484375,347.3299865722656,349.6300048828125,23637700
2023-11-06,349.0263977050781,356.5299987792969,357.5400085449219,353.3500061035156,353.45001220703125,23828300
2023-11-07,352.9422302246094,360.5299987792969,362.4599914550781,357.6300048828125,359.3999938964844,25833900
2023-11-08,355.55609130859375,363.20001220703125,363.8699951171875,360.54998779296875,361.67999267578125,26767800
2023-11-09,353.098876953125,360.69000244140625,364.7900085449219,360.3599853515625,362.29998779296875,24847300
2023-11-10,361.8899230957031,369.6700134277344,370.1000061035156,361.07000732421875,361.489990234375,28042100
2023-11-13,358.9627990722656,366.67999267578125,368.4700012207031,365.8999938964844,368.2200012207031,19986500
2023-11-14,362.4772033691406,370.2699890136719,371.95001220703125,367.3500061035156,371.010009765625,27683900
2023-11-15,362.6243591308594,369.6700134277344,373.1300048828125,367.1099853515625,371.2799987792969,26860100
2023-11-16,369.0004577636719,376.1700134277344,376.3500061035156,370.17999267578125,370.9599914550781,27182300
2023-11-17,362.801025390625,369.8500061035156,374.3699951171875,367.0,373.6099853515625,40157000
2023-11-20,370.2463073730469,377.44000244140625,378.8699951171875,371.0,371.2200012207031,52465100
2023-11-21,365.9596252441406,373.07000732421875,376.2200012207031,371.1199951171875,375.6700134277344,28423100
2023-11-22,370.6484375,377.8500061035156,379.7900085449219,374.9700012207031,378.0,23345300
2023-11-24,370.23651123046875,377.42999267578125,377.9700012207031,375.1400146484375,377.3299865722656,10176600
2023-11-27,371.3940124511719,378.6099853515625,380.6400146484375,376.20001220703125,376.7799987792969,22179200
2023-11-28,375.4060363769531,382.70001220703125,383.0,378.1600036621094,378.3500061035156,20453100
2023-11-29,371.62939453125,378.8500061035156,384.29998779296875,377.44000244140625,383.760009765625,28963400
2023-11-30,371.68829345703125,378.9100036621094,380.0899963378906,375.4700012207031,378.489990234375,30554400
2023-12-01,367.3721618652344,374.510009765625,378.1600036621094,371.30999755859375,376.760009765625,33040500
2023-12-04,362.1044616699219,369.1400146484375,369.5199890136719,362.8999938964844,369.1000061035156,32063300
2023-12-05,365.4200439453125,372.5199890136719,373.0799865722656,365.6199951171875,366.45001220703125,23065000
2023-12-06,361.7709655761719,368.79998779296875,374.17999267578125,368.0299987792969,373.5400085449219,21182100
2023-12-07,363.87994384765625,370.95001220703125,371.45001220703125,366.32000732421875,368.2300109863281,23118900
2023-12-08,367.09747314453125,374.2300109863281,374.4599914550781,368.2300109863281,369.20001220703125,20154400
2023-12-11,364.2232666015625,371.29998779296875,371.6000061035156,366.1000061035156,368.4800109863281,27708800
2023-12-12,367.24456787109375,374.3800048828125,374.4200134277344,370.4599914550781,370.8500061035156,24838300
2023-12-13,367.2348327636719,374.3699951171875,377.6400146484375,370.7699890136719,376.0199890136719,30955500
2023-12-14,358.9556579589844,365.92999267578125,373.760009765625,364.1300048828125,373.30999755859375,43277500
2023-12-15,363.6642150878906,370.7300109863281,372.3999938964844,366.2799987792969,366.8500061035156,78502300
2023-12-18,365.5475158691406,372.6499938964844,373.0,368.67999267578125,369.45001220703125,21802900
2023-12-19,366.1459045410156,373.260009765625,373.260009765625,369.8399963378906,371.489990234375,20603700
2023-12-20,363.5562438964844,370.6199951171875,376.0299987792969,370.5299987792969,375.0,26316700
2023-12-21,366.4206237792969,373.5400085449219,374.4100036621094,370.0400085449219,372.55999755859375,17708000
2023-12-22,367.4408264160156,374.5799865722656,375.17999267578125,372.7099914550781,373.67999267578125,17107500
2023-12-26,367.5192565917969,374.6600036621094,376.94000244140625,373.5,375.0,12673100
2023-12-27,366.9405517578125,374.07000732421875,375.05999755859375,372.80999755859375,373.69000244140625,14905400
2023-12-28,368.1274108886719,375.2799987792969,376.4599914550781,374.1600036621094,375.3699951171875,14327000
2023-12-29,368.8729553222656,376.0400085449219,377.1600036621094,373.4800109863281,376.0,18730800
2024-01-02,363.801513671875,370.8699951171875,375.8999938964844,366.7699890136719,373.8599853515625,25258600
2024-01-03,363.5366516113281,370.6000061035156,373.260009765625,368.510009765625,369.010009765625,23083500
2024-01-04,360.9273681640625,367.94000244140625,373.1000061035156,367.1700134277344,370.6700134277344,20901500
2024-01-05,360.740966796875,367.75,372.05999755859375,366.5,368.9700012207031,21004600
2024-01-08,367.5486755371094,374.69000244140625,375.20001220703125,369.010009765625,369.29998779296875,23134000
2024-01-09,368.62774658203125,375.7900085449219,375.989990234375,371.19000244140625,372.010009765625,20830000
2024-01-10,375.47467041015625,382.7699890136719,384.1700134277344,376.32000732421875,376.3699951171875,25514200
2024-01-11,377.29925537109375,384.6300048828125,390.67999267578125,380.3800048828125,386.0,27850800
2024-01-12,381.0660705566406,388.4700012207031,388.67999267578125,384.6499938964844,385.489990234375,21661200
2024-01-16,382.83172607421875,390.2699890136719,394.0299987792969,387.6199951171875,393.6600036621094,27202300
2024-01-17,382.0469970703125,389.4700012207031,390.1099853515625,384.80999755859375,387.9800109863281,22234100
2024-01-18,386.3631286621094,393.8699951171875,393.989990234375,390.1199951171875,391.7200012207031,23392100
2024-01-19,391.0716552734375,398.6700134277344,398.6700134277344,393.5,395.760009765625,29331100
2024-01-22,388.952880859375,396.510009765625,400.6199951171875,393.5899963378906,400.0199890136719,27016900
2024-01-23,391.29730224609375,398.8999938964844,399.3800048828125,393.92999267578125,395.75,20525900
2024-01-24,394.8876037597656,402.55999755859375,405.6300048828125,400.45001220703125,401.5400085449219,24867000
2024-01-25,397.15350341796875,404.8699951171875,407.010009765625,402.5299987792969,404.32000732421875,21021200
2024-01-26,396.23138427734375,403.92999267578125,406.1700134277344,402.42999267578125,404.3699951171875,17803300
2024-01-29,401.9110107421875,409.7200012207031,409.9800109863281,404.3299865722656,406.05999755859375,24510200
2024-01-30,400.8025817871094,408.5899963378906,413.04998779296875,406.45001220703125,412.260009765625,33477600
2024-01-31,390.00238037109375,397.5799865722656,415.32000732421875,397.2099914550781,406.9599914550781,47871100
2024-02-01,396.0842590332031,403.7799987792969,408.0,401.79998779296875,401.8299865722656,30657700
2024-02-02,403.38250732421875,411.2200012207031,412.6499938964844,403.55999755859375,403.80999755859375,28256700
2024-02-05,397.91864013671875,405.6499938964844,411.1600036621094,403.989990234375,409.8999938964844,25352300
2024-02-06,397.7616882324219,405.489990234375,407.9700012207031,402.9100036621094,405.8800048828125,18382600
2024-02-07,406.1585388183594,414.04998779296875,414.29998779296875,407.3999938964844,407.44000244140625,22340500
2024-02-08,406.21734619140625,414.1099853515625,415.55999755859375,412.5299987792969,414.04998779296875,21225300
2024-02-09,412.53460693359375,420.54998779296875,420.82000732421875,415.0899963378906,415.25,22032800
2024-02-12,407.3454895019531,415.260009765625,420.739990234375,414.75,420.55999755859375,21202900
2024-02-13,398.57586669921875,406.32000732421875,410.07000732421875,403.3900146484375,404.94000244140625,27824900
2024-02-14,402.4282531738281,409.489990234375,409.8399963378906,404.57000732421875,408.07000732421875,20401200
2024-02-15,399.54876708984375,406.55999755859375,409.1300048828125,404.2900085449219,408.1400146484375,21825500
2024-02-16,397.0919189453125,404.05999755859375,408.2900085449219,403.44000244140625,407.9599914550781,22296500
2024-02-20,395.84381103515625,402.7900085449219,404.489990234375,398.010009765625,403.239990234375,24307900
2024-02-21,395.2442626953125,402.17999267578125,402.2900085449219,397.2200012207031,400.1700134277344,18518900
2024-02-22,404.551025390625,411.6499938964844,412.8299865722656,408.57000732421875,410.19000244140625,27009900
2024-02-23,403.2635803222656,410.3399963378906,415.8599853515625,408.9700012207031,415.6700134277344,16295900
2024-02-26,400.51190185546875,407.5400085449219,412.1600036621094,407.3599853515625,411.4599914550781,16193500
2024-02-27,400.452880859375,407.4800109863281,408.32000732421875,403.8500061035156,407.989990234375,14835800
2024-02-28,400.68878173828125,407.7200012207031,409.29998779296875,405.32000732421875,408.17999267578125,13183100
2024-02-29,406.5067138671875,413.6400146484375,414.20001220703125,405.9200134277344,408.6400146484375,31947300
2024-03-01,408.3345947265625,415.5,415.8699951171875,410.8800048828125,411.2699890136719,17823400
2024-03-04,407.7646179199219,414.9200134277344,417.3500061035156,412.32000732421875,413.44000244140625,17596000
2024-03-05,395.7062072753906,402.6499938964844,414.25,400.6400146484375,413.9599914550781,26919200
2024-03-06,395.1558837890625,402.0899963378906,405.1600036621094,398.3900146484375,402.9700012207031,22344100
2024-03-07,402.08428955078125,409.1400146484375,409.7799987792969,402.239990234375,406.1199951171875,18718500
2024-03-08,399.2146301269531,406.2200012207031,410.4200134277344,404.3299865722656,407.9599914550781,18002200
2024-03-11,397.5439453125,404.5199890136719,405.67999267578125,401.260009765625,403.760009765625,16120800
2024-03-12,408.1183776855469,415.2799987792969,415.57000732421875,406.7900085449219,407.6199951171875,22457000
2024-03-13,407.9415283203125,415.1000061035156,418.17999267578125,411.45001220703125,418.1000061035156,17115900
2024-03-14,417.8869934082031,425.2200012207031,427.82000732421875,417.989990234375,420.239990234375,34157300
2024-03-15,409.23876953125,416.4200134277344,422.6000061035156,412.7900085449219,419.2900085449219,45079900
2024-03-18,410.12322998046875,417.32000732421875,420.7300109863281,413.7799987792969,414.25,20106000
2024-03-19,414.1427307128906,421.4100036621094,421.6700134277344,415.54998779296875,417.8299865722656,19837900
2024-03-20,417.8968505859375,425.2300109863281,425.9599914550781,420.6600036621094,422.0,17860100
2024-03-21,421.96539306640625,429.3699951171875,430.82000732421875,427.1600036621094,429.8299865722656,21296200
2024-03-22,421.3462829589844,428.739990234375,429.8599853515625,426.07000732421875,429.70001220703125,17648500
2024-03-25,415.56768798828125,422.8599853515625,427.4100036621094,421.6099853515625,425.239990234375,18060500
2024-03-26,414.3785095214844,421.6499938964844,425.989990234375,421.3500061035156,425.6099853515625,16725600
2024-03-27,414.162353515625,421.42999267578125,424.45001220703125,419.010009765625,424.44000244140625,16705000
2024-03-28,413.4645690917969,420.7200012207031,421.8699951171875,419.1199951171875,420.9599914550781,21871200
2024-04-01,417.2481994628906,424.57000732421875,427.8900146484375,422.2200012207031,423.95001220703125,16316000
2024-04-02,414.17218017578125,421.44000244140625,422.3800048828125,417.8399963378906,420.1099853515625,17912000
2024-04-03,413.19921875,420.45001220703125,423.260009765625,419.0899963378906,419.7300109863281,16502300
2024-04-04,410.673583984375,417.8800048828125,428.6700134277344,417.57000732421875,424.989990234375,19370900
2024-04-05,418.1817932128906,425.5199890136719,426.510009765625,418.32000732421875,420.010009765625,16554800
2024-04-08,417.267822265625,424.5899963378906,427.2799987792969,423.29998779296875,425.1700134277344,14272400
2024-04-09,418.9286804199219,426.2799987792969,427.739990234375,421.6199951171875,426.44000244140625,12496900
2024-04-10,415.96075439453125,423.260009765625,424.0299987792969,419.70001220703125,422.19000244140625,16216600
2024-04-11,420.5502624511719,427.92999267578125,429.3699951171875,422.3599853515625,425.82000732421875,17966400
2024-04-12,414.6242370605469,421.8999938964844,425.17999267578125,419.7699890136719,424.04998779296875,19253800
2024-04-15,406.5067138671875,413.6400146484375,426.82000732421875,413.42999267578125,426.6000061035156,20273500
2024-04-16,407.4304504394531,414.5799865722656,418.3999938964844,413.7300109863281,414.57000732421875,16765600
2024-04-17,404.7377014160156,411.8399963378906,418.8800048828125,410.3299865722656,417.25,15855500
2024-04-18,397.2982482910156,404.2699890136719,411.8900146484375,403.95001220703125,410.6300048828125,21029900
2024-04-19,392.237060546875,399.1199951171875,405.4800109863281,397.7699890136719,404.0299987792969,30565800
2024-04-22,394.0452880859375,400.9599914550781,402.8500061035156,395.75,400.0799865722656,20286900
2024-04-23,400.5414123535156,407.57000732421875,408.20001220703125,403.05999755859375,404.239990234375,15734500
2024-04-24,402.0056457519531,409.05999755859375,412.4700012207031,406.7799987792969,409.55999755859375,15065300
2024-04-25,392.158447265625,399.0400085449219,399.8900146484375,388.0299987792969,394.0299987792969,40586500
2024-04-26,399.31292724609375,406.32000732421875,413.0,405.760009765625,412.1700134277344,29694700
2024-04-29,395.3131103515625,402.25,406.32000732421875,399.19000244140625,405.25,19582100
2024-04-30,382.61590576171875,389.3299865722656,402.1600036621094,389.1700134277344,401.489990234375,28781400
2024-05-01,388.1291809082031,394.94000244140625,401.7200012207031,390.30999755859375,392.6099853515625,23562500
2024-05-02,390.9791259765625,397.8399963378906,399.92999267578125,394.6499938964844,397.6600036621094,17709400
2024-05-03,399.6470642089844,406.6600036621094,407.1499938964844,401.8599853515625,402.2799987792969,17446700
2024-05-06,406.40838623046875,413.5400085449219,413.92999267578125,406.3699951171875,408.760009765625,16996600
2024-05-07,402.2808532714844,409.3399963378906,414.6700134277344,409.0899963378906,414.6600036621094,20018200
2024-05-08,403.46014404296875,410.5400085449219,412.2300109863281,406.7099914550781,408.1700134277344,11792300
2024-05-09,405.20947265625,412.32000732421875,412.7200012207031,409.1000061035156,410.57000732421875,14689700
2024-05-10,407.5877380371094,414.739990234375,415.3800048828125,411.79998779296875,412.94000244140625,13402300
2024-05-13,406.5853271484375,413.7200012207031,418.3500061035156,410.82000732421875,418.010009765625,15440200
2024-05-14,409.3763427734375,416.55999755859375,417.489990234375,411.54998779296875,412.0199890136719,15109300
2024-05-15,416.5338439941406,423.0799865722656,423.80999755859375,417.2699890136719,417.8999938964844,22239500
2024-05-16,414.47613525390625,420.989990234375,425.4200134277344,420.3500061035156,421.79998779296875,17530100
2024-05-17,413.708251953125,420.2099914550781,422.9200134277344,418.0299987792969,422.5400085449219,15352200
2024-05-20,418.7589111328125,425.3399963378906,426.7699890136719,419.989990234375,420.2099914550781,16272100
2024-05-21,422.40167236328125,429.0400085449219,432.9700012207031,424.8500061035156,426.8299865722656,21453300
2024-05-22,423.8587341308594,430.5199890136719,432.4100036621094,427.1300048828125,430.0899963378906,18073700
2024-05-23,420.3932189941406,427.0,433.6000061035156,425.4200134277344,432.9700012207031,17211700
2024-05-24,423.50433349609375,430.1600036621094,431.05999755859375,424.4100036621094,427.19000244140625,11855300
2024-05-28,423.6618347167969,430.32000732421875,430.82000732421875,426.6000061035156,429.6300048828125,15718000
2024-05-29,422.5296630859375,429.1700134277344,430.94000244140625,425.69000244140625,425.69000244140625,15517100
2024-05-30,408.25396728515625,414.6700134277344,424.29998779296875,414.239990234375,424.29998779296875,28394500
2024-05-31,408.7068786621094,415.1300048828125,416.75,404.510009765625,416.75,47995300
2024-06-03,407.1217346191406,413.5199890136719,416.42999267578125,408.9200134277344,415.5299987792969,17484700
2024-06-04,409.63232421875,416.07000732421875,416.44000244140625,409.67999267578125,412.42999267578125,14348900
2024-06-05,417.4494323730469,424.010009765625,424.0799865722656,416.29998779296875,417.80999755859375,16988000
2024-06-06,417.9515686035156,424.5199890136719,425.30999755859375,420.5799865722656,424.010009765625,14861300
2024-06-07,417.2919921875,423.8500061035156,426.2799987792969,423.0,426.20001220703125,13621700
2024-06-10,421.2497253417969,427.8699951171875,428.0799865722656,423.8900146484375,424.70001220703125,13982900
2024-06-11,425.9853515625,432.67999267578125,432.82000732421875,425.25,425.4800109863281,14551100
2024-06-12,434.2356872558594,441.05999755859375,443.3999938964844,433.25,435.32000732421875,22366200
2024-06-13,434.7475891113281,441.5799865722656,443.3900146484375,439.3699951171875,440.8500061035156,15960600
2024-06-14,435.7223205566406,442.57000732421875,443.1400146484375,436.7200012207031,438.2799987792969,13582000
2024-06-17,441.4325256347656,448.3699951171875,450.94000244140625,440.7200012207031,442.5899963378906,20790000
2024-06-18,439.4339904785156,446.3399963378906,450.1400146484375,444.8900146484375,449.7099914550781,17112500
2024-06-20,438.8038635253906,445.70001220703125,446.5299987792969,441.2699890136719,446.29998779296875,19877400
2024-06-21,442.82073974609375,449.7799987792969,450.5799865722656,446.510009765625,447.3800048828125,34187100
2024-06-24,440.7433776855469,447.6700134277344,452.75,446.4100036621094,449.79998779296875,15913700
2024-06-25,443.9726257324219,450.95001220703125,451.4200134277344,446.75,448.25,16413400
2024-06-26,445.1638488769531,452.1600036621094,453.6000061035156,448.19000244140625,449.0,16507000
2024-06-27,445.84326171875,452.8500061035156,456.1700134277344,451.7699890136719,452.17999267578125,14806300
2024-06-28,440.03448486328125,446.95001220703125,455.3800048828125,446.4100036621094,453.07000732421875,28362300
2024-07-01,449.6631774902344,456.7300109863281,457.3699951171875,445.6600036621094,448.6600036621094,17662800
2024-07-02,452.1737365722656,459.2799987792969,459.5899963378906,453.1099853515625,453.20001220703125,13979800
2024-07-03,453.64068603515625,460.7699890136719,461.0199890136719,457.8800048828125,458.19000244140625,9932800
2024-07-05,460.32562255859375,467.55999755859375,468.3500061035156,458.9700012207031,459.6099853515625,16000300
2024-07-08,459.02606201171875,466.239990234375,467.70001220703125,464.4599914550781,466.54998779296875,12962300
2024-07-09,452.4297180175781,459.5400085449219,467.3299865722656,458.0,467.0,17207200
2024-07-10,459.0359191894531,466.25,466.4599914550781,458.8599853515625,461.2200012207031,18196100
2024-07-11,447.66461181640625,454.70001220703125,464.7799987792969,451.54998779296875,462.9800109863281,23111200
2024-07-12,446.5323486328125,453.54998779296875,456.3599853515625,450.6499938964844,454.3299865722656,16324300
2024-07-15,446.93609619140625,453.9599914550781,457.260009765625,451.42999267578125,453.29998779296875,14429400
2024-07-16,442.5647277832031,449.5199890136719,454.29998779296875,446.6600036621094,454.2200012207031,17175700
2024-07-17,436.6575622558594,443.5199890136719,444.8500061035156,439.17999267578125,442.5899963378906,21778000
2024-07-18,433.55633544921875,440.3699951171875,444.6499938964844,434.3999938964844,444.3399963378906,20794800
2024-07-19,430.3468017578125,437.1099853515625,441.1400146484375,432.0,433.1000061035156,20940400
2024-07-22,436.0865478515625,442.94000244140625,444.6000061035156,438.9100036621094,441.7900085449219,15808800
2024-07-23,437.9670104980469,444.8500061035156,448.3900146484375,443.1000061035156,443.8999938964844,13107100
2024-07-24,422.2637939453125,428.8999938964844,441.4800109863281,427.5899963378906,440.45001220703125,26805800
2024-07-25,411.9263000488281,418.3999938964844,429.79998779296875,417.510009765625,428.79998779296875,29943800
2024-07-26,418.6899719238281,425.2699890136719,428.9200134277344,417.2699890136719,418.20001220703125,23583800
2024-07-29,420.12738037109375,426.7300109863281,432.1499938964844,424.70001220703125,431.5799865722656,15125800
2024-07-30,416.3763427734375,422.9200134277344,429.04998779296875,417.3599853515625,427.7200012207031,32687600
2024-07-31,411.8770446777344,418.3500061035156,421.7799987792969,412.2099914550781,420.5,42891400
2024-08-01,410.65625,417.1099853515625,427.4599914550781,413.0899963378906,420.7900085449219,30296400
2024-08-02,402.1695861816406,408.489990234375,415.0,404.3399963378906,412.489990234375,29437900
2024-08-05,389.0359802246094,395.1499938964844,401.0400085449219,385.5799865722656,389.1700134277344,40709200
2024-08-06,393.4269714355469,399.6099853515625,405.6700134277344,398.5,400.0,24946500
2024-08-07,392.2652282714844,398.42999267578125,410.0799865722656,397.4700012207031,408.6400146484375,20650900
2024-08-08,396.4593200683594,402.69000244140625,405.8599853515625,399.94000244140625,402.44000244140625,20203000
2024-08-09,399.7378234863281,406.0199890136719,408.04998779296875,402.260009765625,404.0299987792969,19276700
2024-08-12,400.51556396484375,406.80999755859375,408.760009765625,404.239990234375,407.05999755859375,16762900
2024-08-13,407.6042175292969,414.010009765625,414.95001220703125,409.57000732421875,409.5899963378906,19414300
2024-08-14,410.41009521484375,416.8599853515625,417.7200012207031,412.45001220703125,414.79998779296875,18267000
2024-08-15,415.2626953125,421.0299987792969,421.1099853515625,417.6600036621094,419.79998779296875,20752100
2024-08-16,412.73773193359375,418.4700012207031,421.3399963378906,417.29998779296875,420.6000061035156,22775600
2024-08-19,415.755859375,421.5299987792969,421.75,416.4599914550781,418.9599914550781,15234000
2024-08-20,418.9810485839844,424.79998779296875,425.8599853515625,421.6400146484375,421.70001220703125,16387600
2024-08-21,418.3301086425781,424.1400146484375,426.3999938964844,421.7200012207031,424.0799865722656,16067300
2024-08-22,409.8577575683594,415.54998779296875,426.7900085449219,414.6099853515625,424.3599853515625,19361900
2024-08-23,411.080810546875,416.7900085449219,419.260009765625,412.0899963378906,416.9800109863281,18493800
2024-08-26,407.8259582519531,413.489990234375,417.2799987792969,411.3399963378906,416.3699951171875,13152800
2024-08-27,408.171142578125,413.8399963378906,414.3599853515625,410.25,412.8599853515625,13492900
2024-08-28,404.9755859375,410.6000061035156,415.0,407.30999755859375,414.8800048828125,14882700
2024-08-29,407.4610595703125,413.1199951171875,422.04998779296875,410.6000061035156,414.94000244140625,17045200
2024-08-30,411.4259948730469,417.1400146484375,417.489990234375,412.1300048828125,415.6000061035156,24308300
2024-09-03,403.83148193359375,409.44000244140625,419.8800048828125,407.0299987792969,417.9100036621094,20313600
2024-09-04,403.2988586425781,408.8999938964844,411.239990234375,404.3699951171875,405.9100036621094,15135800
2024-09-05,402.7958679199219,408.3900146484375,413.1000061035156,406.1300048828125,407.6199951171875,14195500
2024-09-06,396.197509765625,401.70001220703125,410.6499938964844,400.79998779296875,409.05999755859375,19609500
2024-09-09,400.16241455078125,405.7200012207031,408.6499938964844,402.1499938964844,407.239990234375,15295100
2024-09-10,408.5262756347656,414.20001220703125,416.3299865722656,407.70001220703125,408.20001220703125,19594300
2024-09-11,417.24517822265625,423.0400085449219,423.989990234375,409.5799865722656,415.5,19266900
2024-09-12,421.15093994140625,427.0,427.3699951171875,419.75,423.30999755859375,17395700
2024-09-13,424.6917419433594,430.5899963378906,431.8299865722656,425.4599914550781,425.8299865722656,15874600
2024-09-16,425.4314880371094,431.3399963378906,433.5299987792969,428.2200012207031,430.6000061035156,13834700
2024-09-17,429.1892395019531,435.1499938964844,441.8500061035156,432.2699890136719,440.2300109863281,18874200
2024-09-18,424.90875244140625,430.80999755859375,436.0299987792969,430.4100036621094,435.0,18898000
2024-09-19,432.6808166503906,438.69000244140625,441.5,436.8999938964844,441.2300109863281,21706600
2024-09-20,429.3075866699219,435.2699890136719,439.239990234375,434.2200012207031,437.2200012207031,55167100
2024-09-23,427.5717468261719,433.510009765625,436.4599914550781,430.3900146484375,434.2799987792969,15128900
2024-09-24,423.2912292480469,429.1700134277344,433.3500061035156,426.1000061035156,433.0,17015800
2024-09-25,426.19091796875,432.1099853515625,433.1199951171875,428.57000732421875,429.8299865722656,13396400
2024-09-26,425.40185546875,431.30999755859375,435.29998779296875,429.1300048828125,435.0899963378906,14492000
2024-09-27,422.15692138671875,428.0199890136719,431.8500061035156,427.4700012207031,431.5199890136719,14896100
2024-09-30,424.40570068359375,430.29998779296875,430.4200134277344,425.3699951171875,428.2099914550781,16807300
2024-10-01,414.9273681640625,420.69000244140625,428.4800109863281,418.80999755859375,428.45001220703125,19092900
2024-10-02,411.4161071777344,417.1300048828125,422.82000732421875,416.7099914550781,422.5799865722656,16582300
2024-10-03,410.834228515625,416.5400085449219,419.54998779296875,414.2900085449219,417.6300048828125,13686400
2024-10-04,410.3608093261719,416.05999755859375,419.75,414.9700012207031,418.239990234375,19169700
2024-10-07,403.93011474609375,409.5400085449219,417.1099853515625,409.0,416.0,20919800
2024-10-08,409.0292663574219,414.7099914550781,415.6600036621094,408.1700134277344,410.8999938964844,19229300
2024-10-09,411.7415771484375,417.4599914550781,420.3800048828125,414.29998779296875,415.8599853515625,14974300
2024-10-10,410.1437683105469,415.8399963378906,417.3500061035156,413.1499938964844,415.2300109863281,13848400
2024-10-11,410.6171875,416.32000732421875,417.1300048828125,413.25,416.1400146484375,14144900
2024-10-14,413.3985900878906,419.1400146484375,424.0400085449219,417.5199890136719,417.7699890136719,16653100
2024-10-15,413.0040283203125,418.739990234375,422.4800109863281,415.260009765625,422.17999267578125,18900200
2024-10-16,410.4198913574219,416.1199951171875,416.3599853515625,410.4800109863281,415.1700134277344,15508900
2024-10-17,411.01171875,416.7200012207031,422.5,415.5899963378906,422.3599853515625,14820000
2024-10-18,412.4320373535156,418.1600036621094,419.6499938964844,416.260009765625,417.1400146484375,17145300
2024-10-21,413.04351806640625,418.7799987792969,418.9599914550781,413.75,416.1199951171875,14206100
2024-10-22,421.6539306640625,427.510009765625,430.5799865722656,418.0400085449219,418.489990234375,25482200
2024-10-23,418.7837829589844,424.6000061035156,431.0799865722656,422.5299987792969,430.8599853515625,19654400
2024-10-24,418.9119873046875,424.7300109863281,425.9800109863281,422.3999938964844,425.3299865722656,13581600
2024-10-25,422.2851257324219,428.1499938964844,432.5199890136719,426.57000732421875,426.760009765625,16899100
2024-10-28,420.74652099609375,426.5899963378906,431.94000244140625,426.29998779296875,431.6600036621094,14882400
2024-10-29,426.03314208984375,431.95001220703125,433.1700134277344,425.79998779296875,428.0,17644100
2024-10-30,426.6051940917969,432.5299987792969,438.5,432.1000061035156,437.44000244140625,29749100
2024-10-31,400.7838134765625,406.3500061035156,416.1600036621094,406.29998779296875,415.3599853515625,53971000
2024-11-01,404.7487487792969,410.3699951171875,415.5,407.5,409.010009765625,24230400
2024-11-04,402.86492919921875,408.4599914550781,410.4200134277344,405.57000732421875,409.79998779296875,19672300
2024-11-05,405.82379150390625,411.4599914550781,414.8999938964844,408.0799865722656,408.3699951171875,17626000
2024-11-06,414.4243469238281,420.17999267578125,420.45001220703125,410.5199890136719,412.4200134277344,26681800
2024-11-07,419.6024169921875,425.42999267578125,426.8500061035156,419.8800048828125,421.2799987792969,19901800
2024-11-08,416.75201416015625,422.5400085449219,426.5,421.7799987792969,425.32000732421875,16891400
2024-11-11,412.2840881347656,418.010009765625,424.80999755859375,416.0,422.5199890136719,24503300
2024-11-12,417.2353210449219,423.0299987792969,424.44000244140625,417.20001220703125,418.25,19401200
2024-11-13,419.3756103515625,425.20001220703125,429.3299865722656,418.2099914550781,421.6400146484375,21502200
2024-11-14,421.0424499511719,426.8900146484375,428.1700134277344,420.0,425.0,30246900
2024-11-15,409.3152770996094,415.0,422.79998779296875,413.6400146484375,419.82000732421875,28247600
2024-11-18,410.0649108886719,415.760009765625,418.3999938964844,412.1000061035156,414.8699951171875,24727000
2024-11-19,412.06707763671875,417.7900085449219,417.94000244140625,411.54998779296875,413.1099853515625,18133500
2024-11-20,409.7985534667969,415.489990234375,417.2900085449219,410.5799865722656,416.8699951171875,19191700
2024-11-21,408.0295715332031,412.8699951171875,419.7799987792969,410.2900085449219,419.5,20780200
2024-11-22,412.11114501953125,417.0,417.3999938964844,411.05999755859375,411.3699951171875,24814600
2024-11-25,413.88018798828125,418.7900085449219,421.0799865722656,414.8500061035156,418.3800048828125,27691100
2024-11-26,422.9723205566406,427.989990234375,429.0400085449219,418.8500061035156,419.5899963378906,23458900
2024-11-27,418.0309143066406,422.989990234375,427.2300109863281,422.0199890136719,425.1099853515625,18332400
2024-11-29,418.49542236328125,423.4599914550781,424.8800048828125,417.79998779296875,420.0899963378906,16271900
2024-12-02,425.9272766113281,430.9800109863281,433.0,421.30999755859375,421.57000732421875,20207200
2024-12-03,426.1446533203125,431.20001220703125,432.4700012207031,427.739990234375,429.8399963378906,18302000
2024-12-04,432.2917785644531,437.4200134277344,439.6700134277344,432.6300048828125,433.0299987792969,26009400
2024-12-05,437.4307861328125,442.6199951171875,444.6600036621094,436.1700134277344,437.9200134277344,21697800
2024-12-06,438.3696594238281,443.57000732421875,446.1000061035156,441.7699890136719,442.29998779296875,18821000
2024-12-09,440.7909240722656,446.0199890136719,448.3299865722656,440.5,442.6000061035156,19144400
2024-12-10,438.1324462890625,443.3299865722656,449.6199951171875,441.6000061035156,444.3900146484375,18469500
2024-12-11,443.72613525390625,448.989990234375,450.3500061035156,444.04998779296875,444.04998779296875,19200200
2024-12-12,444.2894287109375,449.55999755859375,456.1600036621094,449.1099853515625,449.1099853515625,20834800
2024-12-13,442.0262756347656,447.2699890136719,451.42999267578125,445.5799865722656,448.44000244140625,20177800
2024-12-16,446.2956237792969,451.5899963378906,452.17999267578125,445.2799987792969,447.2699890136719,23598800
2024-12-17,449.1319580078125,454.4599914550781,455.2900085449219,449.57000732421875,451.010009765625,22733500
2024-12-18,432.2621154785156,437.3900146484375,452.6499938964844,437.0199890136719,451.32000732421875,24444500
2024-12-19,431.9063415527344,437.0299987792969,443.17999267578125,436.32000732421875,441.6199951171875,22963700
2024-12-20,431.48138427734375,436.6000061035156,443.739990234375,428.6300048828125,433.1099853515625,64263700
2024-12-23,430.1471862792969,435.25,437.6499938964844,432.8299865722656,436.739990234375,19152500
2024-12-24,434.1793212890625,439.3299865722656,439.6000061035156,434.19000244140625,434.6499938964844,7164500
2024-12-26,432.9736633300781,438.1099853515625,440.94000244140625,436.6300048828125,439.0799865722656,8194200
2024-12-27,425.48248291015625,430.5299987792969,435.2200012207031,426.3500061035156,434.6000061035156,18117700
2024-12-30,419.849365234375,424.8299865722656,427.54998779296875,421.8999938964844,426.05999755859375,13158700
2024-12-31,416.55841064453125,421.5,426.7300109863281,420.6600036621094,426.1000061035156,13246500
2025-01-02,413.6726379394531,418.5799865722656,426.07000732421875,414.8500061035156,425.5299987792969,16896500
2025-01-03,418.3867492675781,423.3500061035156,424.0299987792969,419.5400085449219,421.0799865722656,16662900
2025-01-06,422.833984375,427.8500061035156,434.32000732421875,425.4800109863281,428.0,20573600
2025-01-07,417.418212890625,422.3699951171875,430.6499938964844,420.79998779296875,429.0,18139100
2025-01-08,419.5824890136719,424.55999755859375,426.9700012207031,421.5400085449219,423.4599914550781,15054600
2025-01-10,414.0382995605469,418.95001220703125,424.7099914550781,415.0199890136719,424.6300048828125,20201100
2025-01-13,412.2989501953125,417.19000244140625,418.5,412.2900085449219,415.239990234375,17604800
2025-01-14,410.7967834472656,415.6700134277344,419.739990234375,410.7200012207031,417.80999755859375,16935900
2025-01-15,421.31195068359375,426.30999755859375,428.1499938964844,418.2699890136719,419.1300048828125,19637800
2025-01-16,419.6022644042969,424.5799865722656,429.489990234375,424.3900146484375,428.70001220703125,15300000
2025-01-17,424.00006103515625,429.0299987792969,434.4800109863281,428.1700134277344,434.0899963378906,26197500
2025-01-21,423.4763488769531,428.5,430.8999938964844,425.6000061035156,430.20001220703125,26085700
2025-01-22,440.9688415527344,446.20001220703125,447.2699890136719,436.0,437.55999755859375,27803800
2025-01-23,441.4728088378906,446.7099914550781,446.75,441.5,442.0,18389300
2025-01-24,438.8539123535156,444.05999755859375,446.6499938964844,441.3999938964844,445.1600036621094,15549500
2025-01-27,429.4653015136719,434.55999755859375,435.20001220703125,423.5,424.010009765625,35647800
2025-01-28,441.95709228515625,447.20001220703125,448.3800048828125,431.3800048828125,434.6000061035156,23491700
2025-01-29,437.1441650390625,442.3299865722656,446.8800048828125,440.3999938964844,446.69000244140625,23581400
2025-01-30,410.12469482421875,414.989990234375,422.8599853515625,413.1600036621094,418.7699890136719,54586300
2025-01-31,410.1938781738281,415.05999755859375,420.69000244140625,414.9100036621094,418.9800109863281,34161900
2025-02-03,406.1024475097656,410.9200134277344,415.4100036621094,408.6600036621094,411.6000061035156,25679100
2025-02-04,407.5354309082031,412.3699951171875,413.9200134277344,409.739990234375,412.69000244140625,20532100
2025-02-05,408.44464111328125,413.2900085449219,413.8299865722656,410.3999938964844,412.3500061035156,16316700
2025-02-06,410.94500732421875,415.82000732421875,418.20001220703125,414.0,414.0,16309800
2025-02-07,404.9461669921875,409.75,418.6499938964844,408.1000061035156,416.4800109863281,22886800
2025-02-10,407.38720703125,412.2200012207031,415.4599914550781,410.9200134277344,413.7099914550781,20817900
2025-02-11,406.6163635253906,411.44000244140625,412.489990234375,409.29998779296875,409.6400146484375,18140600
2025-02-12,404.2445068359375,409.0400085449219,410.75,404.3699951171875,407.2099914550781,19121700
2025-02-13,405.72686767578125,410.5400085449219,411.0,406.3599853515625,407.0,23891700
2025-02-14,403.6416320800781,408.42999267578125,408.9100036621094,405.8800048828125,407.7900085449219,22758500
2025-02-18,404.8374938964844,409.6400146484375,410.6000061035156,406.5,408.0,21423100
2025-02-19,409.90728759765625,414.7699890136719,415.489990234375,407.6499938964844,407.8800048828125,24114200
2025-02-20,412.0760192871094,416.1300048828125,419.30999755859375,412.5400085449219,415.2900085449219,23508700
2025-02-21,404.2331237792969,408.2099914550781,418.04998779296875,407.8900146484375,417.3399963378906,27524800
2025-02-24,400.06414794921875,404.0,409.3699951171875,399.32000732421875,408.510009765625,26443700
2025-02-25,394.0235595703125,397.8999938964844,401.9200134277344,396.70001220703125,401.1000061035156,29387400
2025-02-26,395.83575439453125,399.7300109863281,403.6000061035156,394.25,398.010009765625,19619000
2025-02-27,388.70587158203125,392.5299987792969,405.739990234375,392.1700134277344,401.2699890136719,21127400
2025-02-28,393.1224060058594,396.989990234375,397.6300048828125,386.57000732421875,392.6600036621094,32845700
2025-03-03,384.7052307128906,388.489990234375,398.82000732421875,386.1600036621094,398.82000732421875,23007700
2025-03-04,384.8240661621094,388.6099853515625,392.5799865722656,381.0,383.3999938964844,29342900
2025-03-05,397.1131591796875,401.0199890136719,401.6700134277344,388.80999755859375,389.3399963378906,23433100
2025-03-06,393.0234069824219,396.8900146484375,402.1499938964844,392.67999267578125,394.2799987792969,23304600
2025-03-07,389.4783020019531,393.30999755859375,394.79998779296875,385.5400085449219,392.32000732421875,22034100
2025-03-10,376.4563903808594,380.1600036621094,386.3999938964844,377.2200012207031,385.8399963378906,32840100
2025-03-11,376.7436218261719,380.45001220703125,386.0,376.9100036621094,379.0,30380200
2025-03-12,379.5361022949219,383.2699890136719,385.2200012207031,378.95001220703125,382.95001220703125,24253600
2025-03-13,375.0799255371094,378.7699890136719,385.32000732421875,377.45001220703125,383.1600036621094,20473000
2025-03-14,384.7745361328125,388.55999755859375,390.2300109863281,379.510009765625,379.7799987792969,19952800
2025-03-17,384.9131774902344,388.70001220703125,392.7099914550781,385.57000732421875,386.70001220703125,22474300
2025-03-18,379.7836608886719,383.5199890136719,387.3699951171875,381.1000061035156,387.07000732421875,19486900
2025-03-19,384.0417785644531,387.82000732421875,389.67999267578125,384.0,385.5299987792969,19185500
2025-03-20,383.0713195800781,386.8399963378906,391.7900085449219,383.2799987792969,385.739990234375,18470500
2025-03-21,387.4482727050781,391.260009765625,391.739990234375,382.79998779296875,383.2200012207031,39675900
2025-03-24,389.25048828125,393.0799865722656,395.3999938964844,389.80999755859375,395.3999938964844,21004500
2025-03-25,391.310302734375,395.1600036621094,396.3599853515625,392.6400146484375,393.9200134277344,15775000
2025-03-26,386.17083740234375,389.9700012207031,395.30999755859375,388.57000732421875,395.0,16108400
2025-03-27,386.77484130859375,390.5799865722656,392.239990234375,387.3999938964844,390.1300048828125,13766800
2025-03-28,375.1096496582031,378.79998779296875,389.1300048828125,376.92999267578125,388.0799865722656,21632000
2025-03-31,371.73291015625,375.3900146484375,377.07000732421875,367.239990234375,372.5400085449219,35184700
2025-04-01,378.46661376953125,382.19000244140625,382.8500061035156,373.2300109863281,374.6499938964844,19689500
2025-04-02,378.4171142578125,382.1400146484375,385.0799865722656,376.6199951171875,377.9700012207031,16092600
2025-04-03,369.4750671386719,373.1099853515625,377.4800109863281,369.3500061035156,374.7900085449219,30198000
2025-04-04,356.3343200683594,359.8399963378906,374.5899963378906,359.4800109863281,364.1300048828125,49209900
2025-04-07,354.3736267089844,357.8599853515625,371.0,344.7900085449219,350.8800048828125,50425000
2025-04-08,351.1058044433594,354.55999755859375,373.6499938964844,350.25,368.260009765625,35868900
2025-04-09,386.6857604980469,390.489990234375,393.2300109863281,353.1000061035156,353.5400085449219,50199700
2025-04-10,377.6347961425781,381.3500061035156,383.8999938964844,367.79998779296875,382.05999755859375,38024400
2025-04-11,384.6656188964844,388.45001220703125,390.04998779296875,378.8900146484375,380.6400146484375,23839200
2025-04-14,384.0318603515625,387.80999755859375,394.6499938964844,384.2099914550781,393.2200012207031,19251200
2025-04-15,381.9721374511719,385.7300109863281,391.8900146484375,384.1600036621094,388.510009765625,17199900
2025-04-16,367.98968505859375,371.6099853515625,381.6099853515625,368.0,380.6700134277344,21967800
2025-04-17,364.1969909667969,367.7799987792969,374.32000732421875,366.8900146484375,373.75,21120200
2025-04-21,355.6213684082031,359.1199951171875,364.4800109863281,355.6700134277344,362.82000732421875,20807300
2025-04-22,363.2463684082031,366.82000732421875,367.7699890136719,359.8599853515625,363.3800048828125,19485000
2025-04-23,370.7426452636719,374.3900146484375,380.3900146484375,373.0199890136719,376.05999755859375,20545500
2025-04-24,383.5268249511719,387.29998779296875,388.45001220703125,375.19000244140625,375.70001220703125,22232300
2025-04-25,388.0325012207031,391.8500061035156,392.1600036621094,384.6000061035156,387.0,18973200
2025-04-28,387.3492431640625,391.1600036621094,392.739990234375,386.6400146484375,391.9599914550781,16579400
2025-04-29,390.2012023925781,394.0400085449219,395.1000061035156,390.3800048828125,391.29998779296875,14974000
2025-04-30,391.4092712402344,395.260009765625,396.6600036621094,384.44000244140625,390.29998779296875,36461100
2025-05-01,421.2556457519531,425.3999938964844,436.989990234375,424.8999938964844,431.1099853515625,58938100
2025-05-02,431.0394287109375,435.2799987792969,439.44000244140625,429.989990234375,431.739990234375,30757400
2025-05-05,431.9207458496094,436.1700134277344,439.5,432.1099853515625,432.8699951171875,20136100
2025-05-06,429.0885925292969,433.30999755859375,437.7300109863281,431.1700134277344,432.20001220703125,15104200
2025-05-07,429.1282043457031,433.3500061035156,438.1199951171875,431.1099853515625,433.8399963378906,23295300
2025-05-08,433.9012451171875,438.1700134277344,443.6700134277344,435.6600036621094,437.92999267578125,23491300
2025-05-09,434.455810546875,438.7300109863281,440.739990234375,435.8800048828125,440.0,15324200
2025-05-12,444.88323974609375,449.260009765625,449.3699951171875,439.7799987792969,445.94000244140625,22821900
2025-05-13,444.764404296875,449.1400146484375,450.6700134277344,445.3599853515625,447.7799987792969,23618800
2025-05-14,448.52734375,452.94000244140625,453.8999938964844,448.1400146484375,448.1400146484375,19902800
2025-05-15,449.5392761230469,453.1300048828125,456.19000244140625,450.42999267578125,450.7699890136719,21992300
2025-05-16,450.6702575683594,454.2699890136719,454.3599853515625,448.7300109863281,452.04998779296875,23849800
2025-05-19,455.2337951660156,458.8699951171875,459.5899963378906,450.79998779296875,450.8800048828125,21336500
2025-05-20,454.5393371582031,458.1700134277344,458.3399963378906,454.32000732421875,455.5899963378906,15441800
2025-05-21,448.98370361328125,452.57000732421875,457.7799987792969,451.80999755859375,454.57000732421875,19216900
2025-05-22,451.25555419921875,454.8599853515625,460.25,453.8999938964844,454.95001220703125,18025600
2025-05-23,446.6126708984375,450.17999267578125,453.69000244140625,448.9100036621094,449.9800109863281,16883500
2025-05-27,457.0393371582031,460.69000244140625,460.95001220703125,456.1199951171875,456.4800109863281,20974300
2025-05-28,453.73577880859375,457.3599853515625,462.5199890136719,456.92999267578125,461.2200012207031,17086300
2025-05-29,455.0452880859375,458.67999267578125,461.7200012207031,455.30999755859375,461.54998779296875,13974800
2025-05-30,456.71197509765625,460.3599853515625,461.67999267578125,455.5400085449219,459.7200012207031,34770500
2025-06-02,458.3092346191406,461.9700012207031,462.1099853515625,456.8900146484375,457.1400146484375,16626500
2025-06-03,459.3013000488281,462.9700012207031,464.1400146484375,460.8599853515625,461.4700012207031,15743800
2025-06-04,460.19415283203125,463.8699951171875,465.69000244140625,463.0199890136719,464.0,14162700
2025-06-05,463.9739685058594,467.67999267578125,469.6499938964844,464.0299987792969,464.9599914550781,20131700
2025-06-06,466.6525573730469,470.3800048828125,473.3399963378906,468.7799987792969,470.0899963378906,15285600
2025-06-09,469.0038146972656,472.75,473.42999267578125,468.6199951171875,469.70001220703125,16469900
2025-06-10,467.1883239746094,470.9200134277344,472.79998779296875,466.9599914550781,471.19000244140625,15375900
2025-06-11,468.8748474121094,472.6199951171875,475.4700012207031,469.6600036621094,470.0199890136719,16399200
2025-06-12,475.0753173828125,478.8699951171875,480.4200134277344,473.5199890136719,475.0199890136719,18950600
2025-06-13,471.1962890625,474.9599914550781,479.17999267578125,472.760009765625,476.4100036621094,16814500
2025-06-16,475.3431701660156,479.1400146484375,480.69000244140625,475.0,475.2099914550781,15626100
2025-06-17,474.25189208984375,478.0400085449219,478.739990234375,474.0799865722656,475.3999938964844,15414100
2025-06-18,476.4344482421875,480.239990234375,481.0,474.4599914550781,478.0,17526500
2025-06-20,473.616943359375,477.3999938964844,483.4599914550781,476.8699951171875,482.2300109863281,37576200
2025-06-23,482.1488037109375,486.0,487.75,472.510009765625,478.2099914550781,24864000
2025-06-24,486.2261962890625,490.1099853515625,491.8500061035156,486.79998779296875,488.95001220703125,22305600
2025-06-25,488.3691101074219,492.2699890136719,494.55999755859375,489.3900146484375,492.0400085449219,17495100
2025-06-26,493.508056640625,497.45001220703125,498.0400085449219,492.80999755859375,492.9800109863281,21578900
2025-06-27,492.0100402832031,495.94000244140625,499.29998779296875,493.0299987792969,497.54998779296875,34539200
2025-06-30,493.4684143066406,497.4100036621094,500.760009765625,495.3299865722656,497.0400085449219,28369000
2025-07-01,488.1508483886719,492.04998779296875,498.04998779296875,490.9800109863281,496.4700012207031,19945400
2025-07-02,487.198486328125,491.0899963378906,493.5,488.70001220703125,489.989990234375,16319600
2025-07-03,494.8870544433594,498.8399963378906,500.1300048828125,493.44000244140625,493.80999755859375,13984800
2025-07-07,493.77593994140625,497.7200012207031,498.75,495.2300109863281,497.3800048828125,13981600
2025-07-08,492.68463134765625,496.6199951171875,498.20001220703125,494.1099853515625,497.239990234375,11846600
2025-07-09,499.52008056640625,503.510009765625,506.7799987792969,499.739990234375,500.29998779296875,18659500
2025-07-10,497.5061340332031,501.4800109863281,504.44000244140625,497.75,503.04998779296875,16492100
2025-07-11,499.33154296875,503.32000732421875,505.0299987792969,497.79998779296875,498.4700012207031,16459500
2025-07-14,499.033935546875,503.0199890136719,503.9700012207031,501.0299987792969,501.5199890136719,12058800
2025-07-15,501.8117370605469,505.82000732421875,508.29998779296875,502.7900085449219,503.0199890136719,14927200
2025-07-16,501.6133117675781,505.6199951171875,506.7200012207031,501.8900146484375,505.17999267578125,15154400
2025-07-17,507.6451416015625,511.70001220703125,513.3699951171875,505.6199951171875,505.67999267578125,17503100
2025-07-18,506.0082092285156,510.04998779296875,514.6400146484375,507.42999267578125,514.47998046875,21209700
2025-07-21,506.01812744140625,510.05999755859375,512.0900268554688,505.54998779296875,506.7099914550781,14066800
2025-07-22,501.2660827636719,505.2699890136719,511.20001220703125,505.2699890136719,510.9700012207031,13868600
2025-07-23,501.8613586425781,505.8699951171875,506.7900085449219,500.70001220703125,506.75,16396600
2025-07-24,506.8316345214844,510.8800048828125,513.6699829101562,507.29998779296875,508.7699890136719,16107000
2025-07-25,509.6392822265625,513.7100219726562,518.2899780273438,510.3599853515625,512.469970703125,19125700
2025-07-28,508.4388122558594,512.5,515.0,510.1199951171875,514.0800170898438,14308000
2025-07-29,508.50823974609375,512.5700073242188,517.6199951171875,511.55999755859375,515.530029296875,16469200
2025-07-30,509.1729431152344,513.239990234375,515.9500122070312,509.44000244140625,515.1699829101562,26380400
2025-07-31,529.2723388671875,533.5,555.4500122070312,531.9000244140625,555.22998046875,51617300
2025-08-01,519.956787109375,524.1099853515625,535.7999877929688,520.8599853515625,535.0,28977600
2025-08-04,531.3955078125,535.6400146484375,538.25,528.1300048828125,528.27001953125,25349000
2025-08-05,523.5679321289062,527.75,537.2999877929688,527.239990234375,537.1799926757812,19171600
2025-08-06,520.7802734375,524.9400024414062,531.7000122070312,524.030029296875,530.9000244140625,21355700
2025-08-07,516.7127685546875,520.8400268554688,528.0900268554688,517.5499877929688,526.7999877929688,16079100
2025-08-08,517.9031982421875,522.0399780273438,524.6599731445312,519.4099731445312,522.5999755859375,15531000
2025-08-11,517.6353759765625,521.77001953125,527.5900268554688,519.719970703125,522.2999877929688,20194400
2025-08-12,525.0462036132812,529.239990234375,530.97998046875,522.7000122070312,523.75,18667000
2025-08-13,516.454833984375,520.5800170898438,532.7000122070312,519.3699951171875,532.1099853515625,19619200
2025-08-14,518.3397216796875,522.47998046875,525.9500122070312,520.1400146484375,522.5599975585938,20269100
2025-08-15,516.0480346679688,520.1699829101562,526.0999755859375,519.0800170898438,522.77001953125,25213300
2025-08-18,513.0023193359375,517.0999755859375,522.8200073242188,514.02001953125,521.5900268554688,23760600
2025-08-19,505.7304382324219,509.7699890136719,515.1599731445312,508.54998779296875,515.0,21481000
2025-08-20,501.7125549316406,505.7200012207031,511.0,504.44000244140625,509.8699951171875,27723000
2025-08-21,501.0666198730469,504.239990234375,507.6300048828125,502.7200012207031,503.69000244140625,18443300
2025-08-22,504.037841796875,507.2300109863281,510.7300109863281,502.4100036621094,504.25,24324200
2025-08-25,501.0865173339844,504.260009765625,508.19000244140625,504.1199951171875,506.6300048828125,21638600
2025-08-26,498.8804626464844,502.0400085449219,504.9800109863281,498.510009765625,504.3599853515625,30835700
2025-08-27,503.5509033203125,506.739990234375,507.2900085449219,499.8999938964844,502.0,17277900
2025-08-28,506.4326477050781,509.6400146484375,511.0899963378906,505.5,507.0899963378906,18015600
2025-08-29,503.501220703125,506.69000244140625,509.6000061035156,504.489990234375,508.6600036621094,20961600
2025-09-02,501.9410705566406,505.1199951171875,506.0,496.80999755859375,500.4700012207031,18128000
2025-09-03,502.1696472167969,505.3500061035156,507.7900085449219,502.32000732421875,503.7900085449219,16345100
2025-09-04,504.7731628417969,507.9700012207031,508.1499938964844,503.1499938964844,504.29998779296875,15509500
2025-09-05,491.884765625,495.0,511.9700012207031,492.3699951171875,509.07000732421875,31994800
2025-09-08,495.06463623046875,498.20001220703125,501.20001220703125,495.0299987792969,498.1099853515625,16771000
2025-09-09,495.2732849121094,498.4100036621094,502.25,497.70001220703125,501.42999267578125,14410500
2025-09-10,497.22100830078125,500.3699951171875,503.2300109863281,496.7200012207031,502.9800109863281,21611800
2025-09-11,497.8569641113281,501.010009765625,503.1700134277344,497.8800048828125,502.25,18881600
2025-09-12,506.6910095214844,509.8999938964844,512.5499877929688,503.8500061035156,506.6499938964844,23624900
2025-09-15,512.1166381835938,515.3599853515625,515.469970703125,507.0,508.7900085449219,17143800
2025-09-16,505.83642578125,509.0400085449219,517.22998046875,508.6000061035156,516.8800048828125,19711900
2025-09-17,506.81024169921875,510.0199890136719,511.2900085449219,505.92999267578125,510.6199951171875,15816600
2025-09-18,505.2501220703125,508.45001220703125,513.0700073242188,507.6600036621094,511.489990234375,18913700
2025-09-19,514.6705322265625,517.9299926757812,519.2999877929688,510.30999755859375,510.55999755859375,52474100
2025-09-22,511.21240234375,514.4500122070312,517.739990234375,512.5399780273438,515.5900268554688,20009300
2025-09-23,506.0252380371094,509.2300109863281,514.5900268554688,507.30999755859375,513.7999877929688,19799600
2025-09-24,506.9394226074219,510.1499938964844,512.47998046875,506.9200134277344,510.3800048828125,13533700
2025-09-25,503.8390808105469,507.0299987792969,510.010009765625,505.0400085449219,508.29998779296875,15786500
2025-09-26,508.2411804199219,511.4599914550781,513.9400024414062,506.6199951171875,510.05999755859375,16213100
2025-09-29,511.3613586425781,514.5999755859375,516.8499755859375,508.8800048828125,511.5,17617800
2025-09-30,514.6903686523438,517.9500122070312,518.1599731445312,509.6600036621094,513.239990234375,19728200
2025-10-01,516.4392700195312,519.7100219726562,520.510009765625,511.69000244140625,514.7999877929688,22632300
2025-10-02,512.4942626953125,515.739990234375,521.5999755859375,510.67999267578125,517.6400146484375,21222900
2025-10-03,514.0940551757812,517.3499755859375,520.489990234375,515.0,517.0999755859375,15112300
2025-10-06,525.2435302734375,528.5700073242188,531.030029296875,518.2000122070312,518.6099853515625,21388600
2025-10-07,520.6823120117188,523.97998046875,529.7999877929688,521.4400024414062,528.2899780273438,14615200
2025-10-08,521.546875,524.8499755859375,526.9500122070312,523.0900268554688,523.280029296875,13363400
2025-10-09,519.1123657226562,522.4000244140625,524.3300170898438,517.4000244140625,522.3400268554688,18343600
2025-10-10,507.74432373046875,510.9599914550781,523.5800170898438,509.6300048828125,519.6400146484375,24133800
2025-10-13,510.81488037109375,514.0499877929688,516.4099731445312,511.67999267578125,516.4099731445312,14284200
2025-10-14,510.3379211425781,513.5700073242188,515.280029296875,506.0,510.2300109863281,14684300
2025-10-15,510.19879150390625,513.4299926757812,517.1900024414062,510.0,514.9600219726562,14694700
2025-10-16,508.3902587890625,511.6099853515625,516.8499755859375,508.1300048828125,512.5800170898438,15559600
2025-10-17,510.347900390625,513.5800170898438,515.47998046875,507.30999755859375,509.0400085449219,19867800
2025-10-20,513.5376586914062,516.7899780273438,518.7000122070312,513.4299926757812,514.6099853515625,14665600
2025-10-21,514.4021606445312,517.6599731445312,518.6900024414062,513.0399780273438,517.5,15586200
2025-10-22,517.2639770507812,520.5399780273438,525.22998046875,517.7100219726562,521.1500244140625,18962700
2025-10-23,517.283935546875,520.5599975585938,523.9500122070312,518.6099853515625,522.4600219726562,14023500
2025-10-24,520.314697265625,523.6099853515625,525.3499755859375,520.7100219726562,522.7899780273438,15532400
2025-10-27,528.1749877929688,531.52001953125,534.5800170898438,529.010009765625,531.780029296875,18734700
2025-10-28,538.6585693359375,542.0700073242188,553.719970703125,540.77001953125,550.0,29986700
2025-10-29,538.1417846679688,541.5499877929688,546.27001953125,536.72998046875,544.9400024414062,36023000
2025-10-30,522.451171875,525.760009765625,534.969970703125,522.1199951171875,530.47998046875,41023100
2025-10-31,514.5512084960938,517.8099975585938,529.3200073242188,515.0999755859375,528.8800048828125,34006400
2025-11-03,513.776123046875,517.030029296875,524.9600219726562,514.5900268554688,519.8099975585938,22374700
2025-11-04,511.0931701660156,514.3300170898438,515.5499877929688,507.8399963378906,511.760009765625,20958700
2025-11-05,503.96826171875,507.1600036621094,514.8300170898438,506.5799865722656,513.2999877929688,23024300
2025-11-06,493.9715576171875,497.1000061035156,505.70001220703125,495.80999755859375,505.6600036621094,27406500
2025-11-07,493.6933288574219,496.82000732421875,499.3800048828125,493.25,496.95001220703125,24019800
2025-11-10,502.8155517578125,506.0,506.8500061035156,498.79998779296875,500.0400085449219,26101500
2025-11-11,505.4786682128906,508.67999267578125,509.6000061035156,502.3500061035156,504.79998779296875,17980000
2025-11-12,507.9232177734375,511.1400146484375,511.6700134277344,499.1199951171875,509.3599853515625,26574900
2025-11-13,500.12261962890625,503.2900085449219,513.5,501.2900085449219,510.30999755859375,25273100
2025-11-14,506.96923828125,510.17999267578125,511.6000061035156,497.44000244140625,498.2300109863281,28505700
2025-11-17,504.296142578125,507.489990234375,512.1199951171875,504.9100036621094,508.45001220703125,19092800
2025-11-18,490.6824035644531,493.7900085449219,502.9800109863281,486.7799987792969,495.3699951171875,33815100
2025-11-19,484.0543518066406,487.1199951171875,495.19000244140625,482.8299865722656,490.1000061035156,23245300
2025-11-20,476.308837890625,478.42999267578125,493.57000732421875,475.5,492.7099914550781,26802500
2025-11-21,470.0268249511719,472.1199951171875,478.9200134277344,468.2699890136719,478.5,31769200
2025-11-24,471.89849853515625,474.0,476.8999938964844,468.0199890136719,475.0,34421000
2025-11-25,474.8752136230469,476.989990234375,479.1499938964844,464.8900146484375,474.07000732421875,28019800
2025-11-26,483.3475341796875,485.5,488.30999755859375,481.20001220703125,486.30999755859375,25709100
2025-11-28,489.82867431640625,492.010009765625,492.6300048828125,486.6499938964844,487.6000061035156,14386700
2025-12-01,484.5820007324219,486.739990234375,489.8599853515625,484.6499938964844,488.44000244140625,23964000
2025-12-02,487.82757568359375,490.0,493.5,486.32000732421875,486.7200012207031,19562700
2025-12-03,475.6119689941406,477.7300109863281,484.239990234375,475.20001220703125,476.32000732421875,34615100
2025-12-04,478.70819091796875,480.8399963378906,481.32000732421875,476.489990234375,479.760009765625,22318200
2025-12-05,481.01788330078125,483.1600036621094,483.3999938964844,478.8800048828125,482.5199890136719,22608700
2025-12-08,488.8430480957031,491.0199890136719,492.29998779296875,484.3800048828125,484.8900146484375,21965900
2025-12-09,489.8385925292969,492.0199890136719,492.1199951171875,488.5,489.1000061035156,14696100
2025-12-10,476.43829345703125,478.55999755859375,484.25,475.0799865722656,484.0299987792969,35756200
2025-12-11,481.3265075683594,483.4700012207031,486.0299987792969,475.8599853515625,476.6300048828125,24669200
2025-12-12,476.4084167480469,478.5299987792969,482.45001220703125,476.3399963378906,479.82000732421875,21248100
2025-12-15,472.7148742675781,474.82000732421875,480.7200012207031,472.5199890136719,480.1000061035156,23727700
2025-12-16,474.2779235839844,476.3900146484375,477.8900146484375,470.8800048828125,471.9100036621094,20705600
2025-12-17,474.00909423828125,476.1199951171875,480.0,475.0,476.9100036621094,24527200
2025-12-18,481.8342590332031,483.9800109863281,489.6000061035156,477.8900146484375,478.19000244140625,28573500
2025-12-19,483.7656555175781,485.9200134277344,487.8500061035156,482.489990234375,487.3599853515625,70836100
2025-12-22,482.7701110839844,484.9200134277344,488.7300109863281,482.69000244140625,486.1199951171875,16963000
2025-12-23,484.6915283203125,486.8500061035156,487.8299865722656,484.739990234375,484.9800109863281,14683600
2025-12-24,485.8563232421875,488.0199890136719,489.1600036621094,484.8299865722656,485.67999267578125,5855900
2025-12-26,485.5476989746094,487.7099914550781,488.1199951171875,485.9599914550781,486.7099914550781,8842200
2025-12-29,484.9404296875,487.1000061035156,488.3500061035156,484.17999267578125,484.8599853515625,10893400
2025-12-30,485.3187255859375,487.4800109863281,489.67999267578125,485.5,485.92999267578125,13944500
2025-12-31,481.4758605957031,483.6199951171875,488.1400146484375,483.29998779296875,487.8399963378906,15601600
2026-01-02,470.84320068359375,472.94000244140625,484.6600036621094,470.1600036621094,484.3900146484375,25571600
2026-01-05,470.7536315917969,472.8500061035156,476.07000732421875,469.5,474.05999755859375,25250300
2026-01-06,476.3885192871094,478.510009765625,478.739990234375,469.75,473.79998779296875,23037700
2026-01-07,481.3265075683594,483.4700012207031,489.70001220703125,477.95001220703125,479.760009765625,25564200
2026-01-08,475.9902648925781,478.1099853515625,482.6600036621094,475.8599853515625,481.239990234375,18162600
2026-01-09,477.15509033203125,479.2799987792969,479.82000732421875,472.20001220703125,474.05999755859375,18491000
2026-01-12,475.06439208984375,477.17999267578125,480.989990234375,475.67999267578125,476.6700134277344,23519900
2026-01-13,468.5832824707031,470.6700134277344,475.7799987792969,465.95001220703125,474.67999267578125,28545800
2026-01-14,457.34332275390625,459.3800048828125,468.20001220703125,457.1700134277344,466.4599914550781,28184300
2026-01-15,454.6353759765625,456.6600036621094,464.25,455.8999938964844,464.1199951171875,23225800
2026-01-16,457.8211669921875,459.8599853515625,463.19000244140625,456.4800109863281,457.8299865722656,34246700
2026-01-20,452.5048828125,454.5199890136719,456.79998779296875,449.2799987792969,451.2200012207031,26130000
2026-01-21,442.1410217285156,444.1099853515625,452.69000244140625,438.67999267578125,452.6000061035156,37980500
2026-01-22,449.1398620605469,451.1400146484375,452.8399963378906,444.70001220703125,447.6199951171875,25349400
2026-01-23,463.8841857910156,465.95001220703125,471.1000061035156,450.5299987792969,451.8699951171875,38000200
2026-01-26,468.19500732421875,470.2799987792969,474.25,462.0,465.30999755859375,29291200
2026-01-27,478.4493103027344,480.5799865722656,482.8699951171875,473.1600036621094,473.70001220703125,29213900
2026-01-28,479.49468994140625,481.6300048828125,483.739990234375,478.0,483.2099914550781,36875400
2026-01-29,431.57806396484375,433.5,442.5,421.0199890136719,439.989990234375,128855300
2026-01-30,428.38232421875,430.2900085449219,439.6000061035156,426.45001220703125,439.1700134277344,58566800
2026-02-02,421.49298095703125,423.3699951171875,430.739990234375,422.25,430.239990234375,42219900
2026-02-03,409.3868713378906,411.2099914550781,422.04998779296875,408.55999755859375,422.010009765625,61424100
2026-02-04,412.3536682128906,414.19000244140625,419.79998779296875,409.239990234375,411.0,45012400
2026-02-05,391.9246520996094,393.6700134277344,408.29998779296875,392.32000732421875,407.44000244140625,66289200
2026-02-06,399.3615417480469,401.1400146484375,401.7900085449219,392.9200134277344,399.1700134277344,53515300
2026-02-09,411.76629638671875,413.6000061035156,414.8900146484375,400.8699951171875,404.8500061035156,45480500
2026-02-10,411.437744140625,413.2699890136719,423.67999267578125,412.70001220703125,419.6199951171875,44857900
2026-02-11,402.57720947265625,404.3699951171875,416.4599914550781,401.010009765625,416.17999267578125,42491000
2026-02-12,400.05841064453125,401.8399963378906,406.20001220703125,398.010009765625,405.0,40802400
2026-02-13,399.5407409667969,401.32000732421875,405.5400085449219,398.04998779296875,404.45001220703125,34091600
2026-02-17,395.1004943847656,396.8599853515625,400.5199890136719,394.5299987792969,399.2200012207031,32078800
2026-02-18,397.828369140625,399.6000061035156,402.55999755859375,396.32000732421875,398.1300048828125,23223400
2026-02-19,397.5988464355469,398.4599914550781,404.42999267578125,396.6700134277344,400.69000244140625,28234000
2026-02-20,396.37152099609375,397.2300109863281,400.1199951171875,395.1600036621094,396.1099853515625,34015200
2026-02-23,383.6390686035156,384.4700012207031,395.3599853515625,383.1000061035156,395.0,43238300
2026-02-24,388.1593017578125,389.0,389.3599853515625,381.7099914550781,384.1400146484375,33884700
2026-02-25,399.7342224121094,400.6000061035156,401.4700012207031,390.1600036621094,390.5299987792969,43625500
2026-02-26,400.851806640625,401.7200012207031,407.489990234375,398.739990234375,404.7099914550781,34405900
2026-02-27,391.8912048339844,392.739990234375,396.82000732421875,389.8800048828125,390.8800048828125,51367200
2026-03-02,397.6886291503906,398.54998779296875,401.19000244140625,390.6300048828125,392.8599853515625,35474900
2026-03-03,403.0570068359375,403.92999267578125,406.70001220703125,392.6700134277344,393.1400146484375,38199200
2026-03-04,404.32427978515625,405.20001220703125,411.0299987792969,400.30999755859375,401.2699890136719,35808000
2026-03-05,409.79241943359375,410.67999267578125,411.6099853515625,404.3999938964844,404.4200134277344,39001300
2026-03-06,408.0761413574219,408.9599914550781,413.04998779296875,408.510009765625,409.20001220703125,31123900
2026-03-09,408.5251770019531,409.4100036621094,410.2099914550781,403.5,404.9200134277344,30131900
2026-03-10,404.8830871582031,405.760009765625,410.20001220703125,402.92999267578125,410.0299987792969,31706400
2026-03-11,404.0049743652344,404.8800048828125,409.010009765625,401.5899963378906,405.57000732421875,25512100
2026-03-12,400.9914855957031,401.8599853515625,406.1199951171875,401.7099914550781,404.6300048828125,27263900
2026-03-13,394.69512939453125,395.54998779296875,404.79998779296875,394.25,401.0,26848000
2026-03-16,399.08563232421875,399.95001220703125,400.6300048828125,394.7900085449219,398.07000732421875,27733700
2026-03-17,398.5467834472656,399.4100036621094,404.3999938964844,397.75,400.2699890136719,26228300
2026-03-18,390.9432678222656,391.7900085449219,398.0,391.0,397.1300048828125,25908500
2026-03-19,388.1792297363281,389.0199890136719,392.489990234375,387.05999755859375,390.1000061035156,25138800
2026-03-20,381.0447082519531,381.8699951171875,387.0,380.1199951171875,386.7900085449219,50853200
2026-03-23,382.1722717285156,383.0,387.2099914550781,381.67999267578125,383.8999938964844,29680100
2026-03-24,371.9344177246094,372.739990234375,382.4700012207031,371.8500061035156,382.3599853515625,42733600
2026-03-25,370.2381286621094,371.0400085449219,377.05999755859375,369.6300048828125,376.9200134277344,31181200
2026-03-26,365.1790771484375,365.9700012207031,374.7200012207031,365.19000244140625,370.82000732421875,36836600
2026-03-27,355.9989318847656,356.7699890136719,362.45001220703125,356.510009765625,361.8999938964844,37883400
2026-03-30,358.1842041015625,358.9599914550781,365.3599853515625,356.2799987792969,361.8999938964844,44797000
2026-03-31,369.3699951171875,370.1700134277344,372.8999938964844,363.07000732421875,364.54998779296875,45244400
2026-04-01,368.57171630859375,369.3699951171875,373.989990234375,368.20001220703125,373.489990234375,29417200
2026-04-02,372.6528625488281,373.4599914550781,373.6400146484375,364.1499938964844,367.2099914550781,24099100
2026-04-06,372.0741271972656,372.8800048828125,373.7300109863281,369.5,373.489990234375,16146600
2026-04-07,371.48541259765625,372.2900085449219,372.45001220703125,366.55999755859375,370.3399963378906,21443300
2026-04-08,373.52099609375,374.3299865722656,385.0,371.4100036621094,384.9800109863281,33064800
2026-04-09,372.26373291015625,373.07000732421875,373.5,367.04998779296875,372.5,30435300
2026-04-10,370.0684814453125,370.8699951171875,375.6400146484375,370.0299987792969,372.9800109863281,28111100
2026-04-13,383.539306640625,384.3699951171875,384.5400085449219,371.0199890136719,373.6099853515625,35745800
2026-04-14,392.2604064941406,393.1099853515625,394.69000244140625,386.5199890136719,387.9200134277344,37504500
2026-04-15,410.3312683105469,411.2200012207031,414.3699951171875,396.7300109863281,398.0,45063400
2026-04-16,419.35174560546875,420.260009765625,420.82000732421875,412.1400146484375,419.8599853515625,41642400
2026-04-17,421.87628173828125,422.7900085449219,431.5799865722656,420.69000244140625,424.82000732421875,48568200
2026-04-20,417.1664733886719,418.07000732421875,423.3299865722656,416.29998779296875,421.1499938964844,27582200
2026-04-21,423.2433166503906,424.1600036621094,427.17999267578125,417.20001220703125,420.239990234375,32048500
2026-04-22,431.984375,432.9200134277344,433.70001220703125,423.6700134277344,426.19000244140625,29378200
2026-04-23,414.8514709472656,415.75,423.6600036621094,411.4100036621094,419.8900146484375,38308000
2026-04-24,423.7023010253906,424.6199951171875,424.95001220703125,415.79998779296875,416.9700012207031,27457400
2026-04-27,423.9018859863281,424.82000732421875,427.1099853515625,417.07000732421875,422.3800048828125,30867300
2026-04-28,428.3222961425781,429.25,429.9200134277344,421.8999938964844,424.57000732421875,30438100
2026-04-29,423.5426330566406,424.4599914550781,426.82000732421875,420.2900085449219,424.5799865722656,38288300
2026-04-30,406.8987121582031,407.7799987792969,414.4200134277344,398.010009765625,410.80999755859375,70909400
2026-05-01,413.5443115234375,414.44000244140625,417.1099853515625,410.44000244140625,412.79998779296875,31372400
2026-05-04,412.72607421875,413.6199951171875,420.7799987792969,410.79998779296875,411.5400085449219,28066500
2026-05-05,410.4909362792969,411.3800048828125,416.7799987792969,408.79998779296875,415.32000732421875,25700900
2026-05-06,413.0653381347656,413.9599914550781,418.4200134277344,405.1099853515625,408.0,30285900
2026-05-07,419.8606262207031,420.7699890136719,427.9800109863281,418.760009765625,420.1099853515625,34942400
2026-05-08,414.22283935546875,415.1199951171875,418.6300048828125,414.0,417.3900146484375,33383800
2026-05-11,411.7681579589844,412.6600036621094,412.69000244140625,405.5,407.8699951171875,35657900
2026-05-12,406.8887023925781,407.7699890136719,415.5,406.6400146484375,414.4800109863281,38594200
2026-05-13,404.3342590332031,405.2099914550781,406.30999755859375,401.0299987792969,403.20001220703125,29667100
2026-05-14,408.5451354980469,409.42999267578125,411.8399963378906,400.8800048828125,404.4800109863281,27077500
2026-05-15,421.0081481933594,421.9200134277344,428.1700134277344,412.9100036621094,414.2699890136719,50771200
2026-05-18,422.6246643066406,423.5400085449219,425.1199951171875,415.6099853515625,416.6199951171875,32564100
2026-05-19,416.51788330078125,417.4200134277344,432.70001220703125,416.489990234375,429.8999938964844,33018700
2026-05-20,420.1499938964844,421.05999755859375,422.1000061035156,411.29998779296875,414.1700134277344,27864000
2026-05-21,419.0899963378906,419.0899963378906,426.3399963378906,415.7099914550781,424.75,31393500
2026-05-22,418.57000732421875,418.57000732421875,424.3999938964844,416.3299865722656,419.5400085449219,22390300
2026-05-26,416.0299987792969,416.0299987792969,419.7699890136719,413.0199890136719,416.42999267578125,30398000
2026-05-27,412.6700134277344,412.6700134277344,415.94000244140625,409.5799865722656,411.010009765625,28901500
2026-05-28,426.989990234375,426.989990234375,429.489990234375,412.6700134277344,412.9800109863281,47250500
2026-05-29,450.239990234375,450.239990234375,450.3299865722656,432.3599853515625,432.54998779296875,79654400
2026-06-01,460.5199890136719,460.5199890136719,466.32000732421875,458.2699890136719,464.8399963378906,53325800
