Date,Adj Close,Close,High,Low,Open,Volume
2010-01-04,7.235776901245117,11.579999923706055,11.6899995803833,11.470000267028809,11.489999771118164,8096400
2010-01-05,7.204533100128174,11.529999732971191,11.65999984741211,11.460000038146973,11.600000381469727,14375900
2010-01-06,7.179539203643799,11.489999771118164,11.609999656677246,11.380000114440918,11.5600004196167,13608400
2010-01-07,6.942095756530762,11.109999656677246,11.4399995803833,11.069999694824219,11.40999984741211,27346600
2010-01-08,6.935849189758301,11.100000381469727,11.220000267028809,11.029999732971191,11.140000343322754,16895300
2010-01-11,6.898357391357422,11.039999961853027,11.239999771118164,10.880000114440918,11.149999618530273,22214500
2010-01-12,6.685909271240234,10.699999809265137,10.930000305175781,10.609999656677246,10.880000114440918,20863400
2010-01-13,6.860866069793701,10.979999542236328,11.010000228881836,10.710000038146973,10.710000038146973,13482300
2010-01-14,6.792133331298828,10.869999885559082,11.010000228881836,10.859999656677246,11.010000228881836,8692400
2010-01-15,6.623422622680664,10.600000381469727,10.9399995803833,10.5600004196167,10.9399995803833,15426400
2010-01-19,6.848366737365723,10.960000038146973,10.989999771118164,10.609999656677246,10.680000305175781,14898100
2010-01-20,6.74839448928833,10.800000190734863,10.90999984741211,10.710000038146973,10.899999618530273,13604800
2010-01-21,6.617173194885254,10.59000015258789,10.930000305175781,10.5600004196167,10.859999656677246,13943800
2010-01-22,6.304749965667725,10.09000015258789,10.550000190734863,10.09000015258789,10.510000228881836,21017600
2010-01-25,6.342239856719971,10.149999618530273,10.390000343322754,10.09000015258789,10.09000015258789,20606500
2010-01-26,6.24851131439209,10.0,10.180000305175781,9.949999809265137,10.15999984741211,21913300
2010-01-27,6.242262363433838,9.989999771118164,10.140000343322754,9.9399995803833,10.029999732971191,22963800
2010-01-28,6.279756546020508,10.050000190734863,10.199999809265137,9.890000343322754,10.180000305175781,40246500
2010-01-29,6.3484883308410645,10.15999984741211,10.369999885559082,10.100000381469727,10.239999771118164,30073000
2010-02-01,6.298499584197998,10.079999923706055,10.289999961853027,9.920000076293945,10.140000343322754,23074400
2010-02-02,6.2235188484191895,9.960000038146973,10.079999923706055,9.899999618530273,10.079999923706055,18259200
2010-02-03,6.286003112792969,10.0600004196167,10.140000343322754,9.920000076293945,9.979999542236328,14829600
2010-02-04,6.048558712005615,9.680000305175781,10.050000190734863,9.600000381469727,10.020000457763672,18370700
2010-02-05,5.973577976226807,9.5600004196167,9.710000038146973,9.399999618530273,9.600000381469727,33731000
2010-02-08,6.004820346832275,9.609999656677246,9.739999771118164,9.430000305175781,9.699999809265137,25173000
2010-02-09,5.998571395874023,9.600000381469727,9.819999694824219,9.550000190734863,9.699999809265137,29316300
2010-02-10,6.0610551834106445,9.699999809265137,9.729999542236328,9.510000228881836,9.600000381469727,17525600
2010-02-11,6.179778099060059,9.890000343322754,9.90999984741211,9.600000381469727,9.739999771118164,13726100
2010-02-12,6.067304611206055,9.710000038146973,9.850000381469727,9.649999618530273,9.789999961853027,13563900
2010-02-16,6.19227409362793,9.90999984741211,9.920000076293945,9.720000267028809,9.75,9532800
2010-02-17,6.2610087394714355,10.020000457763672,10.0600004196167,9.899999618530273,9.949999809265137,13959400
2010-02-18,6.286003112792969,10.0600004196167,10.100000381469727,9.90999984741211,10.0600004196167,5162700
2010-02-19,6.2610087394714355,10.020000457763672,10.09000015258789,9.920000076293945,10.050000190734863,8055100
2010-02-22,6.24851131439209,10.0,10.09000015258789,9.979999542236328,10.029999732971191,8422700
2010-02-23,6.154783248901367,9.850000381469727,10.029999732971191,9.779999732971191,10.029999732971191,18118100
2010-02-24,6.136038303375244,9.819999694824219,9.960000038146973,9.75,9.850000381469727,13237600
2010-02-25,6.092299461364746,9.75,9.789999961853027,9.5600004196167,9.75,18311800
2010-02-26,6.092299461364746,9.75,9.779999732971191,9.640000343322754,9.729999542236328,9389800
2010-03-01,6.217268943786621,9.949999809265137,10.0,9.890000343322754,9.90999984741211,13623900
2010-03-02,6.217268943786621,9.949999809265137,10.100000381469727,9.899999618530273,10.020000457763672,12070900
2010-03-03,6.161031723022461,9.859999656677246,10.069999694824219,9.8100004196167,10.0600004196167,13229000
2010-03-04,6.167281150817871,9.869999885559082,9.90999984741211,9.75,9.770000457763672,21949000
2010-03-05,6.329742431640625,10.130000114440918,10.149999618530273,9.960000038146973,9.989999771118164,17723700
2010-03-08,6.392227649688721,10.229999542236328,10.25,10.149999618530273,10.1899995803833,16149800
2010-03-09,6.404724597930908,10.25,10.34000015258789,10.15999984741211,10.1899995803833,14016900
2010-03-10,6.460960388183594,10.34000015258789,10.5,10.210000038146973,10.239999771118164,12284500
2010-03-11,6.560935974121094,10.5,10.5,10.300000190734863,10.359999656677246,18740500
2010-03-12,6.454713344573975,10.329999923706055,10.489999771118164,10.25,10.449999809265137,12629000
2010-03-15,6.335991859436035,10.140000343322754,10.25,10.069999694824219,10.239999771118164,11265700
2010-03-16,6.429717063903809,10.289999961853027,10.329999923706055,10.109999656677246,10.140000343322754,9673400
2010-03-17,6.51094913482666,10.420000076293945,10.470000267028809,10.34000015258789,10.359999656677246,12314400
2010-03-18,6.460960388183594,10.34000015258789,10.479999542236328,10.220000267028809,10.460000038146973,13981900
2010-03-19,6.304749965667725,10.09000015258789,10.34000015258789,10.079999923706055,10.09000015258789,12898200
2010-03-22,6.360985279083252,10.180000305175781,10.239999771118164,10.039999961853027,10.09000015258789,9479200
2010-03-23,6.417221546173096,10.270000457763672,10.289999961853027,10.149999618530273,10.199999809265137,19340200
2010-03-24,6.454713344573975,10.329999923706055,10.40999984741211,10.199999809265137,10.229999542236328,19698700
2010-03-25,6.51094913482666,10.420000076293945,10.550000190734863,10.350000381469727,10.350000381469727,19470300
2010-03-26,6.473458290100098,10.359999656677246,10.550000190734863,10.319999694824219,10.449999809265137,12750500
2010-03-29,6.585931301116943,10.539999961853027,10.539999961853027,10.390000343322754,10.489999771118164,11552600
2010-03-30,6.592180252075195,10.550000190734863,10.619999885559082,10.460000038146973,10.569999694824219,12009000
2010-03-31,6.554688453674316,10.489999771118164,10.520000457763672,10.369999885559082,10.4399995803833,14117800
2010-04-01,6.623422622680664,10.600000381469727,10.6899995803833,10.510000228881836,10.550000190734863,14763900
2010-04-05,6.704654693603516,10.729999542236328,10.779999732971191,10.420000076293945,10.65999984741211,7253500
2010-04-06,6.767138481140137,10.829999923706055,10.84000015258789,10.710000038146973,10.739999771118164,11816500
2010-04-07,6.779635429382324,10.850000381469727,10.979999542236328,10.8100004196167,10.869999885559082,11937000
2010-04-08,6.635918140411377,10.619999885559082,10.770000457763672,10.579999923706055,10.770000457763672,12801000
2010-04-09,6.635918140411377,10.619999885559082,10.75,10.510000228881836,10.710000038146973,13105600
2010-04-12,6.617173194885254,10.59000015258789,10.6899995803833,10.59000015258789,10.670000076293945,9900000
2010-04-13,6.66716194152832,10.670000076293945,10.699999809265137,10.510000228881836,10.539999961853027,10261700
2010-04-14,7.029576778411865,11.25,11.25,10.819999694824219,10.829999923706055,30646800
2010-04-15,6.954590797424316,11.130000114440918,11.239999771118164,11.079999923706055,11.1899995803833,9173500
2010-04-16,6.779635429382324,10.850000381469727,11.010000228881836,10.6899995803833,10.989999771118164,18171100
2010-04-19,6.773385524749756,10.84000015258789,10.899999618530273,10.65999984741211,10.739999771118164,14212400
2010-04-20,6.810878276824951,10.899999618530273,11.020000457763672,10.829999923706055,10.880000114440918,9802900
2010-04-21,6.773385524749756,10.84000015258789,10.930000305175781,10.649999618530273,10.890000343322754,15628700
2010-04-22,6.854617118835449,10.970000267028809,10.979999542236328,10.649999618530273,10.680000305175781,15815900
2010-04-23,6.848366737365723,10.960000038146973,10.979999542236328,10.800000190734863,10.979999542236328,9076800
2010-04-26,6.867115497589111,10.989999771118164,11.109999656677246,10.949999809265137,11.039999961853027,10142500
2010-04-27,6.623422622680664,10.600000381469727,10.890000343322754,10.5600004196167,10.890000343322754,27248500
2010-04-28,6.560935974121094,10.5,10.75,10.399999618530273,10.739999771118164,19735700
2010-04-29,6.598428249359131,10.5600004196167,10.600000381469727,10.449999809265137,10.539999961853027,13022300
2010-04-30,6.617173194885254,10.59000015258789,10.649999618530273,10.460000038146973,10.59000015258789,15450600
2010-05-03,6.660913467407227,10.65999984741211,10.699999809265137,10.529999732971191,10.670000076293945,7652600
2010-05-04,6.304749965667725,10.09000015258789,10.600000381469727,10.020000457763672,10.600000381469727,24852400
2010-05-05,6.2235188484191895,9.960000038146973,10.09000015258789,9.829999923706055,10.029999732971191,20044100
2010-05-06,6.104795932769775,9.770000457763672,10.09000015258789,9.5,9.960000038146973,23946100
2010-05-07,6.179778099060059,9.890000343322754,10.010000228881836,9.670000076293945,9.899999618530273,26579400
2010-05-10,6.435968399047852,10.300000190734863,10.350000381469727,10.09000015258789,10.199999809265137,18143800
2010-05-11,6.354735374450684,10.170000076293945,10.319999694824219,10.09000015258789,10.100000381469727,18171300
2010-05-12,6.392227649688721,10.229999542236328,10.300000190734863,10.180000305175781,10.270000457763672,13240200
2010-05-13,6.404724597930908,10.25,10.350000381469727,10.180000305175781,10.260000228881836,21054500
2010-05-14,6.167281150817871,9.869999885559082,10.229999542236328,9.710000038146973,10.130000114440918,28096300
2010-05-17,6.22976541519165,9.970000267028809,10.020000457763672,9.65999984741211,9.930000305175781,12911500
2010-05-18,6.079802513122559,9.729999542236328,10.069999694824219,9.649999618530273,10.0,15891600
2010-05-19,6.136038303375244,9.819999694824219,9.90999984741211,9.65999984741211,9.75,17018300
2010-05-20,6.0173163414001465,9.630000114440918,9.760000228881836,9.550000190734863,9.680000305175781,21177100
2010-05-21,6.117292404174805,9.789999961853027,9.869999885559082,9.4399995803833,9.5,15401200
2010-05-24,5.998571395874023,9.600000381469727,9.8100004196167,9.600000381469727,9.710000038146973,11426900
2010-05-25,5.979824542999268,9.569999694824219,9.569999694824219,9.300000190734863,9.5,24248400
2010-05-26,5.911091327667236,9.460000038146973,9.75,9.460000038146973,9.680000305175781,19653400
2010-05-27,6.179778099060059,9.890000343322754,9.90999984741211,9.600000381469727,9.600000381469727,13802100
2010-05-28,6.092299461364746,9.75,9.979999542236328,9.729999542236328,9.979999542236328,13449800
2010-06-01,6.154783248901367,9.850000381469727,9.979999542236328,9.6899995803833,9.729999542236328,21414800
2010-06-02,6.298499584197998,10.079999923706055,10.079999923706055,9.800000190734863,9.949999809265137,13858300
2010-06-03,6.19227409362793,9.90999984741211,10.140000343322754,9.850000381469727,10.119999885559082,26076500
2010-06-04,6.011069297790527,9.619999885559082,9.869999885559082,9.579999923706055,9.739999771118164,22816300
2010-06-07,5.892345905303955,9.430000305175781,9.800000190734863,9.390000343322754,9.800000190734863,11634200
2010-06-08,5.942334175109863,9.510000228881836,9.529999732971191,9.3100004196167,9.489999771118164,14852800
2010-06-09,5.973577976226807,9.5600004196167,9.800000190734863,9.529999732971191,9.59000015258789,16636100
2010-06-10,6.117292404174805,9.789999961853027,9.880000114440918,9.699999809265137,9.739999771118164,14853400
2010-06-11,6.123542308807373,9.800000190734863,9.899999618530273,9.699999809265137,9.770000457763672,11804600
2010-06-14,6.154783248901367,9.850000381469727,10.010000228881836,9.800000190734863,9.8100004196167,11076100
2010-06-15,6.417221546173096,10.270000457763672,10.3100004196167,9.90999984741211,9.949999809265137,15912000
2010-06-16,6.442216396331787,10.3100004196167,10.390000343322754,10.109999656677246,10.149999618530273,10921300
2010-06-17,6.429717063903809,10.289999961853027,10.359999656677246,10.180000305175781,10.34000015258789,8265000
2010-06-18,6.3734822273254395,10.199999809265137,10.350000381469727,10.180000305175781,10.239999771118164,8883200
2010-06-21,6.473458290100098,10.359999656677246,10.479999542236328,10.289999961853027,10.34000015258789,15083600
2010-06-22,6.304749965667725,10.09000015258789,10.420000076293945,10.069999694824219,10.34000015258789,11366800
2010-06-23,6.342239856719971,10.149999618530273,10.229999542236328,10.020000457763672,10.140000343322754,9204200
2010-06-24,6.211019039154053,9.9399995803833,10.119999885559082,9.890000343322754,10.119999885559082,16327900
2010-06-25,6.2610087394714355,10.020000457763672,10.100000381469727,9.949999809265137,10.020000457763672,7108000
2010-06-28,6.2735066413879395,10.039999961853027,10.140000343322754,9.930000305175781,10.050000190734863,7603500
2010-06-29,6.129788875579834,9.8100004196167,9.930000305175781,9.699999809265137,9.930000305175781,15553400
2010-06-30,6.098547458648682,9.760000228881836,9.989999771118164,9.720000267028809,9.84000015258789,15959300
2010-07-01,6.117292404174805,9.789999961853027,9.84000015258789,9.600000381469727,9.770000457763672,13232900
2010-07-02,6.179778099060059,9.890000343322754,9.979999542236328,9.75,9.829999923706055,12921200
2010-07-06,6.454624652862549,9.84000015258789,9.989999771118164,9.710000038146973,9.710000038146973,19171800
2010-07-07,6.559576034545898,10.0,10.050000190734863,9.819999694824219,9.850000381469727,12954000
2010-07-08,6.6186137199401855,10.09000015258789,10.130000114440918,9.920000076293945,10.0,13385700
2010-07-09,6.657970428466797,10.149999618530273,10.180000305175781,10.010000228881836,10.09000015258789,5183700
2010-07-12,6.605495452880859,10.069999694824219,10.170000076293945,10.069999694824219,10.100000381469727,8052800
2010-07-13,6.651412487030029,10.140000343322754,10.180000305175781,10.069999694824219,10.130000114440918,9159500
2010-07-14,6.657970428466797,10.149999618530273,10.229999542236328,10.0600004196167,10.229999542236328,15869300
2010-07-15,6.657970428466797,10.149999618530273,10.170000076293945,10.039999961853027,10.09000015258789,9778200
2010-07-16,6.507101058959961,9.920000076293945,10.149999618530273,9.899999618530273,10.09000015258789,16100800
2010-07-19,6.6448516845703125,10.130000114440918,10.149999618530273,10.010000228881836,10.020000457763672,8440800
2010-07-20,6.756365776062012,10.300000190734863,10.3100004196167,9.970000267028809,10.0600004196167,12519100
2010-07-21,6.6251726150512695,10.100000381469727,10.300000190734863,10.069999694824219,10.279999732971191,12529700
2010-07-22,6.808841228485107,10.380000114440918,10.399999618530273,10.180000305175781,10.180000305175781,13268600
2010-07-23,6.861318111419678,10.460000038146973,10.5,10.300000190734863,10.380000114440918,9314200
2010-07-26,6.933473587036133,10.569999694824219,10.569999694824219,10.350000381469727,10.470000267028809,7232800
2010-07-27,6.848197937011719,10.4399995803833,10.600000381469727,10.430000305175781,10.579999923706055,10941500
2010-07-28,6.861318111419678,10.460000038146973,10.59000015258789,10.40999984741211,10.460000038146973,8376000
2010-07-29,6.677651405334473,10.180000305175781,10.510000228881836,10.180000305175781,10.430000305175781,21033800
2010-07-30,6.6251726150512695,10.100000381469727,10.1899995803833,10.0,10.140000343322754,18087100
2010-08-02,6.730126857757568,10.260000228881836,10.380000114440918,10.15999984741211,10.210000038146973,13442600
2010-08-03,6.710447788238525,10.229999542236328,10.319999694824219,10.180000305175781,10.25,12634000
2010-08-04,6.703888893127441,10.220000267028809,10.319999694824219,10.119999885559082,10.279999732971191,16752800
2010-08-05,6.638291835784912,10.119999885559082,10.170000076293945,10.0600004196167,10.140000343322754,14172000
2010-08-06,6.5333380699157715,9.960000038146973,10.079999923706055,9.890000343322754,10.039999961853027,16262400
2010-08-09,6.52678108215332,9.949999809265137,10.050000190734863,9.930000305175781,10.050000190734863,10843000
2010-08-10,6.513661861419678,9.930000305175781,9.989999771118164,9.850000381469727,9.899999618530273,14168100
2010-08-11,6.382469654083252,9.729999542236328,9.880000114440918,9.710000038146973,9.850000381469727,18577100
2010-08-12,6.408707141876221,9.770000457763672,9.850000381469727,9.65999984741211,9.670000076293945,17729600
2010-08-13,6.362789154052734,9.699999809265137,9.890000343322754,9.670000076293945,9.760000228881836,14238000
2010-08-16,6.408707141876221,9.770000457763672,9.859999656677246,9.630000114440918,9.649999618530273,7452100
2010-08-17,6.480861186981201,9.880000114440918,9.930000305175781,9.729999542236328,9.84000015258789,12328800
2010-08-18,6.408707141876221,9.770000457763672,9.890000343322754,9.720000267028809,9.880000114440918,11861300
2010-08-19,6.3234333992004395,9.640000343322754,9.829999923706055,9.609999656677246,9.770000457763672,19439300
2010-08-20,6.34967041015625,9.680000305175781,9.770000457763672,9.649999618530273,9.680000305175781,9000500
2010-08-23,6.356231689453125,9.6899995803833,9.800000190734863,9.680000305175781,9.6899995803833,9888100
2010-08-24,6.257837772369385,9.539999961853027,9.670000076293945,9.460000038146973,9.609999656677246,17847400
2010-08-25,6.21191930770874,9.470000267028809,9.539999961853027,9.319999694824219,9.470000267028809,12023400
2010-08-26,6.185681343078613,9.430000305175781,9.5,9.399999618530273,9.460000038146973,12119600
2010-08-27,6.329992294311523,9.649999618530273,9.670000076293945,9.390000343322754,9.529999732971191,9931700
2010-08-30,6.1791229248046875,9.420000076293945,9.6899995803833,9.390000343322754,9.609999656677246,12539800
2010-08-31,6.166003227233887,9.399999618530273,9.470000267028809,9.319999694824219,9.399999618530273,16359400
2010-09-01,6.284075736999512,9.579999923706055,9.640000343322754,9.420000076293945,9.470000267028809,14118900
2010-09-02,6.21191930770874,9.470000267028809,9.619999885559082,9.4399995803833,9.569999694824219,20201800
2010-09-03,6.408707141876221,9.770000457763672,9.770000457763672,9.59000015258789,9.59000015258789,11390200
2010-09-07,6.231598854064941,9.5,9.729999542236328,9.479999542236328,9.729999542236328,18467000
2010-09-08,6.244718551635742,9.520000457763672,9.539999961853027,9.4399995803833,9.539999961853027,11263500
2010-09-09,6.238157749176025,9.510000228881836,9.630000114440918,9.470000267028809,9.59000015258789,8783500
2010-09-10,6.218480110168457,9.479999542236328,9.550000190734863,9.4399995803833,9.5,9389500
2010-09-13,6.467741966247559,9.859999656677246,9.899999618530273,9.75,9.770000457763672,18223400
2010-09-14,6.513661861419678,9.930000305175781,9.960000038146973,9.779999732971191,9.800000190734863,8323500
2010-09-15,6.480861186981201,9.880000114440918,9.9399995803833,9.789999961853027,9.819999694824219,6151600
2010-09-16,6.5333380699157715,9.960000038146973,9.989999771118164,9.8100004196167,9.850000381469727,12894300
2010-09-17,6.500540733337402,9.90999984741211,10.050000190734863,9.890000343322754,9.979999542236328,7967400
2010-09-20,6.605495452880859,10.069999694824219,10.069999694824219,9.9399995803833,9.949999809265137,12612700
2010-09-21,6.493980407714844,9.899999618530273,10.100000381469727,9.880000114440918,10.100000381469727,14590000
2010-09-22,6.428384780883789,9.800000190734863,9.920000076293945,9.770000457763672,9.90999984741211,33047200
2010-09-23,6.336551666259766,9.65999984741211,9.75,9.579999923706055,9.649999618530273,29309800
2010-09-24,6.5464582443237305,9.979999542236328,10.010000228881836,9.720000267028809,9.8100004196167,29744500
2010-09-27,6.487422466278076,9.890000343322754,9.979999542236328,9.880000114440918,9.970000267028809,12822100
2010-09-28,6.6186137199401855,10.09000015258789,10.100000381469727,9.850000381469727,9.890000343322754,12307000
2010-09-29,6.7432427406311035,10.279999732971191,10.359999656677246,10.079999923706055,10.100000381469727,20805700
2010-09-30,6.651412487030029,10.140000343322754,10.380000114440918,10.119999885559082,10.239999771118164,11830400
2010-10-01,6.723567008972168,10.25,10.270000457763672,10.119999885559082,10.210000038146973,11123000
2010-10-04,6.697329044342041,10.210000038146973,10.34000015258789,10.119999885559082,10.270000457763672,13630400
2010-10-05,6.82852029800415,10.40999984741211,10.420000076293945,10.220000267028809,10.239999771118164,13253400
2010-10-06,6.756365776062012,10.300000190734863,10.40999984741211,10.260000228881836,10.359999656677246,10742000
2010-10-07,6.7432427406311035,10.279999732971191,10.350000381469727,10.199999809265137,10.300000190734863,7504600
2010-10-08,6.795722484588623,10.359999656677246,10.380000114440918,10.199999809265137,10.300000190734863,6281600
2010-10-11,6.782602787017822,10.34000015258789,10.380000114440918,10.270000457763672,10.329999923706055,5766600
2010-10-12,6.736686706542969,10.270000457763672,10.329999923706055,10.149999618530273,10.279999732971191,7488800
2010-10-13,6.841639995574951,10.430000305175781,10.470000267028809,10.3100004196167,10.319999694824219,11061700
2010-10-14,6.80228328704834,10.369999885559082,10.489999771118164,10.350000381469727,10.430000305175781,12535900
2010-10-15,6.782602787017822,10.34000015258789,10.479999542236328,10.260000228881836,10.470000267028809,12457200
2010-10-18,6.756365776062012,10.300000190734863,10.329999923706055,10.220000267028809,10.270000457763672,12978800
2010-10-19,6.690768241882324,10.199999809265137,10.3100004196167,10.130000114440918,10.210000038146973,12066600
2010-10-20,6.776044845581055,10.329999923706055,10.380000114440918,10.220000267028809,10.289999961853027,8634100
2010-10-21,6.82852029800415,10.40999984741211,10.479999542236328,10.3100004196167,10.390000343322754,25208900
2010-10-22,6.953153133392334,10.600000381469727,10.600000381469727,10.399999618530273,10.4399995803833,10628800
2010-10-25,7.005629062652588,10.680000305175781,10.729999542236328,10.609999656677246,10.6899995803833,15294700
2010-10-26,6.9662699699401855,10.619999885559082,10.6899995803833,10.569999694824219,10.609999656677246,5179200
2010-10-27,6.985950946807861,10.649999618530273,10.6899995803833,10.579999923706055,10.619999885559082,11037100
2010-10-28,7.058107376098633,10.760000228881836,10.880000114440918,10.710000038146973,10.869999885559082,14111000
2010-10-29,7.156498908996582,10.90999984741211,10.9399995803833,10.699999809265137,10.739999771118164,13152000
2010-11-01,7.143379211425781,10.890000343322754,11.0,10.850000381469727,10.90999984741211,6265100
2010-11-02,7.110581874847412,10.84000015258789,10.9399995803833,10.779999732971191,10.9399995803833,9680200
2010-11-03,7.169618606567383,10.930000305175781,10.949999809265137,10.829999923706055,10.90999984741211,8804800
2010-11-04,7.386085510253906,11.260000228881836,11.260000228881836,10.970000267028809,11.0,13522900
2010-11-05,7.333608150482178,11.180000305175781,11.239999771118164,11.100000381469727,11.239999771118164,10642900
2010-11-08,7.215536117553711,11.0,11.140000343322754,10.989999771118164,11.140000343322754,8276300
2010-11-09,7.307369232177734,11.140000343322754,11.289999961853027,11.100000381469727,11.1899995803833,16399400
2010-11-10,7.379523754119873,11.25,11.25,11.119999885559082,11.210000038146973,11618500
2010-11-11,7.254891872406006,11.0600004196167,11.149999618530273,11.0,11.100000381469727,10698900
2010-11-12,7.248332500457764,11.050000190734863,11.09000015258789,10.9399995803833,10.989999771118164,8284200
2010-11-15,7.254891872406006,11.0600004196167,11.180000305175781,11.0600004196167,11.140000343322754,6752600
2010-11-16,7.1237006187438965,10.859999656677246,11.0600004196167,10.819999694824219,11.020000457763672,8229300
2010-11-17,7.143379211425781,10.890000343322754,10.960000038146973,10.84000015258789,10.899999618530273,10309200
2010-11-18,7.24177360534668,11.039999961853027,11.100000381469727,10.979999542236328,10.979999542236328,8092800
2010-11-19,7.268010139465332,11.079999923706055,11.079999923706055,10.949999809265137,11.010000228881836,3746400
2010-11-22,7.300807952880859,11.130000114440918,11.149999618530273,10.960000038146973,11.020000457763672,7839900
2010-11-23,7.044986724853516,10.739999771118164,11.0,10.720000267028809,10.989999771118164,11475400
2010-11-24,7.215536117553711,11.0,11.010000228881836,10.829999923706055,10.880000114440918,10324000
2010-11-26,7.215536117553711,11.0,11.020000457763672,10.890000343322754,10.90999984741211,4490900
2010-11-29,7.090904235839844,10.8100004196167,10.989999771118164,10.710000038146973,10.9399995803833,17495900
2010-11-30,7.051545143127441,10.75,10.800000190734863,10.710000038146973,10.739999771118164,16522500
2010-12-01,7.287691116333008,11.109999656677246,11.130000114440918,10.899999618530273,10.960000038146973,22671000
2010-12-02,7.569751739501953,11.539999961853027,11.579999923706055,11.210000038146973,11.220000267028809,27885800
2010-12-03,7.851815700531006,11.970000267028809,12.0,11.550000190734863,11.600000381469727,22780100
2010-12-06,7.799337387084961,11.890000343322754,11.989999771118164,11.829999923706055,11.970000267028809,7499700
2010-12-07,7.759981632232666,11.829999923706055,12.0,11.829999923706055,11.979999542236328,9644900
2010-12-08,7.812457084655762,11.90999984741211,11.949999809265137,11.850000381469727,11.880000114440918,10947000
2010-12-09,7.891170978546143,12.029999732971191,12.25,12.029999732971191,12.09000015258789,14510700
2010-12-10,7.923972129821777,12.079999923706055,12.130000114440918,12.0,12.079999923706055,10002400
2010-12-13,7.805896759033203,11.899999618530273,12.180000305175781,11.899999618530273,12.09000015258789,11830200
2010-12-14,7.812457084655762,11.90999984741211,12.010000228881836,11.850000381469727,11.979999542236328,12702300
2010-12-15,7.950206279754639,12.119999885559082,12.170000076293945,11.970000267028809,12.010000228881836,11263900
2010-12-16,8.081398963928223,12.319999694824219,12.319999694824219,12.199999809265137,12.199999809265137,11049900
2010-12-17,8.324102401733398,12.6899995803833,12.729999542236328,12.449999809265137,12.489999771118164,21359100
2010-12-20,8.087960243225098,12.329999923706055,12.520000457763672,12.289999961853027,12.460000038146973,9499500
2010-12-21,8.127318382263184,12.390000343322754,12.479999542236328,12.319999694824219,12.430000305175781,10978600
2010-12-22,8.068282127380371,12.300000190734863,12.449999809265137,12.260000228881836,12.359999656677246,7865300
2010-12-23,8.02236557006836,12.229999542236328,12.319999694824219,12.199999809265137,12.300000190734863,5750600
2010-12-27,8.074841499328613,12.3100004196167,12.350000381469727,12.229999542236328,12.319999694824219,3890700
2010-12-28,8.028922080993652,12.239999771118164,12.329999923706055,12.199999809265137,12.270000457763672,5232200
2010-12-29,8.074841499328613,12.3100004196167,12.430000305175781,12.210000038146973,12.260000228881836,9312400
2010-12-30,8.13387680053711,12.399999618530273,12.420000076293945,12.329999923706055,12.350000381469727,4270200
2010-12-31,8.22571086883545,12.539999961853027,12.539999961853027,12.390000343322754,12.430000305175781,4216200
2011-01-03,8.25850772857666,12.59000015258789,12.6899995803833,12.539999961853027,12.5600004196167,7040600
2011-01-04,8.284746170043945,12.630000114440918,12.630000114440918,12.4399995803833,12.600000381469727,9709800
2011-01-05,8.107637405395508,12.359999656677246,12.550000190734863,12.239999771118164,12.5,9777300
2011-01-06,8.44217586517334,12.869999885559082,12.920000076293945,12.449999809265137,12.5,23936600
2011-01-07,8.573369026184082,13.069999694824219,13.100000381469727,12.880000114440918,12.90999984741211,20593300
2011-01-10,8.671760559082031,13.220000267028809,13.270000457763672,13.0600004196167,13.109999656677246,16293600
2011-01-11,8.80295467376709,13.420000076293945,13.520000457763672,13.3100004196167,13.479999542236328,18268900
2011-01-12,8.86198902130127,13.510000228881836,13.5600004196167,13.380000114440918,13.529999732971191,11785800
2011-01-13,8.770156860351562,13.369999885559082,13.5600004196167,13.270000457763672,13.520000457763672,12088500
2011-01-14,8.973501205444336,13.680000305175781,13.6899995803833,13.350000381469727,13.420000076293945,15034100
2011-01-18,8.888227462768555,13.550000190734863,13.819999694824219,13.520000457763672,13.680000305175781,14698500
2011-01-19,8.875109672546387,13.529999732971191,13.850000381469727,13.529999732971191,13.770000457763672,20552600
2011-01-20,8.698001861572266,13.260000228881836,13.4399995803833,13.210000038146973,13.369999885559082,24561200
2011-01-21,8.704562187194824,13.270000457763672,13.390000343322754,13.229999542236328,13.3100004196167,23532600
2011-01-24,8.822632789611816,13.449999809265137,13.489999771118164,13.180000305175781,13.329999923706055,12170300
2011-01-25,8.671760559082031,13.220000267028809,13.380000114440918,13.220000267028809,13.270000457763672,16607200
2011-01-26,8.684883117675781,13.239999771118164,13.329999923706055,13.210000038146973,13.329999923706055,19606400
2011-01-27,8.73079776763916,13.3100004196167,13.550000190734863,13.199999809265137,13.319999694824219,23444900
2011-01-28,8.599605560302734,13.109999656677246,13.489999771118164,13.09000015258789,13.489999771118164,22928500
2011-01-31,8.573369026184082,13.069999694824219,13.15999984741211,13.029999732971191,13.119999885559082,17718200
2011-02-01,8.665202140808105,13.210000038146973,13.3100004196167,13.180000305175781,13.260000228881836,17957000
2011-02-02,8.750476837158203,13.34000015258789,13.4399995803833,13.199999809265137,13.239999771118164,12598000
2011-02-03,8.763595581054688,13.359999656677246,13.420000076293945,13.260000228881836,13.399999618530273,7536700
2011-02-04,8.934144020080566,13.619999885559082,13.630000114440918,13.319999694824219,13.390000343322754,13293400
2011-02-07,8.960382461547852,13.65999984741211,13.739999771118164,13.579999923706055,13.630000114440918,15960600
2011-02-08,8.80295467376709,13.420000076293945,13.600000381469727,13.359999656677246,13.520000457763672,11827600
2011-02-09,8.58648681640625,13.09000015258789,13.420000076293945,13.09000015258789,13.260000228881836,13696400
2011-02-10,8.422497749328613,12.84000015258789,12.960000038146973,12.739999771118164,12.920000076293945,26351400
2011-02-11,8.488091468811035,12.9399995803833,12.979999542236328,12.640000343322754,12.760000228881836,11393100
2011-02-14,8.455297470092773,12.890000343322754,12.960000038146973,12.869999885559082,12.960000038146973,8005900
2011-02-15,8.40937614440918,12.819999694824219,12.869999885559082,12.739999771118164,12.760000228881836,7291100
2011-02-16,8.455297470092773,12.890000343322754,12.960000038146973,12.819999694824219,12.869999885559082,14544900
2011-02-17,8.573369026184082,13.069999694824219,13.069999694824219,12.819999694824219,12.880000114440918,16609200
2011-02-18,8.40281867980957,12.8100004196167,13.09000015258789,12.789999961853027,13.069999694824219,15167000
2011-02-22,8.140435218811035,12.40999984741211,12.739999771118164,12.390000343322754,12.739999771118164,15166500
2011-02-23,8.055163383483887,12.279999732971191,12.59000015258789,12.220000267028809,12.569999694824219,16723100
2011-02-24,7.950206279754639,12.119999885559082,12.369999885559082,12.010000228881836,12.369999885559082,29988100
2011-02-25,8.061722755432129,12.289999961853027,12.350000381469727,12.140000343322754,12.25,15380300
2011-02-28,8.061722755432129,12.289999961853027,12.390000343322754,12.199999809265137,12.390000343322754,18334700
2011-03-01,7.989564418792725,12.180000305175781,12.5600004196167,12.170000076293945,12.539999961853027,15990200
2011-03-02,8.009245872497559,12.210000038146973,12.3100004196167,12.119999885559082,12.130000114440918,12591100
2011-03-03,8.042043685913086,12.260000228881836,12.350000381469727,12.170000076293945,12.34000015258789,15442000
2011-03-04,8.140435218811035,12.40999984741211,12.5,12.329999923706055,12.380000114440918,20278800
2011-03-07,8.002685546875,12.199999809265137,12.430000305175781,12.069999694824219,12.40999984741211,15430100
2011-03-08,8.101079940795898,12.350000381469727,12.470000267028809,12.34000015258789,12.350000381469727,19209600
2011-03-09,8.212591171264648,12.520000457763672,12.630000114440918,12.260000228881836,12.369999885559082,25862200
2011-03-10,7.943646430969238,12.109999656677246,12.25,12.050000190734863,12.229999542236328,17514200
2011-03-11,8.009245872497559,12.210000038146973,12.260000228881836,12.039999961853027,12.050000190734863,13547700
2011-03-14,7.976446628570557,12.15999984741211,12.199999809265137,12.020000457763672,12.029999732971191,8602600
2011-03-15,7.812457084655762,11.90999984741211,11.920000076293945,11.609999656677246,11.75,14192300
2011-03-16,7.497596740722656,11.430000305175781,11.90999984741211,11.329999923706055,11.8100004196167,39189200
2011-03-17,7.615668773651123,11.609999656677246,11.729999542236328,11.550000190734863,11.550000190734863,13507100
2011-03-18,7.7075042724609375,11.75,11.819999694824219,11.579999923706055,11.800000190734863,13015000
2011-03-21,7.832133769989014,11.9399995803833,12.050000190734863,11.880000114440918,11.890000343322754,15205300
2011-03-22,7.753420352935791,11.819999694824219,11.9399995803833,11.800000190734863,11.930000305175781,10850100
2011-03-23,7.897729873657227,12.039999961853027,12.0600004196167,11.720000267028809,11.880000114440918,17840300
2011-03-24,8.055163383483887,12.279999732971191,12.3100004196167,12.029999732971191,12.130000114440918,16177100
2011-03-25,8.028922080993652,12.239999771118164,12.329999923706055,12.1899995803833,12.319999694824219,10185100
2011-03-28,7.983007907867432,12.170000076293945,12.359999656677246,12.100000381469727,12.260000228881836,7657800
2011-03-29,7.910850524902344,12.0600004196167,12.09000015258789,12.010000228881836,12.069999694824219,25880800
2011-03-30,7.943646430969238,12.109999656677246,12.149999618530273,12.020000457763672,12.130000114440918,13372800
2011-03-31,7.989564418792725,12.180000305175781,12.34000015258789,12.09000015258789,12.3100004196167,13090900
2011-04-01,8.009245872497559,12.210000038146973,12.279999732971191,12.15999984741211,12.260000228881836,10752900
2011-04-04,7.989564418792725,12.180000305175781,12.260000228881836,12.149999618530273,12.220000267028809,9660700
2011-04-05,8.173233985900879,12.460000038146973,12.510000228881836,12.300000190734863,12.3100004196167,20534300
2011-04-06,8.376582145690918,12.770000457763672,12.829999923706055,12.680000305175781,12.699999809265137,12934700
2011-04-07,8.343781471252441,12.720000267028809,12.8100004196167,12.649999618530273,12.699999809265137,8459300
2011-04-08,8.29786491394043,12.649999618530273,12.850000381469727,12.630000114440918,12.729999542236328,7510900
2011-04-11,8.206031799316406,12.510000228881836,12.579999923706055,12.420000076293945,12.539999961853027,9431600
2011-04-12,8.02236557006836,12.229999542236328,12.380000114440918,12.149999618530273,12.329999923706055,8548900
2011-04-13,8.042043685913086,12.260000228881836,12.369999885559082,12.229999542236328,12.350000381469727,11613700
2011-04-14,8.074841499328613,12.3100004196167,12.350000381469727,12.170000076293945,12.180000305175781,11826400
2011-04-15,8.009245872497559,12.210000038146973,12.300000190734863,12.130000114440918,12.270000457763672,6326500
2011-04-18,7.8386945724487305,11.949999809265137,12.130000114440918,11.869999885559082,12.119999885559082,11477300
2011-04-19,7.845254898071289,11.960000038146973,12.010000228881836,11.850000381469727,11.989999771118164,17106500
2011-04-20,8.16667652130127,12.449999809265137,12.449999809265137,12.270000457763672,12.380000114440918,16936700
2011-04-21,8.23883056640625,12.5600004196167,12.619999885559082,12.510000228881836,12.539999961853027,14928000
2011-04-25,8.055163383483887,12.279999732971191,12.520000457763672,12.229999542236328,12.489999771118164,11027600
2011-04-26,8.23883056640625,12.5600004196167,12.5600004196167,12.319999694824219,12.359999656677246,11100000
2011-04-27,8.717680931091309,13.289999961853027,13.350000381469727,12.649999618530273,12.829999923706055,44473500
2011-04-28,8.796392440795898,13.40999984741211,13.479999542236328,13.15999984741211,13.180000305175781,31618300
2011-04-29,8.855429649353027,13.5,13.5,13.319999694824219,13.380000114440918,15371600
2011-05-02,8.86198902130127,13.510000228881836,13.569999694824219,13.4399995803833,13.510000228881836,16884100
2011-05-03,8.829191207885742,13.460000038146973,13.5600004196167,13.380000114440918,13.5,18363000
2011-05-04,8.816073417663574,13.4399995803833,13.5,13.3100004196167,13.489999771118164,16035100
2011-05-05,8.888227462768555,13.550000190734863,13.6899995803833,13.449999809265137,13.479999542236328,17851100
2011-05-06,9.01941967010498,13.75,13.890000343322754,13.65999984741211,13.65999984741211,19126000
2011-05-09,8.96694564819336,13.670000076293945,13.800000190734863,13.600000381469727,13.800000190734863,16039800
2011-05-10,9.01941967010498,13.75,13.789999961853027,13.550000190734863,13.59000015258789,11120200
2011-05-11,8.855429649353027,13.5,13.8100004196167,13.479999542236328,13.670000076293945,12408500
2011-05-12,9.065336227416992,13.819999694824219,13.9399995803833,13.479999542236328,13.479999542236328,26161400
2011-05-13,8.91446590423584,13.59000015258789,13.84000015258789,13.539999961853027,13.819999694824219,12839300
2011-05-16,8.835753440856934,13.470000267028809,13.680000305175781,13.470000267028809,13.529999732971191,13765000
2011-05-17,8.783272743225098,13.390000343322754,13.600000381469727,13.279999732971191,13.460000038146973,21091500
2011-05-18,8.875109672546387,13.529999732971191,13.609999656677246,13.479999542236328,13.489999771118164,11029700
2011-05-19,8.822632789611816,13.449999809265137,13.539999961853027,13.359999656677246,13.529999732971191,8295100
2011-05-20,8.796392440795898,13.40999984741211,13.489999771118164,13.319999694824219,13.4399995803833,8234400
2011-05-23,8.60616683959961,13.119999885559082,13.260000228881836,13.09000015258789,13.220000267028809,14639200
2011-05-24,8.62584114074707,13.149999618530273,13.359999656677246,13.140000343322754,13.180000305175781,15758800
2011-05-25,8.63896369934082,13.170000076293945,13.260000228881836,13.069999694824219,13.109999656677246,11050400
2011-05-26,8.750476837158203,13.34000015258789,13.390000343322754,13.130000114440918,13.170000076293945,15105200
2011-05-27,8.698001861572266,13.260000228881836,13.4399995803833,13.210000038146973,13.359999656677246,10229900
2011-05-31,8.960382461547852,13.65999984741211,13.75,13.449999809265137,13.649999618530273,17418500
2011-06-01,8.973501205444336,13.680000305175781,13.789999961853027,13.600000381469727,13.729999542236328,17616700
2011-06-02,8.986621856689453,13.699999809265137,13.779999732971191,13.649999618530273,13.720000267028809,12586800
2011-06-03,8.94726276397705,13.640000343322754,13.779999732971191,13.59000015258789,13.670000076293945,9232000
2011-06-06,8.973501205444336,13.680000305175781,13.800000190734863,13.59000015258789,13.630000114440918,10591300
2011-06-07,9.104691505432129,13.880000114440918,14.050000190734863,13.779999732971191,13.789999961853027,14722000
2011-06-08,8.999740600585938,13.720000267028809,13.899999618530273,13.640000343322754,13.899999618530273,14932900
2011-06-09,8.89478588104248,13.5600004196167,13.729999542236328,13.319999694824219,13.720000267028809,14243900
2011-06-10,8.560250282287598,13.050000190734863,13.4399995803833,13.0,13.399999618530273,30974300
2011-06-13,8.520891189575195,12.989999771118164,13.09000015258789,12.960000038146973,13.050000190734863,13034200
2011-06-14,8.743917465209961,13.329999923706055,13.369999885559082,13.25,13.260000228881836,12413100
2011-06-15,8.60616683959961,13.119999885559082,13.350000381469727,13.109999656677246,13.210000038146973,18221700
2011-06-16,8.527448654174805,13.0,13.15999984741211,12.90999984741211,13.09000015258789,16911900
2011-06-17,8.343781471252441,12.720000267028809,13.109999656677246,12.670000076293945,13.100000381469727,18469400
2011-06-20,8.461853981018066,12.899999618530273,12.9399995803833,12.739999771118164,12.819999694824219,10737600
2011-06-21,8.704562187194824,13.270000457763672,13.279999732971191,13.010000228881836,13.039999961853027,13390400
2011-06-22,8.474973678588867,12.920000076293945,13.149999618530273,12.90999984741211,13.149999618530273,16821800
2011-06-23,8.422497749328613,12.84000015258789,12.890000343322754,12.5,12.680000305175781,18140700
2011-06-24,8.13387680053711,12.399999618530273,12.699999809265137,12.359999656677246,12.649999618530273,26052200
2011-06-27,8.219148635864258,12.529999732971191,12.600000381469727,12.329999923706055,12.390000343322754,27858400
2011-06-28,8.40937614440918,12.819999694824219,12.819999694824219,12.569999694824219,12.600000381469727,32005100
2011-06-29,8.442877769470215,12.350000381469727,12.5,12.260000228881836,12.460000038146973,16606000
2011-06-30,8.620617866516113,12.609999656677246,12.710000038146973,12.449999809265137,12.539999961853027,20957200
2011-07-01,8.82571029663086,12.90999984741211,12.920000076293945,12.59000015258789,12.59000015258789,17024900
2011-07-05,8.695819854736328,12.720000267028809,12.850000381469727,12.619999885559082,12.850000381469727,10336700
2011-07-06,8.56592845916748,12.529999732971191,12.640000343322754,12.399999618530273,12.630000114440918,20917400
2011-07-07,8.723165512084961,12.760000228881836,12.859999656677246,12.5600004196167,12.649999618530273,20138900
2011-07-08,8.62745475769043,12.619999885559082,12.649999618530273,12.34000015258789,12.640000343322754,13968700
2011-07-11,8.456549644470215,12.369999885559082,12.5600004196167,12.34000015258789,12.470000267028809,10239400
2011-07-12,8.36767578125,12.239999771118164,12.329999923706055,12.119999885559082,12.3100004196167,16394900
2011-07-13,8.504403114318848,12.4399995803833,12.6899995803833,12.399999618530273,12.460000038146973,17094300
2011-07-14,8.306151390075684,12.149999618530273,12.430000305175781,12.09000015258789,12.40999984741211,17778000
2011-07-15,8.35400390625,12.220000267028809,12.3100004196167,12.100000381469727,12.25,11521800
2011-07-18,8.29931354522705,12.140000343322754,12.180000305175781,12.029999732971191,12.140000343322754,14976100
2011-07-19,8.35400390625,12.220000267028809,12.279999732971191,12.0,12.09000015258789,13348100
2011-07-20,8.524913787841797,12.470000267028809,12.539999961853027,12.359999656677246,12.460000038146973,8756200
2011-07-21,8.593276977539062,12.569999694824219,12.680000305175781,12.420000076293945,12.470000267028809,8316300
2011-07-22,8.873565673828125,12.979999542236328,12.979999542236328,12.600000381469727,12.600000381469727,16438500
2011-07-25,8.716326713562012,12.75,12.819999694824219,12.600000381469727,12.720000267028809,24419600
2011-07-26,8.818873405456543,12.899999618530273,13.050000190734863,12.800000190734863,12.8100004196167,16114900
2011-07-27,8.586440086364746,12.5600004196167,12.859999656677246,12.529999732971191,12.829999923706055,19118800
2011-07-28,8.415532112121582,12.3100004196167,12.710000038146973,12.279999732971191,12.5,27805500
2011-07-29,8.449711799621582,12.359999656677246,12.430000305175781,12.229999542236328,12.3100004196167,20581700
2011-08-01,8.56592845916748,12.529999732971191,12.6899995803833,12.329999923706055,12.600000381469727,20125100
2011-08-02,8.333495140075684,12.1899995803833,12.460000038146973,12.1899995803833,12.449999809265137,12811200
2011-08-03,8.312986373901367,12.15999984741211,12.25,11.920000076293945,12.140000343322754,19356500
2011-08-04,7.916479110717773,11.579999923706055,12.140000343322754,11.569999694824219,12.020000457763672,27060800
2011-08-05,7.902805328369141,11.5600004196167,11.6899995803833,11.180000305175781,11.5600004196167,22109100
2011-08-08,7.4789533615112305,10.9399995803833,11.3100004196167,10.84000015258789,11.1899995803833,18751900
2011-08-09,7.861786842346191,11.5,11.520000457763672,10.869999885559082,11.069999694824219,21818200
2011-08-10,7.567824840545654,11.069999694824219,11.390000343322754,11.050000190734863,11.319999694824219,19386900
2011-08-11,7.875460624694824,11.520000457763672,11.6899995803833,11.210000038146973,11.210000038146973,17011900
2011-08-12,7.834443092346191,11.460000038146973,11.550000190734863,11.34000015258789,11.420000076293945,9037700
2011-08-15,7.9780073165893555,11.670000076293945,11.720000267028809,11.550000190734863,11.619999885559082,5535100
2011-08-16,7.875460624694824,11.520000457763672,11.680000305175781,11.399999618530273,11.489999771118164,11531700
2011-08-17,7.868626594543457,11.510000228881836,11.59000015258789,11.350000381469727,11.539999961853027,10491600
2011-08-18,7.55415153503418,11.050000190734863,11.210000038146973,10.75,11.149999618530273,21118100
2011-08-19,7.4789533615112305,10.9399995803833,11.220000267028809,10.899999618530273,10.9399995803833,11898100
2011-08-22,7.684041976928711,11.239999771118164,11.3100004196167,11.039999961853027,11.210000038146973,17618100
2011-08-23,8.094222068786621,11.84000015258789,11.890000343322754,11.359999656677246,11.359999656677246,16565700
2011-08-24,8.025860786437988,11.739999771118164,11.800000190734863,11.529999732971191,11.789999961853027,14453900
2011-08-25,7.759242534637451,11.350000381469727,11.789999961853027,11.3100004196167,11.6899995803833,17994600
2011-08-26,8.073715209960938,11.8100004196167,11.859999656677246,11.399999618530273,11.399999618530273,9421300
2011-08-29,8.29247760772705,12.130000114440918,12.130000114440918,11.899999618530273,11.930000305175781,8293300
2011-08-30,8.183096885681152,11.970000267028809,12.0600004196167,11.890000343322754,12.020000457763672,7907200
2011-08-31,8.183096885681152,11.970000267028809,12.079999923706055,11.890000343322754,12.069999694824219,10145300
2011-09-01,8.12840461730957,11.890000343322754,12.0600004196167,11.859999656677246,11.920000076293945,9095900
2011-09-02,7.9711689949035645,11.65999984741211,11.800000190734863,11.569999694824219,11.720000267028809,10719500
2011-09-06,7.875460624694824,11.520000457763672,11.550000190734863,11.3100004196167,11.390000343322754,12790800
2011-09-07,8.237789154052734,12.050000190734863,12.050000190734863,11.779999732971191,11.800000190734863,12396600
2011-09-08,8.203604698181152,12.0,12.100000381469727,11.850000381469727,11.890000343322754,16279000
2011-09-09,8.121567726135254,11.880000114440918,12.079999923706055,11.800000190734863,11.9399995803833,15057500
2011-09-12,8.16258430480957,11.9399995803833,11.989999771118164,11.699999809265137,11.760000228881836,12798200
2011-09-13,8.17625904083252,11.960000038146973,11.979999542236328,11.779999732971191,11.869999885559082,11612100
2011-09-14,8.080550193786621,11.819999694824219,11.930000305175781,11.609999656677246,11.829999923706055,18850400
2011-09-15,8.278801918029785,12.109999656677246,12.199999809265137,12.0,12.0,15916200
2011-09-16,8.483893394470215,12.40999984741211,12.510000228881836,12.260000228881836,12.350000381469727,15643200
2011-09-19,8.35400390625,12.220000267028809,12.289999961853027,12.010000228881836,12.180000305175781,7858900
2011-09-20,8.285638809204102,12.119999885559082,12.289999961853027,12.109999656677246,12.239999771118164,10876500
2011-09-21,8.148913383483887,11.920000076293945,12.3100004196167,11.90999984741211,12.220000267028809,12460100
2011-09-22,7.875460624694824,11.520000457763672,11.640000343322754,11.390000343322754,11.520000457763672,24446200
2011-09-23,8.005348205566406,11.710000038146973,11.710000038146973,11.289999961853027,11.34000015258789,22340300
2011-09-26,7.902805328369141,11.5600004196167,11.649999618530273,11.300000190734863,11.59000015258789,18025300
2011-09-27,8.217277526855469,12.020000457763672,12.15999984741211,11.739999771118164,11.760000228881836,18203400
2011-09-28,8.046368598937988,11.770000457763672,12.0,11.770000457763672,11.9399995803833,11587300
2011-09-29,8.073715209960938,11.8100004196167,11.989999771118164,11.630000114440918,11.949999809265137,10301800
2011-09-30,7.8139328956604,11.430000305175781,11.800000190734863,11.380000114440918,11.710000038146973,15664200
2011-10-03,7.73189640045166,11.3100004196167,11.65999984741211,11.3100004196167,11.350000381469727,15931500
2011-10-04,8.025860786437988,11.739999771118164,11.75,11.260000228881836,11.260000228881836,19700000
2011-10-05,8.080550193786621,11.819999694824219,11.819999694824219,11.529999732971191,11.65999984741211,11445900
2011-10-06,8.087388038635254,11.829999923706055,11.84000015258789,11.550000190734863,11.739999771118164,16134800
2011-10-07,8.066877365112305,11.800000190734863,11.880000114440918,11.609999656677246,11.819999694824219,16618600
2011-10-10,8.217277526855469,12.020000457763672,12.039999961853027,11.899999618530273,11.960000038146973,11210000
2011-10-11,8.107895851135254,11.859999656677246,12.020000457763672,11.850000381469727,11.920000076293945,8253000
2011-10-12,8.312986373901367,12.15999984741211,12.220000267028809,11.960000038146973,11.979999542236328,10920200
2011-10-13,8.31982421875,12.170000076293945,12.180000305175781,11.9399995803833,12.010000228881836,14678500
2011-10-14,8.408696174621582,12.300000190734863,12.329999923706055,12.170000076293945,12.289999961853027,9567900
2011-10-17,8.210441589355469,12.010000228881836,12.220000267028809,11.9399995803833,12.1899995803833,9357900
2011-10-18,8.347168922424316,12.210000038146973,12.25,11.9399995803833,12.0,8859600
2011-10-19,8.278801918029785,12.109999656677246,12.289999961853027,12.0600004196167,12.119999885559082,8569800
2011-10-20,8.073715209960938,11.8100004196167,12.039999961853027,11.640000343322754,12.020000457763672,13372900
2011-10-21,8.32665729522705,12.180000305175781,12.199999809265137,11.970000267028809,11.970000267028809,7230000
2011-10-24,8.53174877166748,12.479999542236328,12.489999771118164,12.15999984741211,12.15999984741211,7181400
2011-10-25,8.333495140075684,12.1899995803833,12.359999656677246,12.180000305175781,12.319999694824219,10456100
2011-10-26,8.374513626098633,12.25,12.430000305175781,12.119999885559082,12.329999923706055,16953200
2011-10-27,8.853055953979492,12.949999809265137,13.0600004196167,12.640000343322754,12.6899995803833,29647900
2011-10-28,8.709492683410645,12.739999771118164,12.859999656677246,12.710000038146973,12.84000015258789,13080000
2011-10-31,8.62745475769043,12.619999885559082,12.75,12.550000190734863,12.630000114440918,8923100
2011-11-01,8.511241912841797,12.449999809265137,12.550000190734863,12.220000267028809,12.34000015258789,14767400
2011-11-02,8.695819854736328,12.720000267028809,12.729999542236328,12.510000228881836,12.59000015258789,11367900
2011-11-03,8.818873405456543,12.899999618530273,12.930000305175781,12.630000114440918,12.880000114440918,12036400
2011-11-04,8.873565673828125,12.979999542236328,13.0600004196167,12.84000015258789,12.850000381469727,9961200
2011-11-07,8.887235641479492,13.0,13.010000228881836,12.800000190734863,12.930000305175781,7639100
2011-11-08,8.839383125305176,12.930000305175781,12.979999542236328,12.729999542236328,12.949999809265137,7545200
2011-11-09,8.53174877166748,12.479999542236328,12.65999984741211,12.420000076293945,12.550000190734863,11188800
2011-11-10,8.661639213562012,12.670000076293945,12.75,12.529999732971191,12.579999923706055,15910900
2011-11-11,8.853055953979492,12.949999809265137,13.020000457763672,12.6899995803833,12.699999809265137,12454400
2011-11-14,8.873565673828125,12.979999542236328,13.09000015258789,12.930000305175781,12.989999771118164,9046900
2011-11-15,8.941926956176758,13.079999923706055,13.079999923706055,12.859999656677246,12.949999809265137,10189200
2011-11-16,8.709492683410645,12.739999771118164,13.020000457763672,12.729999542236328,12.949999809265137,12697300
2011-11-17,8.688982963562012,12.710000038146973,12.869999885559082,12.609999656677246,12.869999885559082,13148200
2011-11-18,8.654805183410645,12.65999984741211,12.720000267028809,12.479999542236328,12.720000267028809,11364900
2011-11-21,8.586440086364746,12.5600004196167,12.619999885559082,12.369999885559082,12.5,15051900
2011-11-22,8.586440086364746,12.5600004196167,12.640000343322754,12.479999542236328,12.5600004196167,16107200
2011-11-23,8.34033203125,12.199999809265137,12.40999984741211,12.140000343322754,12.350000381469727,11899800
2011-11-25,8.251460075378418,12.069999694824219,12.199999809265137,12.0,12.029999732971191,5505000
2011-11-28,8.57960319519043,12.550000190734863,12.579999923706055,12.359999656677246,12.359999656677246,11545800
2011-11-29,8.477058410644531,12.399999618530273,12.550000190734863,12.390000343322754,12.529999732971191,9364300
2011-11-30,8.832547187805176,12.920000076293945,12.960000038146973,12.680000305175781,12.770000457763672,18986100
2011-12-01,9.030801773071289,13.210000038146973,13.270000457763672,12.9399995803833,12.949999809265137,11239500
2011-12-02,8.96927547454834,13.119999885559082,13.359999656677246,13.09000015258789,13.239999771118164,8691500
2011-12-05,9.037636756896973,13.220000267028809,13.300000190734863,13.119999885559082,13.270000457763672,15855000
2011-12-06,8.84621810913086,12.9399995803833,13.130000114440918,12.920000076293945,13.050000190734863,13573800
2011-12-07,9.037636756896973,13.220000267028809,13.279999732971191,12.859999656677246,12.880000114440918,11695100
2011-12-08,8.84621810913086,12.9399995803833,13.210000038146973,12.90999984741211,13.050000190734863,9011500
2011-12-09,8.941926956176758,13.079999923706055,13.1899995803833,12.720000267028809,12.829999923706055,13774300
2011-12-12,8.839383125305176,12.930000305175781,12.9399995803833,12.720000267028809,12.880000114440918,9816300
2011-12-13,8.695819854736328,12.720000267028809,13.029999732971191,12.600000381469727,12.9399995803833,12554400
2011-12-14,8.57960319519043,12.550000190734863,12.800000190734863,12.539999961853027,12.649999618530273,9798500
2011-12-15,8.545421600341797,12.5,12.6899995803833,12.430000305175781,12.6899995803833,8199400
2011-12-16,8.723165512084961,12.760000228881836,12.800000190734863,12.430000305175781,12.510000228881836,13528100
2011-12-19,8.42236614227295,12.319999694824219,12.75,12.3100004196167,12.670000076293945,10443300
2011-12-20,8.654805183410645,12.65999984741211,12.800000190734863,12.5600004196167,12.630000114440918,22957200
2011-12-21,8.688982963562012,12.710000038146973,12.949999809265137,12.520000457763672,12.869999885559082,16766200
2011-12-22,8.82571029663086,12.90999984741211,12.930000305175781,12.75,12.789999961853027,5828300
2011-12-23,8.832547187805176,12.920000076293945,12.960000038146973,12.760000228881836,12.890000343322754,3709400
2011-12-27,8.900911331176758,13.020000457763672,13.15999984741211,12.869999885559082,12.90999984741211,4506200
2011-12-28,8.832547187805176,12.920000076293945,13.079999923706055,12.899999618530273,12.960000038146973,6138400
2011-12-29,8.900911331176758,13.020000457763672,13.050000190734863,12.890000343322754,12.970000267028809,3996700
2011-12-30,8.82571029663086,12.90999984741211,13.100000381469727,12.880000114440918,13.039999961853027,4183200
2012-01-03,9.064985275268555,13.260000228881836,13.350000381469727,13.0600004196167,13.109999656677246,8910500
2012-01-04,8.98294734954834,13.140000343322754,13.210000038146973,13.039999961853027,13.149999618530273,7386600
2012-01-05,9.064985275268555,13.260000228881836,13.279999732971191,13.140000343322754,13.1899995803833,10306100
2012-01-06,8.989779472351074,13.149999618530273,13.270000457763672,13.09000015258789,13.270000457763672,7775800
2012-01-09,9.147017478942871,13.380000114440918,13.390000343322754,13.130000114440918,13.149999618530273,7543100
2012-01-10,9.4136381149292,13.770000457763672,13.819999694824219,13.460000038146973,13.529999732971191,15501300
2012-01-11,9.338436126708984,13.65999984741211,13.699999809265137,13.579999923706055,13.609999656677246,11564800
2012-01-12,9.454654693603516,13.829999923706055,13.979999542236328,13.699999809265137,13.699999809265137,12716100
2012-01-13,9.399964332580566,13.75,13.800000190734863,13.59000015258789,13.760000228881836,9564100
2012-01-17,9.201709747314453,13.460000038146973,13.739999771118164,13.420000076293945,13.710000038146973,13523900
2012-01-18,9.454654693603516,13.829999923706055,13.9399995803833,13.619999885559082,13.619999885559082,14004200
2012-01-19,9.748619079589844,14.260000228881836,14.270000457763672,13.869999885559082,13.880000114440918,14215100
2012-01-20,9.550361633300781,13.970000267028809,14.260000228881836,13.949999809265137,14.199999809265137,14399700
2012-01-23,9.577706336975098,14.010000228881836,14.149999618530273,13.880000114440918,14.020000457763672,9998400
2012-01-24,9.523019790649414,13.930000305175781,14.039999961853027,13.850000381469727,13.890000343322754,9240200
2012-01-25,9.680252075195312,14.15999984741211,14.170000076293945,13.899999618530273,14.020000457763672,9296200
2012-01-26,9.728108406066895,14.229999542236328,14.430000305175781,14.180000305175781,14.220000267028809,13756900
2012-01-27,9.646071434020996,14.109999656677246,14.1899995803833,13.989999771118164,14.050000190734863,11038700
2012-01-30,9.557197570800781,13.979999542236328,14.069999694824219,13.850000381469727,14.069999694824219,9843400
2012-01-31,9.62555980682373,14.079999923706055,14.1899995803833,13.989999771118164,14.119999885559082,7117600
2012-02-01,9.700762748718262,14.1899995803833,14.270000457763672,14.100000381469727,14.100000381469727,9918300
2012-02-02,9.509344100952148,13.90999984741211,14.220000267028809,13.899999618530273,14.1899995803833,11380900
2012-02-03,9.605055809020996,14.050000190734863,14.0600004196167,13.800000190734863,13.8100004196167,11174500
2012-02-06,9.564034461975098,13.989999771118164,14.039999961853027,13.899999618530273,14.010000228881836,9070400
2012-02-07,9.605055809020996,14.050000190734863,14.140000343322754,13.880000114440918,13.9399995803833,6824400
2012-02-08,9.700762748718262,14.1899995803833,14.260000228881836,14.020000457763672,14.039999961853027,6962600
2012-02-09,9.762287139892578,14.279999732971191,14.319999694824219,14.069999694824219,14.199999809265137,9101100
2012-02-10,9.4614896774292,13.84000015258789,14.09000015258789,13.789999961853027,14.079999923706055,8965700
2012-02-13,9.646071434020996,14.109999656677246,14.15999984741211,13.989999771118164,14.09000015258789,13300700
2012-02-14,9.693924903869629,14.180000305175781,14.199999809265137,14.039999961853027,14.050000190734863,10985800
2012-02-15,9.789634704589844,14.319999694824219,14.460000038146973,14.25,14.300000190734863,12026600
2012-02-16,9.933198928833008,14.529999732971191,14.579999923706055,14.300000190734863,14.319999694824219,7762500
2012-02-17,9.99472427368164,14.619999885559082,14.770000457763672,14.550000190734863,14.630000114440918,7889600
2012-02-21,9.830652236938477,14.380000114440918,14.670000076293945,14.329999923706055,14.579999923706055,9565000
2012-02-22,9.899018287658691,14.479999542236328,14.5,14.300000190734863,14.40999984741211,7314500
2012-02-23,9.666583061218262,14.140000343322754,14.329999923706055,14.100000381469727,14.329999923706055,9306400
2012-02-24,9.823813438415527,14.369999885559082,14.399999618530273,14.199999809265137,14.199999809265137,7352500
2012-02-27,9.83749008178711,14.390000343322754,14.449999809265137,14.180000305175781,14.289999961853027,5314700
2012-02-28,10.04257869720459,14.6899995803833,14.6899995803833,14.449999809265137,14.449999809265137,7511800
2012-02-29,9.926363945007324,14.520000457763672,14.800000190734863,14.489999771118164,14.739999771118164,10514800
2012-03-01,10.008400917053223,14.640000343322754,14.680000305175781,14.430000305175781,14.649999618530273,6178400
2012-03-02,9.97421646118164,14.59000015258789,14.640000343322754,14.489999771118164,14.539999961853027,6143400
2012-03-05,9.796472549438477,14.329999923706055,14.510000228881836,14.229999542236328,14.430000305175781,6702200
2012-03-06,9.680252075195312,14.15999984741211,14.34000015258789,14.100000381469727,14.229999542236328,7497600
2012-03-07,9.844324111938477,14.399999618530273,14.449999809265137,14.210000038146973,14.270000457763672,9138800
2012-03-08,9.98788833618164,14.609999656677246,14.619999885559082,14.460000038146973,14.5,5385700
2012-03-09,9.98105239868164,14.600000381469727,14.670000076293945,14.510000228881836,14.649999618530273,5586600
2012-03-12,9.844324111938477,14.399999618530273,14.600000381469727,14.34000015258789,14.600000381469727,7423400
2012-03-13,10.165632247924805,14.869999885559082,14.869999885559082,14.550000190734863,14.600000381469727,6853900
2012-03-14,10.124614715576172,14.8100004196167,15.109999656677246,14.800000190734863,14.930000305175781,6642900
2012-03-15,10.213486671447754,14.9399995803833,15.020000457763672,14.800000190734863,14.930000305175781,7049200
2012-03-16,10.110942840576172,14.789999961853027,14.930000305175781,14.760000228881836,14.890000343322754,5240700
2012-03-19,10.363885879516602,15.15999984741211,15.270000457763672,14.859999656677246,15.0,7112900
2012-03-20,10.213486671447754,14.9399995803833,15.079999923706055,14.84000015258789,15.069999694824219,5302400
2012-03-21,10.398067474365234,15.210000038146973,15.430000305175781,15.140000343322754,15.3100004196167,7137700
2012-03-22,10.275014877319336,15.029999732971191,15.170000076293945,14.979999542236328,15.039999961853027,6137600
2012-03-23,10.247668266296387,14.989999771118164,15.170000076293945,14.960000038146973,15.170000076293945,6650100
2012-03-26,10.514286994934082,15.380000114440918,15.399999618530273,14.979999542236328,14.989999771118164,9689000
2012-03-27,10.507452011108398,15.369999885559082,15.510000228881836,15.350000381469727,15.430000305175781,5885600
2012-03-28,10.37756061553955,15.180000305175781,15.390000343322754,15.119999885559082,15.279999732971191,10838900
2012-03-29,10.309195518493652,15.079999923706055,15.100000381469727,14.960000038146973,15.029999732971191,7107500
2012-03-30,10.445919036865234,15.279999732971191,15.40999984741211,15.140000343322754,15.199999809265137,7648300
2012-04-02,10.52795696258545,15.399999618530273,15.520000457763672,15.130000114440918,15.270000457763672,7762700
2012-04-03,10.404908180236816,15.220000267028809,15.489999771118164,15.170000076293945,15.40999984741211,8125600
2012-04-04,10.254502296447754,15.0,15.140000343322754,14.84000015258789,15.09000015258789,6057300
2012-04-05,10.418577194213867,15.239999771118164,15.3100004196167,14.989999771118164,15.029999732971191,8314700
2012-04-09,10.158797264099121,14.859999656677246,15.100000381469727,14.84000015258789,14.989999771118164,8027100
2012-04-10,9.99472427368164,14.619999885559082,14.989999771118164,14.600000381469727,14.859999656677246,11512600
2012-04-11,10.110942840576172,14.789999961853027,14.890000343322754,14.770000457763672,14.770000457763672,6097900
2012-04-12,10.199816703796387,14.920000076293945,15.0,14.829999923706055,14.84000015258789,7144700
2012-04-13,10.322870254516602,15.100000381469727,15.229999542236328,14.949999809265137,15.0600004196167,9421500
2012-04-16,10.322870254516602,15.100000381469727,15.329999923706055,15.039999961853027,15.260000228881836,6344600
2012-04-17,10.398067474365234,15.210000038146973,15.25,15.010000228881836,15.149999618530273,11083600
2012-04-18,10.445919036865234,15.279999732971191,15.359999656677246,14.979999542236328,15.170000076293945,6028300
2012-04-19,10.425414085388184,15.25,15.449999809265137,15.140000343322754,15.350000381469727,7294800
2012-04-20,10.329705238342285,15.109999656677246,15.369999885559082,15.050000190734863,15.350000381469727,6731400
2012-04-23,10.179304122924805,14.890000343322754,14.930000305175781,14.739999771118164,14.890000343322754,7086600
2012-04-24,10.158797264099121,14.859999656677246,15.0600004196167,14.789999961853027,14.960000038146973,9714900
2012-04-25,10.192977905273438,14.90999984741211,15.039999961853027,14.859999656677246,15.039999961853027,10077400
2012-04-26,10.815085411071777,15.819999694824219,15.9399995803833,15.149999618530273,15.25,19367100
2012-04-27,11.04068374633789,16.149999618530273,16.149999618530273,15.649999618530273,15.770000457763672,15868000
2012-04-30,10.651013374328613,15.579999923706055,16.06999969482422,15.579999923706055,16.06999969482422,14862000
2012-05-01,10.61683177947998,15.529999732971191,15.75,15.520000457763672,15.609999656677246,9316000
2012-05-02,11.00650405883789,16.100000381469727,16.1299991607666,15.550000190734863,15.65999984741211,13476100
2012-05-03,10.733048439025879,15.699999809265137,16.110000610351562,15.65999984741211,16.040000915527344,9513700
2012-05-04,10.555303573608398,15.4399995803833,15.720000267028809,15.4399995803833,15.699999809265137,9666400
2012-05-07,10.541631698608398,15.420000076293945,15.5,15.239999771118164,15.3100004196167,8319800
2012-05-08,10.363885879516602,15.15999984741211,15.329999923706055,14.880000114440918,15.220000267028809,13955300
2012-05-09,10.343378067016602,15.130000114440918,15.300000190734863,14.979999542236328,15.039999961853027,11156700
2012-05-10,10.521122932434082,15.390000343322754,15.449999809265137,15.15999984741211,15.34000015258789,7212800
2012-05-11,10.521122932434082,15.390000343322754,15.529999732971191,15.199999809265137,15.199999809265137,7900500
2012-05-14,10.309195518493652,15.079999923706055,15.270000457763672,15.079999923706055,15.140000343322754,8117100
2012-05-15,10.110942840576172,14.789999961853027,15.170000076293945,14.739999771118164,15.149999618530273,16526100
2012-05-16,10.199816703796387,14.920000076293945,15.010000228881836,14.710000038146973,14.890000343322754,14335800
2012-05-17,10.049412727355957,14.699999809265137,14.930000305175781,14.670000076293945,14.819999694824219,11276300
2012-05-18,9.762287139892578,14.279999732971191,14.819999694824219,14.279999732971191,14.640000343322754,12673100
2012-05-21,9.857999801635742,14.420000076293945,14.489999771118164,14.34000015258789,14.380000114440918,18255500
2012-05-22,9.844324111938477,14.399999618530273,14.520000457763672,14.3100004196167,14.390000343322754,13708400
2012-05-23,9.62555980682373,14.079999923706055,14.119999885559082,13.859999656677246,14.020000457763672,12717800
2012-05-24,9.543526649475098,13.960000038146973,14.210000038146973,13.899999618530273,14.149999618530273,10795800
2012-05-25,9.557197570800781,13.979999542236328,14.100000381469727,13.899999618530273,13.930000305175781,6457500
2012-05-29,9.673418998718262,14.149999618530273,14.34000015258789,14.050000190734863,14.260000228881836,13769800
2012-05-30,9.523019790649414,13.930000305175781,13.989999771118164,13.8100004196167,13.960000038146973,10371800
2012-05-31,9.386289596557617,13.729999542236328,14.039999961853027,13.65999984741211,13.989999771118164,23792400
2012-06-01,8.928257942199707,13.0600004196167,13.430000305175781,13.039999961853027,13.399999618530273,20047900
2012-06-04,8.900911331176758,13.020000457763672,13.180000305175781,12.869999885559082,13.069999694824219,13534100
2012-06-05,9.030801773071289,13.210000038146973,13.270000457763672,13.029999732971191,13.0600004196167,12895100
2012-06-06,9.229055404663086,13.5,13.520000457763672,13.130000114440918,13.199999809265137,12973900
2012-06-07,9.256400108337402,13.539999961853027,13.710000038146973,13.489999771118164,13.640000343322754,11723700
2012-06-08,9.201709747314453,13.460000038146973,13.59000015258789,13.220000267028809,13.289999961853027,9304500
2012-06-11,9.167527198791504,13.40999984741211,13.890000343322754,13.369999885559082,13.779999732971191,10415400
2012-06-12,9.365782737731934,13.699999809265137,13.75,13.40999984741211,13.449999809265137,17728000
2012-06-13,9.263236999511719,13.550000190734863,13.699999809265137,13.510000228881836,13.699999809265137,11660300
2012-06-14,9.208548545837402,13.470000267028809,13.579999923706055,13.300000190734863,13.470000267028809,12390800
2012-06-15,9.34527587890625,13.670000076293945,13.6899995803833,13.4399995803833,13.449999809265137,6615300
2012-06-18,9.543526649475098,13.960000038146973,13.970000267028809,13.59000015258789,13.699999809265137,12021400
2012-06-19,9.646071434020996,14.109999656677246,14.15999984741211,13.880000114440918,13.949999809265137,13003500
2012-06-20,9.659744262695312,14.130000114440918,14.199999809265137,14.0,14.069999694824219,5594700
2012-06-21,9.283743858337402,13.579999923706055,14.039999961853027,13.529999732971191,13.989999771118164,12836500
2012-06-22,9.454654693603516,13.829999923706055,13.890000343322754,13.680000305175781,13.720000267028809,8114800
2012-06-25,9.147017478942871,13.380000114440918,13.6899995803833,13.350000381469727,13.630000114440918,14658900
2012-06-26,9.099164962768555,13.3100004196167,13.470000267028809,13.180000305175781,13.390000343322754,15803600
2012-06-27,9.256400108337402,13.539999961853027,13.649999618530273,13.399999618530273,13.489999771118164,11644700
2012-06-28,9.188037872314453,13.4399995803833,13.520000457763672,13.319999694824219,13.4399995803833,11919300
2012-06-29,9.543526649475098,13.960000038146973,14.079999923706055,13.760000228881836,13.819999694824219,12805700
2012-07-02,9.755452156066895,14.270000457763672,14.270000457763672,14.020000457763672,14.220000267028809,10545300
2012-07-03,9.871668815612793,14.4399995803833,14.4399995803833,14.279999732971191,14.350000381469727,5737000
2012-07-05,9.667693138122559,13.649999618530273,13.859999656677246,13.550000190734863,13.699999809265137,12786000
2012-07-06,9.561453819274902,13.5,13.59000015258789,13.380000114440918,13.550000190734863,14424300
2012-07-09,9.561453819274902,13.5,13.539999961853027,13.380000114440918,13.420000076293945,10952700
2012-07-10,9.405637741088867,13.279999732971191,13.520000457763672,13.239999771118164,13.359999656677246,16719300
2012-07-11,9.31356143951416,13.149999618530273,13.270000457763672,13.069999694824219,13.25,18558000
2012-07-12,9.065673828125,12.800000190734863,12.960000038146973,12.739999771118164,12.869999885559082,12984200
2012-07-13,9.129420280456543,12.890000343322754,12.979999542236328,12.760000228881836,12.819999694824219,8612900
2012-07-16,8.973603248596191,12.670000076293945,12.84000015258789,12.630000114440918,12.789999961853027,13843600
2012-07-17,8.98776626586914,12.6899995803833,12.739999771118164,12.520000457763672,12.6899995803833,11144900
2012-07-18,9.306483268737793,13.140000343322754,13.180000305175781,12.59000015258789,12.59000015258789,19926600
2012-07-19,9.108172416687012,12.859999656677246,13.420000076293945,12.859999656677246,13.399999618530273,20516300
2012-07-20,8.959436416625977,12.649999618530273,12.920000076293945,12.630000114440918,12.920000076293945,24366500
2012-07-23,9.051512718200684,12.779999732971191,12.800000190734863,12.140000343322754,12.34000015258789,24666900
2012-07-24,9.143582344055176,12.90999984741211,12.920000076293945,12.609999656677246,12.65999984741211,18263200
2012-07-25,9.214408874511719,13.010000228881836,13.149999618530273,12.850000381469727,12.869999885559082,19915700
2012-07-26,9.462298393249512,13.359999656677246,13.430000305175781,13.119999885559082,13.119999885559082,19660800
2012-07-27,9.688940048217773,13.680000305175781,13.760000228881836,13.470000267028809,13.489999771118164,13812600
2012-07-30,9.554370880126953,13.489999771118164,13.65999984741211,13.329999923706055,13.529999732971191,9516300
2012-07-31,9.894333839416504,13.970000267028809,14.029999732971191,13.619999885559082,13.619999885559082,18347900
2012-08-01,9.830589294433594,13.880000114440918,13.949999809265137,13.470000267028809,13.880000114440918,24950500
2012-08-02,9.823509216308594,13.869999885559082,13.989999771118164,13.600000381469727,13.75,21545800
2012-08-03,10.043067932128906,14.180000305175781,14.199999809265137,13.989999771118164,14.109999656677246,10165300
2012-08-06,10.085562705993652,14.239999771118164,14.359999656677246,14.119999885559082,14.170000076293945,13239500
2012-08-07,10.03598690032959,14.170000076293945,14.350000381469727,14.149999618530273,14.210000038146973,11280600
2012-08-08,9.979323387145996,14.09000015258789,14.149999618530273,14.039999961853027,14.100000381469727,10068400
2012-08-09,10.149308204650879,14.329999923706055,14.470000267028809,14.15999984741211,14.15999984741211,8949000
2012-08-10,10.262628555297852,14.489999771118164,14.5,14.260000228881836,14.260000228881836,12526400
2012-08-13,10.135141372680664,14.3100004196167,14.5,14.239999771118164,14.399999618530273,8447200
2012-08-14,10.198883056640625,14.399999618530273,14.539999961853027,14.369999885559082,14.449999809265137,7096300
2012-08-15,10.213051795959473,14.420000076293945,14.539999961853027,14.279999732971191,14.279999732971191,6466100
2012-08-16,10.234299659729004,14.449999809265137,14.529999732971191,14.399999618530273,14.520000457763672,9423100
2012-08-17,10.198883056640625,14.399999618530273,14.430000305175781,14.329999923706055,14.34000015258789,8674200
2012-08-20,10.269709587097168,14.5,14.520000457763672,14.319999694824219,14.390000343322754,9385100
2012-08-21,10.375948905944824,14.649999618530273,14.770000457763672,14.550000190734863,14.579999923706055,14315400
2012-08-22,10.198883056640625,14.399999618530273,14.5600004196167,14.350000381469727,14.5,7536500
2012-08-23,10.149308204650879,14.329999923706055,14.489999771118164,14.25,14.449999809265137,7987500
2012-08-24,10.177634239196777,14.369999885559082,14.4399995803833,14.170000076293945,14.34000015258789,7707100
2012-08-27,10.18471908569336,14.380000114440918,14.479999542236328,14.289999961853027,14.449999809265137,6884900
2012-08-28,10.135141372680664,14.3100004196167,14.399999618530273,14.270000457763672,14.329999923706055,5735000
2012-08-29,10.163472175598145,14.350000381469727,14.40999984741211,14.239999771118164,14.289999961853027,5854000
2012-08-30,10.092647552490234,14.25,14.34000015258789,14.210000038146973,14.289999961853027,7696200
2012-08-31,10.411358833312988,14.699999809265137,14.720000267028809,14.350000381469727,14.40999984741211,11061400
2012-09-04,10.18471908569336,14.380000114440918,14.699999809265137,14.319999694824219,14.640000343322754,10616400
2012-09-05,10.043067932128906,14.180000305175781,14.350000381469727,14.149999618530273,14.270000457763672,9397900
2012-09-06,10.20596694946289,14.40999984741211,14.5,14.1899995803833,14.300000190734863,12516400
2012-09-07,10.276792526245117,14.510000228881836,14.640000343322754,14.420000076293945,14.460000038146973,7940500
2012-09-10,10.411358833312988,14.699999809265137,14.800000190734863,14.539999961853027,14.569999694824219,11787400
2012-09-11,10.567179679870605,14.920000076293945,15.0,14.720000267028809,14.729999542236328,9695100
2012-09-12,10.602588653564453,14.970000267028809,15.029999732971191,14.890000343322754,14.989999771118164,9029500
2012-09-13,10.645086288452148,15.029999732971191,15.0600004196167,14.720000267028809,14.949999809265137,11231800
2012-09-14,10.878808975219727,15.359999656677246,15.640000343322754,15.170000076293945,15.239999771118164,9997300
2012-09-17,10.616754531860352,14.989999771118164,15.260000228881836,14.989999771118164,15.25,7884100
2012-09-18,10.687582015991211,15.09000015258789,15.149999618530273,14.9399995803833,15.140000343322754,9924700
2012-09-19,10.652168273925781,15.039999961853027,15.170000076293945,14.979999542236328,15.119999885559082,8933500
2012-09-20,10.482186317443848,14.800000190734863,14.949999809265137,14.739999771118164,14.869999885559082,8822200
2012-09-21,10.482186317443848,14.800000190734863,15.039999961853027,14.800000190734863,15.010000228881836,9381100
2012-09-24,10.503435134887695,14.829999923706055,14.869999885559082,14.739999771118164,14.789999961853027,8883700
2012-09-25,10.482186317443848,14.800000190734863,14.949999809265137,14.75,14.869999885559082,13185500
2012-09-26,10.616754531860352,14.989999771118164,15.0,14.800000190734863,14.800000190734863,14680700
2012-09-27,11.048791885375977,15.600000381469727,15.619999885559082,15.15999984741211,15.15999984741211,22079700
2012-09-28,11.204607963562012,15.819999694824219,15.829999923706055,15.579999923706055,15.600000381469727,18294000
2012-10-01,11.26126766204834,15.899999618530273,15.9399995803833,15.699999809265137,15.729999542236328,19411300
2012-10-02,11.332096099853516,16.0,16.059999465942383,15.859999656677246,15.979999542236328,17701800
2012-10-03,11.367504119873047,16.049999237060547,16.049999237060547,15.819999694824219,16.040000915527344,13156700
2012-10-04,11.445416450500488,16.15999984741211,16.170000076293945,16.0,16.040000915527344,15213900
2012-10-05,11.381672859191895,16.06999969482422,16.309999465942383,16.030000686645508,16.15999984741211,10687600
2012-10-08,10.999214172363281,15.529999732971191,15.84000015258789,15.479999542236328,15.84000015258789,12827100
2012-10-09,10.878808975219727,15.359999656677246,15.449999809265137,15.239999771118164,15.430000305175781,9900400
2012-10-10,10.708829879760742,15.119999885559082,15.390000343322754,15.109999656677246,15.319999694824219,10169200
2012-10-11,10.645086288452148,15.029999732971191,15.239999771118164,15.0,15.1899995803833,8288900
2012-10-12,10.708829879760742,15.119999885559082,15.15999984741211,15.050000190734863,15.130000114440918,11019600
2012-10-15,10.829233169555664,15.289999961853027,15.369999885559082,15.149999618530273,15.1899995803833,13756900
2012-10-16,10.94255256652832,15.449999809265137,15.5,15.300000190734863,15.350000381469727,10332200
2012-10-17,11.048791885375977,15.600000381469727,15.649999618530273,15.319999694824219,15.390000343322754,11422800
2012-10-18,11.013378143310547,15.550000190734863,15.609999656677246,15.40999984741211,15.510000228881836,7576200
2012-10-19,10.779657363891602,15.220000267028809,15.380000114440918,15.15999984741211,15.289999961853027,14543200
2012-10-22,10.857564926147461,15.329999923706055,15.40999984741211,15.229999542236328,15.239999771118164,8037000
2012-10-23,10.779657363891602,15.220000267028809,15.3100004196167,15.069999694824219,15.079999923706055,8265300
2012-10-24,10.730076789855957,15.149999618530273,15.739999771118164,15.140000343322754,15.65999984741211,7975800
2012-10-25,10.892975807189941,15.380000114440918,15.5,15.220000267028809,15.399999618530273,10750400
2012-10-26,10.977965354919434,15.5,15.65999984741211,15.329999923706055,15.479999542236328,9848800
2012-10-31,11.26126766204834,15.899999618530273,16.0,15.6899995803833,15.930000305175781,8240100
2012-11-01,11.410001754760742,16.110000610351562,16.209999084472656,15.850000381469727,15.989999771118164,7898500
2012-11-02,11.169195175170898,15.770000457763672,16.170000076293945,15.75,16.170000076293945,6977400
2012-11-05,11.247101783752441,15.880000114440918,15.890000343322754,15.760000228881836,15.84000015258789,13086400
2012-11-06,11.473746299743652,16.200000762939453,16.280000686645508,15.880000114440918,15.890000343322754,8769700
2012-11-07,11.452497482299805,16.170000076293945,16.229999542236328,15.970000267028809,16.049999237060547,16034300
2012-11-08,11.424166679382324,16.1299991607666,16.309999465942383,16.1200008392334,16.200000762939453,9815600
2012-11-09,11.587067604064941,16.360000610351562,16.489999771118164,16.149999618530273,16.200000762939453,12006600
2012-11-12,11.650809288024902,16.450000762939453,16.59000015258789,16.420000076293945,16.479999542236328,9216100
2012-11-13,11.459578514099121,16.18000030517578,16.3799991607666,16.149999618530273,16.290000915527344,10552800
2012-11-14,11.275433540344238,15.920000076293945,16.299999237060547,15.859999656677246,16.25,12734000
2012-11-15,11.367504119873047,16.049999237060547,16.09000015258789,15.90999984741211,16.049999237060547,6853600
2012-11-16,11.466660499572754,16.190000534057617,16.270000457763672,15.899999618530273,16.09000015258789,10454800
2012-11-19,11.57290267944336,16.34000015258789,16.34000015258789,16.100000381469727,16.219999313354492,6442400
2012-11-20,11.50915813446045,16.25,16.280000686645508,16.040000915527344,16.200000762939453,5566500
2012-11-21,11.516240119934082,16.260000228881836,16.329999923706055,16.170000076293945,16.209999084472656,4410400
2012-11-23,11.927027702331543,16.84000015258789,16.969999313354492,16.75,16.799999237060547,9092900
2012-11-26,11.77121353149414,16.6200008392334,16.850000381469727,16.540000915527344,16.850000381469727,11667800
2012-11-27,11.919946670532227,16.829999923706055,16.940000534057617,16.75,16.8700008392334,12304300
2012-11-28,11.969524383544922,16.899999618530273,16.920000076293945,16.670000076293945,16.75,9950200
2012-11-29,12.13242244720459,17.1299991607666,17.200000762939453,16.979999542236328,17.0,7697000
2012-11-30,12.231578826904297,17.270000457763672,17.469999313354492,17.270000457763672,17.350000381469727,10360100
2012-12-03,12.09701156616211,17.079999923706055,17.329999923706055,17.059999465942383,17.270000457763672,5731000
2012-12-04,11.863283157348633,16.75,17.059999465942383,16.739999771118164,17.040000915527344,14163100
2012-12-05,12.012019157409668,16.959999084472656,17.110000610351562,16.8799991607666,16.950000762939453,11844700
2012-12-06,12.075764656066895,17.049999237060547,17.049999237060547,16.940000534057617,16.979999542236328,7265400
2012-12-07,12.061599731445312,17.030000686645508,17.34000015258789,17.0,17.260000228881836,12843700
2012-12-10,11.955357551574707,16.8799991607666,17.079999923706055,16.84000015258789,16.959999084472656,8013500
2012-12-11,12.174920082092285,17.190000534057617,17.260000228881836,17.110000610351562,17.139999389648438,10565100
2012-12-12,12.082845687866211,17.059999465942383,17.239999771118164,17.030000686645508,17.239999771118164,8601000
2012-12-13,12.118257522583008,17.110000610351562,17.3700008392334,17.049999237060547,17.209999084472656,11060000
2012-12-14,12.004939079284668,16.950000762939453,17.1299991607666,16.90999984741211,17.100000381469727,12329200
2012-12-17,11.997856140136719,16.940000534057617,16.989999771118164,16.829999923706055,16.920000076293945,10028800
2012-12-18,12.026185035705566,16.979999542236328,17.030000686645508,16.760000228881836,16.860000610351562,9133700
2012-12-19,12.104092597961426,17.09000015258789,17.200000762939453,16.989999771118164,17.020000457763672,6620600
2012-12-20,12.111175537109375,17.100000381469727,17.1299991607666,16.950000762939453,17.010000228881836,8313900
2012-12-21,12.004939079284668,16.950000762939453,17.020000457763672,16.68000030517578,16.75,8153700
2012-12-24,11.990772247314453,16.93000030517578,17.0,16.84000015258789,16.90999984741211,1533500
2012-12-26,11.983687400817871,16.920000076293945,17.06999969482422,16.90999984741211,16.950000762939453,3234800
2012-12-27,12.026185035705566,16.979999542236328,17.100000381469727,16.81999969482422,16.979999542236328,6257900
2012-12-28,12.13242244720459,17.1299991607666,17.200000762939453,16.84000015258789,16.860000610351562,6091600
2012-12-31,12.153668403625488,17.15999984741211,17.209999084472656,16.940000534057617,17.020000457763672,5631600
2013-01-02,12.819432258605957,18.100000381469727,18.1200008392334,17.700000762939453,17.760000228881836,10226100
2013-01-03,12.812349319458008,18.09000015258789,18.299999237060547,18.010000228881836,18.270000457763672,13148600
2013-01-04,12.720274925231934,17.959999084472656,18.1200008392334,17.920000076293945,18.100000381469727,7464200
2013-01-07,12.536130905151367,17.700000762939453,17.860000610351562,17.670000076293945,17.860000610351562,9429900
2013-01-08,12.422811508178711,17.540000915527344,17.719999313354492,17.5,17.709999084472656,8112900
2013-01-09,12.422811508178711,17.540000915527344,17.93000030517578,17.399999618530273,17.760000228881836,12977400
2013-01-10,12.876091957092285,18.18000030517578,18.219999313354492,17.690000534057617,17.809999465942383,15772200
2013-01-11,12.85484504699707,18.149999618530273,18.200000762939453,17.920000076293945,18.079999923706055,12556600
2013-01-14,12.755688667297363,18.010000228881836,18.200000762939453,17.899999618530273,18.15999984741211,8392500
2013-01-15,12.670698165893555,17.889999389648438,17.940000534057617,17.770000457763672,17.8799991607666,12064700
2013-01-16,12.606951713562012,17.799999237060547,17.850000381469727,17.75,17.760000228881836,8976600
2013-01-17,12.93275260925293,18.260000228881836,18.350000381469727,17.989999771118164,18.100000381469727,11372400
2013-01-18,12.847756385803223,18.139999389648438,18.209999084472656,17.989999771118164,18.209999084472656,12608400
2013-01-22,12.861928939819336,18.15999984741211,18.15999984741211,17.989999771118164,18.100000381469727,11338900
2013-01-23,12.939837455749512,18.270000457763672,18.309999465942383,18.1200008392334,18.149999618530273,9210500
2013-01-24,12.61403751373291,17.809999465942383,18.06999969482422,17.790000915527344,18.040000915527344,8766400
2013-01-25,12.571539878845215,17.75,17.790000915527344,17.56999969482422,17.75,9410300
2013-01-28,12.40864086151123,17.520000457763672,17.700000762939453,17.510000228881836,17.700000762939453,13755500
2013-01-29,12.578622817993164,17.760000228881836,17.8700008392334,17.670000076293945,17.770000457763672,10022400
2013-01-30,12.606951713562012,17.799999237060547,17.850000381469727,17.6200008392334,17.700000762939453,8748500
2013-01-31,12.564457893371582,17.739999771118164,17.8700008392334,17.729999542236328,17.790000915527344,10751300
2013-02-01,12.798186302185059,18.06999969482422,18.1299991607666,17.8700008392334,17.889999389648438,8979400
2013-02-04,12.677777290344238,17.899999618530273,18.1299991607666,17.8799991607666,18.010000228881836,5769800
2013-02-05,12.876091957092285,18.18000030517578,18.219999313354492,17.969999313354492,17.979999542236328,6314500
2013-02-06,12.776936531066895,18.040000915527344,18.280000686645508,17.989999771118164,18.239999771118164,5810300
2013-02-07,12.96108341217041,18.299999237060547,18.360000610351562,18.020000457763672,18.059999465942383,8194200
2013-02-08,13.067325592041016,18.450000762939453,18.479999542236328,18.219999313354492,18.229999542236328,9341100
2013-02-11,13.088568687438965,18.479999542236328,18.56999969482422,18.389999389648438,18.440000534057617,4804300
2013-02-12,13.102734565734863,18.5,18.530000686645508,18.34000015258789,18.399999618530273,4868400
2013-02-13,13.03899097442627,18.40999984741211,18.549999237060547,18.350000381469727,18.520000457763672,6487300
2013-02-14,13.152308464050293,18.56999969482422,18.579999923706055,18.3700008392334,18.43000030517578,5087900
2013-02-15,13.123982429504395,18.530000686645508,18.600000381469727,18.489999771118164,18.549999237060547,5266400
2013-02-19,13.563100814819336,19.149999618530273,19.15999984741211,18.6200008392334,18.65999984741211,11089400
2013-02-20,13.378952026367188,18.889999389648438,19.25,18.860000610351562,19.190000534057617,9250100
2013-02-21,13.237303733825684,18.690000534057617,18.90999984741211,18.6299991607666,18.84000015258789,7048100
2013-02-22,13.386038780212402,18.899999618530273,19.0,18.65999984741211,18.670000076293945,8572300
2013-02-25,12.925671577453613,18.25,18.809999465942383,18.25,18.770000457763672,11474200
2013-02-26,12.61403751373291,17.809999465942383,18.06999969482422,17.690000534057617,18.059999465942383,18927900
2013-02-27,12.876091957092285,18.18000030517578,18.3700008392334,17.989999771118164,18.0,15507300
2013-02-28,12.925671577453613,18.25,18.5,18.1200008392334,18.309999465942383,9086700
2013-03-01,12.925671577453613,18.25,18.350000381469727,18.06999969482422,18.170000076293945,8703200
2013-03-04,12.847756385803223,18.139999389648438,18.170000076293945,17.8799991607666,17.889999389648438,10449900
2013-03-05,12.982332229614258,18.329999923706055,18.40999984741211,18.260000228881836,18.399999618530273,8628300
2013-03-06,12.833596229553223,18.1200008392334,18.43000030517578,18.079999923706055,18.290000915527344,9243600
2013-03-07,12.784019470214844,18.049999237060547,18.25,17.979999542236328,18.170000076293945,12116900
2013-03-08,12.68486499786377,17.90999984741211,18.190000534057617,17.790000915527344,18.170000076293945,9194700
2013-03-11,12.55029582977295,17.719999313354492,17.8799991607666,17.700000762939453,17.8700008392334,8261800
2013-03-12,12.557378768920898,17.729999542236328,17.899999618530273,17.700000762939453,17.799999237060547,6289800
2013-03-13,12.748600006103516,18.0,18.049999237060547,17.899999618530273,18.010000228881836,9987400
2013-03-14,12.784019470214844,18.049999237060547,18.149999618530273,17.860000610351562,18.049999237060547,7771400
2013-03-15,12.493630409240723,17.639999389648438,17.90999984741211,17.610000610351562,17.8700008392334,13988800
2013-03-18,12.210331916809082,17.239999771118164,17.450000762939453,17.200000762939453,17.450000762939453,13773100
2013-03-19,12.09701156616211,17.079999923706055,17.239999771118164,17.0,17.209999084472656,12270900
2013-03-20,12.217413902282715,17.25,17.329999923706055,17.100000381469727,17.139999389648438,10920000
2013-03-21,11.96243953704834,16.889999389648438,17.110000610351562,16.8700008392334,17.110000610351562,8847800
2013-03-22,12.089925765991211,17.06999969482422,17.09000015258789,16.8799991607666,16.90999984741211,5857700
2013-03-25,12.004939079284668,16.950000762939453,17.209999084472656,16.93000030517578,17.149999618530273,8533300
2013-03-26,12.089925765991211,17.06999969482422,17.110000610351562,16.950000762939453,16.989999771118164,8555300
2013-03-27,12.160755157470703,17.170000076293945,17.260000228881836,16.969999313354492,17.010000228881836,10581000
2013-03-28,12.174920082092285,17.190000534057617,17.209999084472656,17.030000686645508,17.110000610351562,11994500
2013-04-01,12.09701156616211,17.079999923706055,17.270000457763672,17.030000686645508,17.209999084472656,10849200
2013-04-02,12.118257522583008,17.110000610351562,17.229999542236328,17.06999969482422,17.1299991607666,10203600
2013-04-03,11.856204986572266,16.739999771118164,17.1200008392334,16.649999618530273,17.09000015258789,15742400
2013-04-04,11.919946670532227,16.829999923706055,16.84000015258789,16.649999618530273,16.729999542236328,11240200
2013-04-05,11.849119186401367,16.729999542236328,16.780000686645508,16.479999542236328,16.549999237060547,11192000
2013-04-08,11.927027702331543,16.84000015258789,16.860000610351562,16.559999465942383,16.610000610351562,9706100
2013-04-09,12.004939079284668,16.950000762939453,17.06999969482422,16.670000076293945,16.670000076293945,10358700
2013-04-10,12.174920082092285,17.190000534057617,17.25,16.959999084472656,17.049999237060547,12085500
2013-04-11,12.28115463256836,17.34000015258789,17.520000457763672,17.209999084472656,17.34000015258789,8494300
2013-04-12,12.259906768798828,17.309999465942383,17.3700008392334,17.100000381469727,17.239999771118164,7375800
2013-04-15,11.96243953704834,16.889999389648438,17.170000076293945,16.8799991607666,17.020000457763672,9138100
2013-04-16,12.210331916809082,17.239999771118164,17.290000915527344,17.1200008392334,17.139999389648438,9856000
2013-04-17,12.09701156616211,17.079999923706055,17.170000076293945,16.989999771118164,17.100000381469727,21226100
2013-04-18,12.706107139587402,17.940000534057617,18.329999923706055,17.889999389648438,18.139999389648438,24337500
2013-04-19,13.315211296081543,18.799999237060547,18.979999542236328,18.549999237060547,18.610000610351562,21119200
2013-04-22,13.102734565734863,18.5,18.770000457763672,18.350000381469727,18.6299991607666,20376200
2013-04-23,12.946914672851562,18.280000686645508,18.510000228881836,18.1299991607666,18.34000015258789,21663000
2013-04-24,13.0602388381958,18.440000534057617,18.530000686645508,18.209999084472656,18.239999771118164,10201900
2013-04-25,13.237303733825684,18.690000534057617,18.690000534057617,18.469999313354492,18.5,15245700
2013-04-26,13.123982429504395,18.530000686645508,18.809999465942383,18.489999771118164,18.700000762939453,7028200
2013-04-29,13.336455345153809,18.829999923706055,18.860000610351562,18.6200008392334,18.639999389648438,7825300
2013-04-30,13.513524055480957,19.079999923706055,19.209999084472656,18.81999969482422,18.860000610351562,12088600
2013-05-01,13.53476619720459,19.110000610351562,19.170000076293945,19.030000686645508,19.110000610351562,8604300
2013-05-02,13.832243919372559,19.530000686645508,19.540000915527344,19.1299991607666,19.1299991607666,11268200
2013-05-03,13.747244834899902,19.40999984741211,19.579999923706055,19.399999618530273,19.399999618530273,9254600
2013-05-06,13.846399307250977,19.549999237060547,19.6299991607666,19.479999542236328,19.489999771118164,5661100
2013-05-07,13.789738655090332,19.469999313354492,19.6200008392334,19.3700008392334,19.6200008392334,8522800
2013-05-08,14.313850402832031,20.209999084472656,20.280000686645508,19.719999313354492,19.799999237060547,14032800
2013-05-09,14.313850402832031,20.209999084472656,20.299999237060547,20.100000381469727,20.1200008392334,8912600
2013-05-10,14.28551959991455,20.170000076293945,20.18000030517578,20.0,20.100000381469727,7955300
2013-05-13,14.115540504455566,19.93000030517578,20.100000381469727,19.920000076293945,20.09000015258789,6519800
2013-05-14,14.087209701538086,19.889999389648438,20.049999237060547,19.860000610351562,19.969999313354492,8539100
2013-05-15,14.02346420288086,19.799999237060547,19.8700008392334,19.760000228881836,19.850000381469727,9222200
2013-05-16,13.775578498840332,19.450000762939453,19.649999618530273,19.450000762939453,19.600000381469727,10411800
2013-05-17,13.818072319030762,19.510000228881836,19.6200008392334,19.43000030517578,19.6200008392334,10542300
2013-05-20,13.718915939331055,19.3700008392334,19.670000076293945,19.34000015258789,19.65999984741211,8361000
2013-05-21,13.619757652282715,19.229999542236328,19.530000686645508,19.18000030517578,19.3799991607666,12950200
2013-05-22,13.378952026367188,18.889999389648438,19.270000457763672,18.829999923706055,19.200000762939453,12530800
2013-05-23,13.279794692993164,18.75,18.84000015258789,18.399999618530273,18.549999237060547,11028900
2013-05-24,13.357704162597656,18.860000610351562,18.8700008392334,18.649999618530273,18.75,5303600
2013-05-28,13.492273330688477,19.049999237060547,19.219999313354492,18.989999771118164,19.110000610351562,9106200
2013-05-29,13.626847267150879,19.239999771118164,19.299999237060547,19.020000457763672,19.020000457763672,13092900
2013-05-30,13.4356107711792,18.969999313354492,19.190000534057617,18.959999084472656,19.18000030517578,8189600
2013-05-31,13.216057777404785,18.65999984741211,18.920000076293945,18.6299991607666,18.920000076293945,5732400
2013-06-03,13.251465797424316,18.709999084472656,18.729999542236328,18.59000015258789,18.6299991607666,7736400
2013-06-04,13.4143648147583,18.940000534057617,19.030000686645508,18.690000534057617,18.700000762939453,10672000
2013-06-05,13.216057777404785,18.65999984741211,18.969999313354492,18.6200008392334,18.950000762939453,6480800
2013-06-06,13.17356014251709,18.600000381469727,18.739999771118164,18.5,18.649999618530273,6501100
2013-06-07,13.237303733825684,18.690000534057617,18.850000381469727,18.649999618530273,18.81999969482422,9081200
2013-06-10,13.322295188903809,18.809999465942383,18.940000534057617,18.649999618530273,18.719999313354492,7479600
2013-06-11,13.116899490356445,18.520000457763672,18.75,18.5,18.639999389648438,6397300
2013-06-12,13.003576278686523,18.360000610351562,18.719999313354492,18.290000915527344,18.639999389648438,8052500
2013-06-13,12.939837455749512,18.270000457763672,18.309999465942383,17.989999771118164,18.170000076293945,10935400
2013-06-14,12.741522789001465,17.989999771118164,18.329999923706055,17.899999618530273,18.270000457763672,12849000
2013-06-17,12.833596229553223,18.1200008392334,18.3700008392334,18.030000686645508,18.219999313354492,9447900
2013-06-18,13.05315113067627,18.43000030517578,18.440000534057617,18.1200008392334,18.239999771118164,5406300
2013-06-19,12.741522789001465,17.989999771118164,18.459999084472656,17.989999771118164,18.299999237060547,8924900
2013-06-20,12.330734252929688,17.40999984741211,17.700000762939453,17.360000610351562,17.68000030517578,12639600
2013-06-21,12.167837142944336,17.18000030517578,17.610000610351562,17.149999618530273,17.600000381469727,23104500
2013-06-24,11.990772247314453,16.93000030517578,17.06999969482422,16.610000610351562,16.780000686645508,13192700
2013-06-25,12.415725708007812,17.530000686645508,17.56999969482422,17.139999389648438,17.190000534057617,11598600
2013-06-26,12.493630409240723,17.639999389648438,17.709999084472656,17.489999771118164,17.549999237060547,9187600
2013-06-27,12.699028968811035,17.93000030517578,18.1200008392334,17.81999969482422,17.889999389648438,12208300
2013-06-28,12.975247383117676,18.31999969482422,18.40999984741211,18.200000762939453,18.299999237060547,12464500
2013-07-01,13.067325592041016,18.450000762939453,18.670000076293945,18.420000076293945,18.600000381469727,11763500
2013-07-02,13.102734565734863,18.5,18.850000381469727,18.479999542236328,18.649999618530273,12477200
2013-07-03,13.191551208496094,18.1200008392334,18.15999984741211,17.93000030517578,18.020000457763672,6647800
2013-07-05,13.257072448730469,18.209999084472656,18.540000915527344,18.15999984741211,18.479999542236328,13475100
2013-07-08,12.812986373901367,17.600000381469727,17.920000076293945,17.56999969482422,17.8700008392334,12284200
2013-07-09,12.987707138061523,17.84000015258789,18.020000457763672,17.809999465942383,17.860000610351562,9364200
2013-07-10,12.987707138061523,17.84000015258789,18.110000610351562,17.809999465942383,17.969999313354492,8103100
2013-07-11,13.49731159210205,18.540000915527344,18.65999984741211,18.469999313354492,18.5,13715600
2013-07-12,13.424514770507812,18.440000534057617,18.639999389648438,18.309999465942383,18.579999923706055,8718400
2013-07-15,13.395392417907715,18.399999618530273,18.489999771118164,18.309999465942383,18.34000015258789,6033700
2013-07-16,13.417230606079102,18.43000030517578,18.450000762939453,18.239999771118164,18.239999771118164,5607100
2013-07-17,13.431798934936523,18.450000762939453,18.639999389648438,18.389999389648438,18.43000030517578,12115500
2013-07-18,12.237855911254883,16.809999465942383,17.559999465942383,16.739999771118164,17.530000686645508,43566600
2013-07-19,12.00489330291748,16.489999771118164,16.520000457763672,15.890000343322754,16.420000076293945,24303600
2013-07-22,12.099535942077637,16.6200008392334,16.649999618530273,16.440000534057617,16.520000457763672,18796700
2013-07-23,12.186898231506348,16.739999771118164,17.020000457763672,16.700000762939453,16.969999313354492,14272700
2013-07-24,12.390740394592285,17.020000457763672,17.219999313354492,16.959999084472656,17.06999969482422,17278700
2013-07-25,12.507222175598145,17.18000030517578,17.190000534057617,17.06999969482422,17.100000381469727,12460600
2013-07-26,12.303376197814941,16.899999618530273,17.139999389648438,16.799999237060547,17.110000610351562,14971300
2013-07-29,12.157774925231934,16.700000762939453,16.860000610351562,16.68000030517578,16.850000381469727,5983600
2013-07-30,12.354337692260742,16.969999313354492,17.1299991607666,16.889999389648438,17.020000457763672,8600400
2013-07-31,12.361618041992188,16.979999542236328,17.110000610351562,16.969999313354492,17.059999465942383,10546900
2013-08-01,12.558182716369629,17.25,17.270000457763672,16.959999084472656,17.040000915527344,15090600
2013-08-02,12.230578422546387,16.799999237060547,17.049999237060547,16.760000228881836,17.049999237060547,11401700
2013-08-05,12.245137214660645,16.81999969482422,16.860000610351562,16.610000610351562,16.739999771118164,7301600
2013-08-06,12.0776948928833,16.59000015258789,16.809999465942383,16.56999969482422,16.65999984741211,13470400
2013-08-07,11.771931648254395,16.170000076293945,16.399999618530273,16.110000610351562,16.399999618530273,17069600
2013-08-08,11.808331489562988,16.219999313354492,16.270000457763672,16.09000015258789,16.260000228881836,10922600
2013-08-09,11.801050186157227,16.209999084472656,16.270000457763672,16.1299991607666,16.149999618530273,10587800
2013-08-12,11.68456745147705,16.049999237060547,16.229999542236328,15.970000267028809,16.170000076293945,14971700
2013-08-13,11.844730377197266,16.270000457763672,16.360000610351562,16.110000610351562,16.270000457763672,16817700
2013-08-14,11.691850662231445,16.059999465942383,16.299999237060547,16.059999465942383,16.290000915527344,7870800
2013-08-15,11.648170471191406,16.0,16.09000015258789,15.880000114440918,15.949999809265137,10792600
2013-08-16,11.62632942199707,15.970000267028809,16.209999084472656,15.970000267028809,16.110000610351562,10987100
2013-08-19,11.509848594665527,15.8100004196167,16.030000686645508,15.8100004196167,16.0,6690600
2013-08-20,11.524406433105469,15.829999923706055,15.979999542236328,15.8100004196167,15.850000381469727,10514800
2013-08-21,11.466163635253906,15.75,15.920000076293945,15.699999809265137,15.770000457763672,10358700
2013-08-22,11.691850662231445,16.059999465942383,16.1200008392334,15.869999885559082,15.880000114440918,8432900
2013-08-23,11.808331489562988,16.219999313354492,16.290000915527344,16.139999389648438,16.190000534057617,7465700
2013-08-26,11.837450981140137,16.260000228881836,16.420000076293945,16.15999984741211,16.18000030517578,7273500
2013-08-27,11.633607864379883,15.979999542236328,16.15999984741211,15.9399995803833,16.06999969482422,8530100
2013-08-28,11.837450981140137,16.260000228881836,16.299999237060547,16.1299991607666,16.170000076293945,6967400
2013-08-29,12.13593578338623,16.670000076293945,16.75,16.459999084472656,16.459999084472656,9963200
2013-08-30,12.055856704711914,16.559999465942383,17.100000381469727,16.510000228881836,16.790000915527344,11490100
2013-09-03,12.303376197814941,16.899999618530273,17.229999542236328,16.81999969482422,17.059999465942383,11182100
2013-09-04,12.274259567260742,16.860000610351562,17.0,16.75,17.0,13726500
2013-09-05,12.507222175598145,17.18000030517578,17.260000228881836,16.950000762939453,16.959999084472656,7738300
2013-09-06,12.38346004486084,17.010000228881836,17.290000915527344,17.0,17.229999542236328,6338000
2013-09-09,12.59458065032959,17.299999237060547,17.34000015258789,17.09000015258789,17.110000610351562,9635300
2013-09-10,12.725625991821289,17.479999542236328,17.540000915527344,17.34000015258789,17.540000915527344,12162900
2013-09-11,12.69650650024414,17.440000534057617,17.520000457763672,17.399999618530273,17.450000762939453,7063000
2013-09-12,12.580020904541016,17.280000686645508,17.479999542236328,17.219999313354492,17.389999389648438,5454000
2013-09-13,12.616424560546875,17.329999923706055,17.34000015258789,17.219999313354492,17.260000228881836,4095700
2013-09-16,12.827547073364258,17.6200008392334,17.760000228881836,17.600000381469727,17.649999618530273,7962200
2013-09-17,12.871227264404297,17.68000030517578,17.81999969482422,17.6200008392334,17.799999237060547,5369100
2013-09-18,12.820262908935547,17.610000610351562,17.770000457763672,17.350000381469727,17.479999542236328,14262300
2013-09-19,12.812986373901367,17.600000381469727,17.739999771118164,17.579999923706055,17.68000030517578,8842600
2013-09-20,12.601861000061035,17.309999465942383,17.610000610351562,17.299999237060547,17.540000915527344,10964700
2013-09-23,12.849387168884277,17.649999618530273,17.75,17.530000686645508,17.719999313354492,10653800
2013-09-24,12.783860206604004,17.559999465942383,17.690000534057617,17.459999084472656,17.639999389648438,9132700
2013-09-25,12.609143257141113,17.31999969482422,17.469999313354492,17.25,17.43000030517578,8526900
2013-09-26,12.609143257141113,17.31999969482422,17.329999923706055,17.149999618530273,17.270000457763672,4675400
2013-09-27,12.427135467529297,17.06999969482422,17.260000228881836,17.030000686645508,17.25,7682900
2013-09-30,12.347058296203613,16.959999084472656,17.1200008392334,16.739999771118164,16.8700008392334,10700100
2013-10-01,12.681941032409668,17.420000076293945,17.43000030517578,17.09000015258789,17.100000381469727,9771900
2013-10-02,12.718344688415527,17.469999313354492,17.489999771118164,17.200000762939453,17.399999618530273,7562800
2013-10-03,12.885787963867188,17.700000762939453,17.850000381469727,17.520000457763672,17.770000457763672,10645800
2013-10-04,12.871227264404297,17.68000030517578,17.75,17.549999237060547,17.600000381469727,4444200
2013-10-07,12.827547073364258,17.6200008392334,17.760000228881836,17.479999542236328,17.600000381469727,6451300
2013-10-08,12.711061477661133,17.459999084472656,17.969999313354492,17.450000762939453,17.81999969482422,10981400
2013-10-09,12.565460205078125,17.260000228881836,17.670000076293945,17.149999618530273,17.649999618530273,16482600
2013-10-10,12.863948822021484,17.670000076293945,17.670000076293945,17.420000076293945,17.43000030517578,10695500
2013-10-11,13.16971206665039,18.09000015258789,18.1200008392334,17.829999923706055,17.899999618530273,11789100
2013-10-14,13.111471176147461,18.010000228881836,18.040000915527344,17.850000381469727,17.90999984741211,6662100
2013-10-15,13.21339225769043,18.149999618530273,18.229999542236328,17.969999313354492,18.0,11212900
2013-10-16,13.30803108215332,18.280000686645508,18.299999237060547,18.139999389648438,18.170000076293945,15598100
2013-10-17,13.577397346496582,18.649999618530273,18.709999084472656,18.18000030517578,18.25,11722200
2013-10-18,13.89044189453125,19.079999923706055,19.15999984741211,18.700000762939453,18.75,18201700
2013-10-21,13.817642211914062,18.979999542236328,19.010000228881836,18.8700008392334,18.950000762939453,9149900
2013-10-22,13.94868278503418,19.15999984741211,19.25,19.020000457763672,19.059999465942383,9070100
2013-10-23,13.628355026245117,18.719999313354492,19.0,18.690000534057617,18.979999542236328,7310500
2013-10-24,13.599238395690918,18.68000030517578,18.829999923706055,18.579999923706055,18.799999237060547,10937800
2013-10-25,13.446355819702148,18.469999313354492,18.510000228881836,18.290000915527344,18.3799991607666,11326500
2013-10-28,13.548273086547852,18.610000610351562,18.700000762939453,18.549999237060547,18.59000015258789,4698300
2013-10-29,13.664755821228027,18.770000457763672,18.790000915527344,18.59000015258789,18.690000534057617,6290000
2013-10-30,13.526434898376465,18.579999923706055,18.90999984741211,18.479999542236328,18.75,6733800
2013-10-31,13.40267562866211,18.40999984741211,18.670000076293945,18.350000381469727,18.59000015258789,11222600
2013-11-01,13.446355819702148,18.469999313354492,18.6299991607666,18.399999618530273,18.530000686645508,6402000
2013-11-04,13.351710319519043,18.34000015258789,18.549999237060547,18.260000228881836,18.5,8109000
2013-11-05,13.162431716918945,18.079999923706055,18.170000076293945,18.040000915527344,18.1299991607666,9365500
2013-11-06,13.300753593444824,18.270000457763672,18.309999465942383,18.030000686645508,18.079999923706055,9934100
2013-11-07,13.198831558227539,18.1299991607666,18.350000381469727,18.100000381469727,18.34000015258789,10357600
2013-11-08,13.111471176147461,18.010000228881836,18.040000915527344,17.8700008392334,18.0,8990200
2013-11-11,12.90762996673584,17.729999542236328,17.850000381469727,17.709999084472656,17.84000015258789,6615000
2013-11-12,12.965868949890137,17.809999465942383,17.809999465942383,17.610000610351562,17.65999984741211,8571600
2013-11-13,12.820262908935547,17.610000610351562,17.75,17.360000610351562,17.5,12877300
2013-11-14,12.740181922912598,17.5,17.649999618530273,17.479999542236328,17.610000610351562,10754400
2013-11-15,12.85666561126709,17.65999984741211,17.770000457763672,17.540000915527344,17.6299991607666,12669700
2013-11-18,12.885787963867188,17.700000762939453,17.8799991607666,17.670000076293945,17.719999313354492,10210200
2013-11-19,12.791144371032715,17.56999969482422,17.850000381469727,17.549999237060547,17.84000015258789,8452000
2013-11-20,12.776581764221191,17.549999237060547,17.68000030517578,17.43000030517578,17.479999542236328,10457400
2013-11-21,12.390740394592285,17.020000457763672,17.350000381469727,16.860000610351562,17.31999969482422,19212800
2013-11-22,12.470818519592285,17.1299991607666,17.190000534057617,16.93000030517578,16.989999771118164,15826400
2013-11-25,12.499942779541016,17.170000076293945,17.25,17.1299991607666,17.18000030517578,9930300
2013-11-26,12.711061477661133,17.459999084472656,17.549999237060547,17.350000381469727,17.450000762939453,14337100
2013-11-27,12.798426628112793,17.579999923706055,17.719999313354492,17.510000228881836,17.65999984741211,13181100
2013-11-29,12.90762996673584,17.729999542236328,17.790000915527344,17.65999984741211,17.700000762939453,3991200
2013-12-02,12.667383193969727,17.399999618530273,17.75,17.360000610351562,17.690000534057617,12010000
2013-12-03,12.762024879455566,17.530000686645508,17.700000762939453,17.43000030517578,17.440000534057617,10074800
2013-12-04,12.769308090209961,17.540000915527344,17.649999618530273,17.450000762939453,17.469999313354492,6448500
2013-12-05,12.667383193969727,17.399999618530273,17.56999969482422,17.389999389648438,17.510000228881836,9852400
2013-12-06,12.827547073364258,17.6200008392334,17.639999389648438,17.5,17.520000457763672,6875100
2013-12-09,12.791144371032715,17.56999969482422,17.719999313354492,17.469999313354492,17.700000762939453,9100100
2013-12-10,12.64554500579834,17.3700008392334,17.489999771118164,17.31999969482422,17.440000534057617,9872100
2013-12-11,12.725625991821289,17.479999542236328,17.649999618530273,17.43000030517578,17.600000381469727,7899600
2013-12-12,12.463537216186523,17.1200008392334,17.479999542236328,17.09000015258789,17.440000534057617,10866900
2013-12-13,12.43442153930664,17.079999923706055,17.270000457763672,17.020000457763672,17.239999771118164,10409400
2013-12-16,12.456259727478027,17.110000610351562,17.239999771118164,17.100000381469727,17.110000610351562,7179800
2013-12-17,12.43442153930664,17.079999923706055,17.299999237060547,17.06999969482422,17.290000915527344,24563300
2013-12-18,12.376178741455078,17.0,17.049999237060547,16.68000030517578,17.010000228881836,16981600
2013-12-19,12.412580490112305,17.049999237060547,17.09000015258789,16.899999618530273,16.969999313354492,8418300
2013-12-20,12.368896484375,16.989999771118164,17.139999389648438,16.8700008392334,16.93000030517578,7594000
2013-12-23,12.478105545043945,17.139999389648438,17.25,17.059999465942383,17.1299991607666,7667100
2013-12-24,12.514501571655273,17.190000534057617,17.219999313354492,17.079999923706055,17.149999618530273,2766700
2013-12-26,12.507222175598145,17.18000030517578,17.34000015258789,17.100000381469727,17.260000228881836,2839300
2013-12-27,12.565460205078125,17.260000228881836,17.280000686645508,17.170000076293945,17.219999313354492,4619200
2013-12-30,12.798426628112793,17.579999923706055,17.6200008392334,17.40999984741211,17.40999984741211,7808000
2013-12-31,12.69650650024414,17.440000534057617,17.559999465942383,17.389999389648438,17.469999313354492,7647200
2014-01-02,12.485383033752441,17.149999618530273,17.399999618530273,17.110000610351562,17.389999389648438,6029100
2014-01-03,12.339780807495117,16.950000762939453,17.15999984741211,16.920000076293945,17.079999923706055,11362700
2014-01-06,12.303376197814941,16.899999618530273,17.020000457763672,16.860000610351562,16.989999771118164,10370200
2014-01-07,12.310657501220703,16.90999984741211,16.979999542236328,16.829999923706055,16.899999618530273,13083100
2014-01-08,12.44170093536377,17.09000015258789,17.15999984741211,17.049999237060547,17.059999465942383,13428900
2014-01-09,12.201456069946289,16.760000228881836,16.989999771118164,16.65999984741211,16.969999313354492,9422200
2014-01-10,12.303376197814941,16.899999618530273,17.010000228881836,16.81999969482422,16.84000015258789,11148000
2014-01-13,12.310657501220703,16.90999984741211,17.139999389648438,16.899999618530273,17.010000228881836,10286100
2014-01-14,12.652825355529785,17.3799991607666,17.389999389648438,17.040000915527344,17.059999465942383,13334500
2014-01-15,12.783860206604004,17.559999465942383,17.700000762939453,17.43000030517578,17.479999542236328,15510900
2014-01-16,13.21339225769043,18.149999618530273,18.18000030517578,17.889999389648438,17.90999984741211,21768200
2014-01-17,12.936746597290039,17.770000457763672,17.969999313354492,17.700000762939453,17.969999313354492,14574800
2014-01-21,12.878506660461426,17.690000534057617,17.829999923706055,17.6200008392334,17.770000457763672,8371500
2014-01-22,13.075069427490234,17.959999084472656,17.979999542236328,17.719999313354492,17.770000457763672,12870700
2014-01-23,12.885787963867188,17.700000762939453,17.940000534057617,17.610000610351562,17.799999237060547,8872200
2014-01-24,12.791144371032715,17.56999969482422,17.770000457763672,17.510000228881836,17.719999313354492,12403200
2014-01-27,12.485383033752441,17.149999618530273,17.31999969482422,17.020000457763672,17.309999465942383,11006600
2014-01-28,12.492660522460938,17.15999984741211,17.260000228881836,17.049999237060547,17.190000534057617,7525700
2014-01-29,12.38346004486084,17.010000228881836,17.239999771118164,16.979999542236328,17.1200008392334,9378900
2014-01-30,12.478105545043945,17.139999389648438,17.260000228881836,17.100000381469727,17.1200008392334,7230000
2014-01-31,12.317936897277832,16.920000076293945,17.1200008392334,16.8700008392334,17.0,13590600
2014-02-03,12.20873737335205,16.770000457763672,17.110000610351562,16.68000030517578,17.020000457763672,14171700
2014-02-04,12.186898231506348,16.739999771118164,16.8700008392334,16.700000762939453,16.770000457763672,12321900
2014-02-05,11.983053207397461,16.459999084472656,16.670000076293945,16.440000534057617,16.6200008392334,14334100
2014-02-06,12.368896484375,16.989999771118164,16.989999771118164,16.700000762939453,16.700000762939453,10142700
2014-02-07,12.492660522460938,17.15999984741211,17.270000457763672,17.079999923706055,17.110000610351562,9430700
2014-02-10,12.565460205078125,17.260000228881836,17.31999969482422,17.100000381469727,17.139999389648438,8003300
2014-02-11,12.660103797912598,17.389999389648438,17.450000762939453,17.190000534057617,17.299999237060547,9631800
2014-02-12,12.652825355529785,17.3799991607666,17.5,17.31999969482422,17.459999084472656,6962800
2014-02-13,12.703781127929688,17.450000762939453,17.520000457763672,17.25,17.25,6564600
2014-02-14,13.02410888671875,17.889999389648438,17.959999084472656,17.600000381469727,17.610000610351562,11269900
2014-02-18,12.951306343078613,17.790000915527344,17.940000534057617,17.68000030517578,17.90999984741211,6412700
2014-02-19,12.929465293884277,17.760000228881836,17.8799991607666,17.610000610351562,17.729999542236328,8702500
2014-02-20,12.878506660461426,17.690000534057617,17.770000457763672,17.459999084472656,17.600000381469727,11836500
2014-02-21,12.914905548095703,17.739999771118164,17.8700008392334,17.690000534057617,17.809999465942383,6013200
2014-02-24,12.878506660461426,17.690000534057617,17.790000915527344,17.649999618530273,17.709999084472656,5499200
2014-02-25,12.827547073364258,17.6200008392334,17.719999313354492,17.59000015258789,17.639999389648438,5944700
2014-02-26,12.98043155670166,17.829999923706055,17.8700008392334,17.6200008392334,17.639999389648438,9376100
2014-02-27,13.111471176147461,18.010000228881836,18.010000228881836,17.790000915527344,17.809999465942383,8659800
2014-02-28,13.155153274536133,18.06999969482422,18.149999618530273,17.979999542236328,18.020000457763672,11279600
2014-03-03,13.126031875610352,18.030000686645508,18.079999923706055,17.770000457763672,17.860000610351562,18168800
2014-03-04,13.13331127166748,18.040000915527344,18.1299991607666,18.010000228881836,18.059999465942383,12548700
2014-03-05,13.388113021850586,18.389999389648438,18.420000076293945,18.260000228881836,18.329999923706055,9863100
2014-03-06,13.737557411193848,18.8700008392334,18.889999389648438,18.670000076293945,18.739999771118164,14240300
2014-03-07,13.664755821228027,18.770000457763672,19.020000457763672,18.690000534057617,19.010000228881836,14153200
2014-03-10,13.803080558776855,18.959999084472656,18.959999084472656,18.670000076293945,18.700000762939453,10652100
2014-03-11,13.664755821228027,18.770000457763672,18.959999084472656,18.690000534057617,18.920000076293945,8748200
2014-03-12,14.145246505737305,19.43000030517578,19.489999771118164,18.770000457763672,18.770000457763672,21260500
2014-03-13,14.028766632080078,19.270000457763672,19.520000457763672,19.18000030517578,19.420000076293945,18414700
2014-03-14,13.75940227508545,18.899999618530273,19.290000915527344,18.889999389648438,19.139999389648438,13077400
2014-03-17,13.912278175354004,19.110000610351562,19.15999984741211,18.950000762939453,19.040000915527344,10786300
2014-03-18,13.963244438171387,19.18000030517578,19.200000762939453,19.040000915527344,19.079999923706055,11987400
2014-03-19,13.744841575622559,18.8799991607666,19.100000381469727,18.770000457763672,19.079999923706055,10596800
2014-03-20,13.72299861907959,18.850000381469727,18.850000381469727,18.469999313354492,18.549999237060547,13124200
2014-03-21,13.490036964416504,18.530000686645508,18.850000381469727,18.420000076293945,18.780000686645508,12885000
2014-03-24,13.57011890411377,18.639999389648438,18.670000076293945,18.399999618530273,18.610000610351562,7898200
2014-03-25,13.919561386108398,19.1200008392334,19.18000030517578,18.790000915527344,18.790000915527344,17129500
2014-03-26,13.897725105285645,19.09000015258789,19.34000015258789,19.079999923706055,19.260000228881836,10597800
2014-03-27,14.13796329498291,19.420000076293945,19.5,19.0,19.0,14222200
2014-03-28,14.298125267028809,19.639999389648438,19.899999618530273,19.450000762939453,19.450000762939453,11246400
2014-03-31,14.574775695800781,20.020000457763672,20.040000915527344,19.729999542236328,19.739999771118164,14482300
2014-04-01,14.793173789978027,20.31999969482422,20.360000610351562,20.059999465942383,20.06999969482422,16133600
2014-04-02,14.589333534240723,20.040000915527344,20.350000381469727,19.989999771118164,20.299999237060547,14875200
2014-04-03,14.516532897949219,19.940000534057617,20.09000015258789,19.799999237060547,19.959999084472656,14904400
2014-04-04,14.392768859863281,19.770000457763672,20.190000534057617,19.729999542236328,20.030000686645508,14585200
2014-04-07,14.370926856994629,19.739999771118164,19.809999465942383,19.610000610351562,19.649999618530273,9693500
2014-04-08,14.54565143585205,19.979999542236328,19.979999542236328,19.790000915527344,19.889999389648438,9181600
2014-04-09,14.669408798217773,20.149999618530273,20.209999084472656,19.959999084472656,19.959999084472656,9754100
2014-04-10,14.429166793823242,19.81999969482422,20.299999237060547,19.790000915527344,20.209999084472656,9776500
2014-04-11,14.480130195617676,19.889999389648438,19.959999084472656,19.739999771118164,19.81999969482422,8414400
2014-04-14,14.749493598937988,20.260000228881836,20.329999923706055,19.979999542236328,20.059999465942383,9819500
2014-04-15,14.931495666503906,20.510000228881836,20.559999465942383,20.059999465942383,20.329999923706055,22468600
2014-04-16,14.669408798217773,20.149999618530273,20.420000076293945,20.049999237060547,20.40999984741211,15121500
2014-04-17,15.084378242492676,20.719999313354492,20.920000076293945,20.56999969482422,20.59000015258789,20492800
2014-04-21,14.967890739440918,20.559999465942383,20.59000015258789,20.260000228881836,20.399999618530273,11525800
2014-04-22,14.967890739440918,20.559999465942383,20.579999923706055,20.350000381469727,20.3799991607666,11191200
2014-04-23,14.85869026184082,20.40999984741211,20.459999084472656,20.299999237060547,20.3700008392334,9031700
2014-04-24,14.967890739440918,20.559999465942383,20.600000381469727,20.260000228881836,20.440000534057617,12202800
2014-04-25,14.494690895080566,19.90999984741211,20.149999618530273,19.850000381469727,20.06999969482422,15474700
2014-04-28,14.77861499786377,20.299999237060547,20.309999465942383,20.059999465942383,20.1299991607666,14382700
2014-04-29,14.633015632629395,20.100000381469727,20.399999618530273,20.079999923706055,20.290000915527344,13771200
2014-04-30,14.633015632629395,20.100000381469727,20.100000381469727,19.799999237060547,19.959999084472656,12965700
2014-05-01,14.392768859863281,19.770000457763672,20.110000610351562,19.75,20.09000015258789,10276400
2014-05-02,14.283567428588867,19.6200008392334,19.799999237060547,19.6200008392334,19.75,11073200
2014-05-05,14.3126859664917,19.65999984741211,19.729999542236328,19.5,19.530000686645508,7061200
2014-05-06,14.560208320617676,20.0,20.09000015258789,19.729999542236328,19.780000686645508,10549900
2014-05-07,14.800455093383789,20.329999923706055,20.34000015258789,19.969999313354492,20.040000915527344,14637400
2014-05-08,14.931495666503906,20.510000228881836,20.59000015258789,20.329999923706055,20.350000381469727,13522200
2014-05-09,14.85869026184082,20.40999984741211,20.549999237060547,20.260000228881836,20.5,10384000
2014-05-12,14.98973560333252,20.59000015258789,20.59000015258789,20.110000610351562,20.1200008392334,19623700
2014-05-13,15.026134490966797,20.639999389648438,20.709999084472656,20.420000076293945,20.520000457763672,9547500
2014-05-14,14.982458114624023,20.579999923706055,20.860000610351562,20.549999237060547,20.709999084472656,10140100
2014-05-15,15.04069995880127,20.65999984741211,20.700000762939453,20.420000076293945,20.579999923706055,12943300
2014-05-16,15.120782852172852,20.770000457763672,20.81999969482422,20.389999389648438,20.670000076293945,9131200
2014-05-19,15.04069995880127,20.65999984741211,20.729999542236328,20.56999969482422,20.639999389648438,6459900
2014-05-20,14.931495666503906,20.510000228881836,20.709999084472656,20.459999084472656,20.530000686645508,4564200
2014-05-21,14.924214363098145,20.5,20.6200008392334,20.479999542236328,20.510000228881836,5629400
2014-05-22,15.026134490966797,20.639999389648438,20.719999313354492,20.530000686645508,20.56999969482422,6156500
2014-05-23,15.04069995880127,20.65999984741211,20.719999313354492,20.549999237060547,20.719999313354492,7179700
2014-05-27,15.20814037322998,20.889999389648438,20.959999084472656,20.700000762939453,20.829999923706055,7520300
2014-05-28,15.186301231384277,20.860000610351562,21.020000457763672,20.809999465942383,20.950000762939453,7761100
2014-05-29,15.069820404052734,20.700000762939453,20.850000381469727,20.639999389648438,20.850000381469727,6114900
2014-05-30,14.967890739440918,20.559999465942383,20.6299991607666,20.399999618530273,20.399999618530273,6671500
2014-06-02,15.04069995880127,20.65999984741211,20.690000534057617,20.56999969482422,20.670000076293945,6475000
2014-06-03,15.46294116973877,21.239999771118164,21.299999237060547,20.6299991607666,20.700000762939453,20116100
2014-06-04,15.361021995544434,21.100000381469727,21.260000228881836,21.079999923706055,21.219999313354492,10888700
2014-06-05,15.43382740020752,21.200000762939453,21.209999084472656,21.049999237060547,21.1200008392334,8404000
2014-06-06,15.353737831115723,21.09000015258789,21.229999542236328,21.06999969482422,21.219999313354492,7647900
2014-06-09,15.441100120544434,21.209999084472656,21.31999969482422,21.15999984741211,21.290000915527344,8131800
2014-06-10,15.50662612915039,21.299999237060547,21.399999618530273,21.1299991607666,21.190000534057617,7595600
2014-06-11,15.382862091064453,21.1299991607666,21.3700008392334,21.049999237060547,21.309999465942383,7507600
2014-06-12,15.368305206298828,21.110000610351562,21.219999313354492,20.989999771118164,21.100000381469727,5641600
2014-06-13,15.353737831115723,21.09000015258789,21.209999084472656,21.020000457763672,21.139999389648438,5705100
2014-06-16,15.441100120544434,21.209999084472656,21.219999313354492,21.06999969482422,21.09000015258789,4543500
2014-06-17,15.477502822875977,21.260000228881836,21.299999237060547,21.1299991607666,21.229999542236328,10287700
2014-06-18,15.543023109436035,21.350000381469727,21.440000534057617,21.1299991607666,21.229999542236328,8455000
2014-06-19,15.790553092956543,21.690000534057617,21.690000534057617,21.34000015258789,21.34000015258789,9709300
2014-06-20,15.397422790527344,21.149999618530273,21.5,21.139999389648438,21.479999542236328,8450400
2014-06-23,15.179019927978516,20.850000381469727,21.020000457763672,20.829999923706055,21.020000457763672,6105200
2014-06-24,15.128059387207031,20.780000686645508,21.149999618530273,20.75,21.059999465942383,8122200
2014-06-25,15.310062408447266,21.030000686645508,21.059999465942383,20.479999542236328,20.8799991607666,5486200
2014-06-26,15.302780151367188,21.020000457763672,21.149999618530273,20.90999984741211,21.059999465942383,5177100
2014-06-27,15.492061614990234,21.280000686645508,21.299999237060547,21.1200008392334,21.18000030517578,5816000
2014-06-30,15.572145462036133,21.389999389648438,21.450000762939453,21.270000457763672,21.350000381469727,6491200
2014-07-01,15.994391441345215,21.969999313354492,21.979999542236328,21.670000076293945,21.670000076293945,8655700
2014-07-02,16.292877197265625,22.3799991607666,22.6299991607666,22.260000228881836,22.360000610351562,10574100
2014-07-03,16.533113479614258,22.709999084472656,22.709999084472656,22.510000228881836,22.579999923706055,4317800
2014-07-07,16.503999710083008,22.670000076293945,22.8799991607666,22.6200008392334,22.81999969482422,12390700
2014-07-08,16.43120002746582,22.56999969482422,22.68000030517578,22.459999084472656,22.610000610351562,10319000
2014-07-09,16.321998596191406,22.420000076293945,22.489999771118164,22.329999923706055,22.450000762939453,12353400
2014-07-10,16.707836151123047,22.950000762939453,22.950000762939453,22.200000762939453,22.209999084472656,14431800
2014-07-11,16.605920791625977,22.809999465942383,23.06999969482422,22.739999771118164,23.0,13026000
2014-07-14,16.867950439453125,22.65999984741211,22.68000030517578,22.420000076293945,22.540000915527344,14313800
2014-07-15,16.72650909423828,22.469999313354492,22.59000015258789,22.239999771118164,22.56999969482422,10256800
2014-07-16,15.580148696899414,20.93000030517578,21.700000762939453,20.90999984741211,21.649999618530273,41814000
2014-07-17,15.036736488342285,20.200000762939453,20.829999923706055,20.1200008392334,20.829999923706055,25798200
2014-07-18,15.245169639587402,20.479999542236328,20.670000076293945,20.440000534057617,20.559999465942383,19052400
2014-07-21,15.207948684692383,20.43000030517578,20.559999465942383,20.399999618530273,20.520000457763672,17570900
2014-07-22,15.41637897491455,20.709999084472656,20.809999465942383,20.670000076293945,20.709999084472656,10489800
2014-07-23,15.394050598144531,20.68000030517578,20.790000915527344,20.639999389648438,20.75,11879700
2014-07-24,15.550371170043945,20.889999389648438,20.969999313354492,20.75,20.84000015258789,12694300
2014-07-25,15.148394584655762,20.350000381469727,20.639999389648438,20.299999237060547,20.639999389648438,12177800
2014-07-28,15.163290023803711,20.3700008392334,20.420000076293945,20.1299991607666,20.200000762939453,12681000
2014-07-29,15.289834022521973,20.540000915527344,20.799999237060547,20.530000686645508,20.670000076293945,9895500
2014-07-30,15.42382526397705,20.719999313354492,20.780000686645508,20.610000610351562,20.739999771118164,9957300
2014-07-31,14.887859344482422,20.0,20.280000686645508,19.920000076293945,20.18000030517578,16332100
2014-08-01,15.036736488342285,20.200000762939453,20.299999237060547,20.030000686645508,20.030000686645508,9833500
2014-08-04,15.267502784729004,20.510000228881836,20.6200008392334,20.350000381469727,20.559999465942383,9836300
2014-08-05,14.738977432250977,19.799999237060547,20.049999237060547,19.68000030517578,20.010000228881836,13411900
2014-08-06,14.917637825012207,20.040000915527344,20.110000610351562,19.889999389648438,19.959999084472656,9394300
2014-08-07,14.820865631103516,19.90999984741211,20.239999771118164,19.8700008392334,20.100000381469727,8653500
2014-08-08,14.731534957885742,19.790000915527344,20.030000686645508,19.719999313354492,19.969999313354492,19783100
2014-08-11,14.92508316040039,20.049999237060547,20.170000076293945,20.010000228881836,20.010000228881836,10054400
2014-08-12,14.880415916442871,19.989999771118164,20.110000610351562,19.899999618530273,20.100000381469727,9283800
2014-08-13,15.13351058959961,20.329999923706055,20.450000762939453,20.270000457763672,20.329999923706055,11932500
2014-08-14,15.282388687133789,20.530000686645508,20.600000381469727,20.459999084472656,20.549999237060547,6287000
2014-08-15,15.222838401794434,20.450000762939453,20.549999237060547,20.299999237060547,20.549999237060547,7212400
2014-08-18,15.237725257873535,20.469999313354492,20.489999771118164,20.34000015258789,20.43000030517578,4432100
2014-08-19,15.438715934753418,20.739999771118164,20.809999465942383,20.639999389648438,20.639999389648438,7677200
2014-08-20,15.513151168823242,20.84000015258789,20.899999618530273,20.719999313354492,20.739999771118164,10026700
2014-08-21,15.349388122558594,20.6200008392334,20.790000915527344,20.59000015258789,20.719999313354492,10642500
2014-08-22,15.505709648132324,20.829999923706055,21.0,20.739999771118164,20.739999771118164,11389900
2014-08-25,15.394050598144531,20.68000030517578,20.8700008392334,20.649999618530273,20.850000381469727,9991200
2014-08-26,15.48337459564209,20.799999237060547,20.850000381469727,20.639999389648438,20.709999084472656,7830700
2014-08-27,15.565260887145996,20.90999984741211,20.950000762939453,20.690000534057617,20.920000076293945,12153100
2014-08-28,15.565260887145996,20.90999984741211,20.93000030517578,20.59000015258789,20.719999313354492,7620800
2014-08-29,15.587592124938965,20.940000534057617,20.950000762939453,20.809999465942383,20.950000762939453,5322800
2014-09-02,15.691803932189941,21.079999923706055,21.260000228881836,20.989999771118164,21.020000457763672,8116900
2014-09-03,15.892791748046875,21.350000381469727,21.3799991607666,21.170000076293945,21.280000686645508,9850200
2014-09-04,15.77369213104248,21.190000534057617,21.3799991607666,21.18000030517578,21.31999969482422,8057900
2014-09-05,15.766242027282715,21.18000030517578,21.190000534057617,20.979999542236328,21.1299991607666,5969000
2014-09-08,15.684357643127441,21.06999969482422,21.18000030517578,21.010000228881836,21.170000076293945,6724200
2014-09-09,15.66948127746582,21.049999237060547,21.200000762939453,20.979999542236328,21.06999969482422,7312400
2014-09-10,15.654584884643555,21.030000686645508,21.079999923706055,20.75,20.799999237060547,6244800
2014-09-11,15.557814598083496,20.899999618530273,20.940000534057617,20.739999771118164,20.829999923706055,7389100
2014-09-12,15.140955924987793,20.34000015258789,20.760000228881836,20.280000686645508,20.739999771118164,15136400
2014-09-15,15.066514015197754,20.239999771118164,20.469999313354492,20.229999542236328,20.469999313354492,8072900
2014-09-16,15.245169639587402,20.479999542236328,20.59000015258789,20.139999389648438,20.229999542236328,8209000
2014-09-17,15.349388122558594,20.6200008392334,20.729999542236328,20.540000915527344,20.559999465942383,6456800
2014-09-18,15.572701454162598,20.920000076293945,20.959999084472656,20.649999618530273,20.700000762939453,8889700
2014-09-19,15.274943351745605,20.520000457763672,20.950000762939453,20.5,20.8799991607666,8952700
2014-09-22,15.155845642089844,20.360000610351562,20.450000762939453,20.200000762939453,20.43000030517578,12063100
2014-09-23,15.140955924987793,20.34000015258789,20.479999542236328,20.280000686645508,20.290000915527344,9091000
2014-09-24,15.32705020904541,20.59000015258789,20.639999389648438,20.450000762939453,20.5,9684500
2014-09-25,14.96973991394043,20.110000610351562,20.3700008392334,20.059999465942383,20.329999923706055,12835200
2014-09-26,14.992077827453613,20.139999389648438,20.200000762939453,20.06999969482422,20.079999923706055,11396400
2014-09-29,14.850642204284668,19.950000762939453,20.030000686645508,19.75,19.93000030517578,12150400
2014-09-30,15.02185344696045,20.18000030517578,20.190000534057617,19.809999465942383,19.899999618530273,15357400
2014-10-01,14.96230411529541,20.100000381469727,20.229999542236328,19.989999771118164,20.18000030517578,16100700
2014-10-02,15.103739738464355,20.290000915527344,20.40999984741211,19.93000030517578,20.100000381469727,22937000
2014-10-03,15.505709648132324,20.829999923706055,20.899999618530273,20.530000686645508,20.610000610351562,19548800
2014-10-06,15.498262405395508,20.81999969482422,20.90999984741211,20.700000762939453,20.899999618530273,19804800
2014-10-07,15.170731544494629,20.3799991607666,20.739999771118164,20.360000610351562,20.690000534057617,9473500
2014-10-08,15.33449649810791,20.600000381469727,20.65999984741211,20.1200008392334,20.170000076293945,12264600
2014-10-09,15.237725257873535,20.469999313354492,20.780000686645508,20.40999984741211,20.770000457763672,10846800
2014-10-10,14.471003532409668,19.440000534057617,20.219999313354492,19.389999389648438,20.18000030517578,28668600
2014-10-13,14.642213821411133,19.670000076293945,20.110000610351562,19.6200008392334,19.809999465942383,14696600
2014-10-14,14.992077827453613,20.139999389648438,20.3799991607666,19.850000381469727,19.889999389648438,21296600
2014-10-15,14.939969062805176,20.06999969482422,20.25,19.450000762939453,19.719999313354492,20760400
2014-10-16,15.42382526397705,20.719999313354492,21.09000015258789,20.190000534057617,20.229999542236328,30662100
2014-10-17,15.42382526397705,20.719999313354492,20.81999969482422,20.549999237060547,20.549999237060547,14809100
2014-10-20,15.535481452941895,20.8700008392334,20.989999771118164,20.6299991607666,20.790000915527344,11512400
2014-10-21,15.922565460205078,21.389999389648438,21.469999313354492,20.799999237060547,20.93000030517578,17393800
2014-10-22,15.810908317565918,21.239999771118164,21.700000762939453,21.190000534057617,21.600000381469727,14927700
2014-10-23,15.855572700500488,21.299999237060547,21.420000076293945,21.1299991607666,21.329999923706055,10095300
2014-10-24,15.766242027282715,21.18000030517578,21.190000534057617,20.889999389648438,21.010000228881836,8800200
2014-10-27,15.90023422241211,21.360000610351562,21.399999618530273,21.110000610351562,21.31999969482422,11136800
2014-10-28,16.071443557739258,21.59000015258789,21.600000381469727,21.34000015258789,21.450000762939453,11058800
2014-10-29,16.071443557739258,21.59000015258789,21.65999984741211,21.440000534057617,21.56999969482422,9201700
2014-10-30,15.714142799377441,21.110000610351562,21.540000915527344,21.010000228881836,21.489999771118164,12181300
2014-10-31,16.391536712646484,22.020000457763672,22.1299991607666,21.690000534057617,21.690000534057617,19615000
2014-11-03,16.30220603942871,21.899999618530273,21.979999542236328,21.75,21.979999542236328,10560900
2014-11-04,16.33942222595215,21.950000762939453,22.0,21.760000228881836,21.989999771118164,8881100
2014-11-05,16.39898109436035,22.030000686645508,22.18000030517578,21.84000015258789,22.059999465942383,8994500
2014-11-06,16.227766036987305,21.799999237060547,22.059999465942383,21.719999313354492,22.040000915527344,6782500
2014-11-07,16.242658615112305,21.81999969482422,21.8700008392334,21.610000610351562,21.81999969482422,7835600
2014-11-10,16.570186614990234,22.260000228881836,22.329999923706055,22.09000015258789,22.100000381469727,7833800
2014-11-11,16.525529861450195,22.200000762939453,22.399999618530273,22.100000381469727,22.360000610351562,6580400
2014-11-12,16.413869857788086,22.049999237060547,22.06999969482422,21.75,21.780000686645508,11788800
2014-11-13,16.629745483398438,22.34000015258789,22.420000076293945,22.15999984741211,22.260000228881836,10891000
2014-11-14,16.674402236938477,22.399999618530273,22.469999313354492,22.309999465942383,22.440000534057617,8233100
2014-11-17,16.309654235839844,21.90999984741211,22.200000762939453,21.780000686645508,22.170000076293945,16309900
2014-11-18,16.413869857788086,22.049999237060547,22.110000610351562,21.700000762939453,21.760000228881836,13347000
2014-11-19,16.771177291870117,22.530000686645508,22.639999389648438,22.239999771118164,22.34000015258789,14975100
2014-11-20,16.942386627197266,22.760000228881836,22.81999969482422,22.520000457763672,22.600000381469727,11797500
2014-11-21,17.165708541870117,23.059999465942383,23.100000381469727,22.889999389648438,22.950000762939453,11661000
2014-11-24,17.076377868652344,22.940000534057617,23.010000228881836,22.75,22.860000610351562,9042000
2014-11-25,17.054046630859375,22.90999984741211,23.06999969482422,22.8700008392334,22.940000534057617,6605100
2014-11-26,17.255033493041992,23.18000030517578,23.239999771118164,22.93000030517578,22.989999771118164,7688400
2014-11-28,17.47089958190918,23.469999313354492,23.540000915527344,23.1200008392334,23.329999923706055,6019000
2014-12-01,17.076377868652344,22.940000534057617,23.219999313354492,22.84000015258789,23.200000762939453,7990200
2014-12-02,16.800952911376953,22.56999969482422,22.690000534057617,22.440000534057617,22.670000076293945,9853000
2014-12-03,17.068933486938477,22.93000030517578,23.079999923706055,22.579999923706055,22.75,16566400
2014-12-04,16.987051010131836,22.81999969482422,22.93000030517578,22.700000762939453,22.899999618530273,6130000
2014-12-05,16.92749786376953,22.739999771118164,22.799999237060547,22.549999237060547,22.760000228881836,7679900
2014-12-08,16.748842239379883,22.5,22.899999618530273,22.389999389648438,22.780000686645508,9404100
2014-12-09,16.808391571044922,22.579999923706055,22.600000381469727,22.06999969482422,22.280000686645508,9606600
2014-12-10,16.51807975769043,22.190000534057617,22.450000762939453,22.170000076293945,22.450000762939453,10065400
2014-12-11,16.480865478515625,22.139999389648438,22.3700008392334,21.920000076293945,22.0,11096100
2014-12-12,16.354312896728516,21.969999313354492,22.219999313354492,21.969999313354492,22.1299991607666,11335100
2014-12-15,16.331987380981445,21.940000534057617,22.389999389648438,21.889999389648438,22.190000534057617,14120700
2014-12-16,15.959789276123047,21.440000534057617,21.850000381469727,21.43000030517578,21.809999465942383,11179200
2014-12-17,16.108665466308594,21.639999389648438,21.649999618530273,21.15999984741211,21.260000228881836,13146600
2014-12-18,16.220321655273438,21.790000915527344,22.219999313354492,21.719999313354492,22.049999237060547,10804900
2014-12-19,16.525529861450195,22.200000762939453,22.549999237060547,21.989999771118164,22.489999771118164,11708000
2014-12-22,16.65207290649414,22.3700008392334,22.579999923706055,22.219999313354492,22.270000457763672,4714700
2014-12-23,16.532968521118164,22.209999084472656,22.3700008392334,22.200000762939453,22.219999313354492,6055100
2014-12-24,16.63718032836914,22.350000381469727,22.510000228881836,22.219999313354492,22.239999771118164,1975600
2014-12-26,16.60740852355957,22.309999465942383,22.540000915527344,22.270000457763672,22.530000686645508,2634900
2014-12-29,16.659517288208008,22.3799991607666,22.75,22.3799991607666,22.65999984741211,3737200
2014-12-30,16.704177856445312,22.440000534057617,22.559999465942383,22.31999969482422,22.329999923706055,4791900
2014-12-31,16.659517288208008,22.3799991607666,22.639999389648438,22.329999923706055,22.479999542236328,3877200
2015-01-02,16.5850772857666,22.280000686645508,22.459999084472656,22.0,22.450000762939453,6074100
2015-01-05,16.183107376098633,21.739999771118164,22.170000076293945,21.709999084472656,22.139999389648438,9031800
2015-01-06,15.90023422241211,21.360000610351562,21.579999923706055,21.15999984741211,21.31999969482422,10169500
2015-01-07,16.130998611450195,21.670000076293945,21.760000228881836,21.34000015258789,21.59000015258789,10180200
2015-01-08,16.23521614074707,21.809999465942383,22.010000228881836,21.670000076293945,21.690000534057617,15825900
2015-01-09,15.781134605407715,21.200000762939453,21.639999389648438,21.020000457763672,21.6200008392334,17596000
2015-01-12,15.475930213928223,20.790000915527344,21.09000015258789,20.690000534057617,21.059999465942383,24695300
2015-01-13,15.66948127746582,21.049999237060547,21.299999237060547,20.989999771118164,21.020000457763672,11043200
2015-01-14,15.676918983459473,21.059999465942383,21.100000381469727,20.600000381469727,20.649999618530273,21760200
2015-01-15,17.039159774780273,22.889999389648438,23.1299991607666,21.90999984741211,22.59000015258789,36350200
2015-01-16,16.823286056518555,22.600000381469727,22.700000762939453,22.290000915527344,22.3700008392334,22402000
2015-01-20,17.18803596496582,23.09000015258789,23.190000534057617,22.469999313354492,22.600000381469727,23999700
2015-01-21,17.277360916137695,23.209999084472656,23.290000915527344,22.959999084472656,23.0,17966600
2015-01-22,17.649553298950195,23.709999084472656,23.719999313354492,22.889999389648438,23.200000762939453,25334400
2015-01-23,17.857988357543945,23.989999771118164,24.299999237060547,23.8799991607666,23.93000030517578,13027300
2015-01-26,17.98453712463379,24.15999984741211,24.190000534057617,23.899999618530273,23.950000762939453,14091400
2015-01-27,18.006868362426758,24.190000534057617,24.260000228881836,23.950000762939453,24.1299991607666,14735300
2015-01-28,17.81332778930664,23.93000030517578,24.489999771118164,23.850000381469727,24.440000534057617,16762900
2015-01-29,17.336915969848633,23.290000915527344,23.799999237060547,23.079999923706055,23.690000534057617,19411300
2015-01-30,16.905162811279297,22.709999084472656,23.1200008392334,22.670000076293945,22.989999771118164,17590300
2015-02-02,17.076377868652344,22.940000534057617,23.079999923706055,22.709999084472656,23.030000686645508,12854500
2015-02-03,17.232694625854492,23.149999618530273,23.440000534057617,23.059999465942383,23.34000015258789,16676200
2015-02-04,17.55278968811035,23.579999923706055,23.75,23.450000762939453,23.59000015258789,11266500
2015-02-05,17.612337112426758,23.65999984741211,23.760000228881836,23.309999465942383,23.719999313354492,12016600
2015-02-06,17.195486068725586,23.100000381469727,23.6299991607666,23.049999237060547,23.450000762939453,16529800
2015-02-09,16.875391006469727,22.670000076293945,22.940000534057617,22.489999771118164,22.920000076293945,12821100
2015-02-10,17.761220932006836,23.860000610351562,23.950000762939453,23.459999084472656,23.899999618530273,17077300
2015-02-11,18.08130645751953,24.290000915527344,24.350000381469727,23.770000457763672,23.8799991607666,14211100
2015-02-12,18.215295791625977,24.469999313354492,24.479999542236328,24.149999618530273,24.40999984741211,10136200
2015-02-13,18.49072265625,24.84000015258789,24.959999084472656,24.399999618530273,24.450000762939453,11637500
2015-02-17,18.438613891601562,24.770000457763672,24.889999389648438,24.68000030517578,24.690000534057617,10525500
2015-02-18,18.393949508666992,24.709999084472656,24.850000381469727,24.610000610351562,24.690000534057617,7433100
2015-02-19,18.25252342224121,24.520000457763672,24.709999084472656,24.459999084472656,24.68000030517578,9929400
2015-02-20,18.192970275878906,24.440000534057617,24.709999084472656,24.299999237060547,24.700000762939453,7268000
2015-02-23,18.029197692871094,24.219999313354492,24.43000030517578,24.1299991607666,24.40999984741211,7827400
2015-02-24,18.639606475830078,25.040000915527344,25.079999923706055,24.350000381469727,24.3799991607666,15932700
2015-02-25,18.639606475830078,25.040000915527344,25.31999969482422,24.989999771118164,25.049999237060547,10388400
2015-02-26,18.371614456176758,24.68000030517578,24.989999771118164,24.649999618530273,24.799999237060547,7588500
2015-02-27,18.259960174560547,24.530000686645508,24.780000686645508,24.469999313354492,24.75,8541000
2015-03-02,18.334402084350586,24.6299991607666,24.6299991607666,24.399999618530273,24.399999618530273,7081200
2015-03-03,18.237628936767578,24.5,24.729999542236328,24.399999618530273,24.709999084472656,7485300
2015-03-04,18.111082077026367,24.329999923706055,24.600000381469727,24.1299991607666,24.56999969482422,9415000
2015-03-05,18.20785903930664,24.459999084472656,24.479999542236328,24.139999389648438,24.459999084472656,6882400
2015-03-06,17.93242645263672,24.09000015258789,24.3799991607666,24.040000915527344,24.25,6375000
2015-03-09,17.456016540527344,23.450000762939453,23.700000762939453,23.260000228881836,23.670000076293945,15598700
2015-03-10,17.158254623413086,23.049999237060547,23.260000228881836,22.90999984741211,23.020000457763672,12405600
2015-03-11,17.485795974731445,23.489999771118164,23.719999313354492,23.40999984741211,23.40999984741211,9485000
2015-03-12,17.515573501586914,23.530000686645508,23.75,23.469999313354492,23.5,10892000
2015-03-13,17.77610206604004,23.8799991607666,23.969999313354492,23.649999618530273,23.65999984741211,9748200
2015-03-16,18.073862075805664,24.280000686645508,24.389999389648438,23.899999618530273,23.969999313354492,18384800
2015-03-17,18.0961971282959,24.309999465942383,24.440000534057617,23.950000762939453,24.049999237060547,12558800
2015-03-18,18.393949508666992,24.709999084472656,24.899999618530273,24.149999618530273,24.510000228881836,14551700
2015-03-19,18.356733322143555,24.65999984741211,25.149999618530273,24.6299991607666,24.899999618530273,11699700
2015-03-20,18.438613891601562,24.770000457763672,24.899999618530273,24.68000030517578,24.799999237060547,7196900
2015-03-23,18.46094512939453,24.799999237060547,24.950000762939453,24.75,24.8799991607666,9110900
2015-03-24,18.237628936767578,24.5,24.700000762939453,24.450000762939453,24.610000610351562,9071500
2015-03-25,17.255033493041992,23.18000030517578,24.450000762939453,23.079999923706055,24.440000534057617,32339400
2015-03-26,17.26991844177246,23.200000762939453,23.510000228881836,22.959999084472656,23.059999465942383,36432500
2015-03-27,17.076377868652344,22.940000534057617,23.1200008392334,22.65999984741211,22.90999984741211,20264000
2015-03-30,17.30714225769043,23.25,23.299999237060547,22.780000686645508,22.780000686645508,14707100
2015-03-31,17.478349685668945,23.479999542236328,23.559999465942383,23.31999969482422,23.40999984741211,13621500
2015-04-01,17.292247772216797,23.229999542236328,23.469999313354492,23.139999389648438,23.43000030517578,13314800
2015-04-02,17.634675979614258,23.690000534057617,23.829999923706055,23.579999923706055,23.6200008392334,12443500
2015-04-06,17.523014068603516,23.540000915527344,23.739999771118164,23.190000534057617,23.200000762939453,11439200
2015-04-07,17.411354064941406,23.389999389648438,23.6299991607666,23.350000381469727,23.540000915527344,13305600
2015-04-08,17.26991844177246,23.200000762939453,23.350000381469727,23.079999923706055,23.1299991607666,10835200
2015-04-09,17.44856834411621,23.440000534057617,23.670000076293945,23.239999771118164,23.25,10183300
2015-04-10,17.493242263793945,23.5,23.799999237060547,23.3799991607666,23.729999542236328,10531900
2015-04-13,17.36669158935547,23.329999923706055,23.690000534057617,23.309999465942383,23.510000228881836,11125700
2015-04-14,17.255033493041992,23.18000030517578,23.299999237060547,22.829999923706055,23.239999771118164,13787000
2015-04-15,17.500682830810547,23.510000228881836,23.639999389648438,23.09000015258789,23.15999984741211,16883000
2015-04-16,17.29969596862793,23.239999771118164,23.549999237060547,22.649999618530273,23.510000228881836,28320800
2015-04-17,17.284805297851562,23.219999313354492,23.25,22.8700008392334,23.040000915527344,16113600
2015-04-20,17.322025299072266,23.270000457763672,23.6200008392334,23.190000534057617,23.399999618530273,15253500
2015-04-21,17.36669158935547,23.329999923706055,23.3700008392334,23.15999984741211,23.299999237060547,13191400
2015-04-22,17.746334075927734,23.84000015258789,23.84000015258789,23.389999389648438,23.399999618530273,15880200
2015-04-23,18.0887508392334,24.299999237060547,24.420000076293945,23.700000762939453,23.84000015258789,22973300
2015-04-24,18.542823791503906,24.90999984741211,25.309999465942383,24.690000534057617,25.190000534057617,28481800
2015-04-27,18.91502571105957,25.40999984741211,25.770000457763672,24.770000457763672,24.889999389648438,25744900
2015-04-28,18.61726951599121,25.010000228881836,25.290000915527344,24.799999237060547,25.229999542236328,14437100
2015-04-29,18.453500747680664,24.790000915527344,24.899999618530273,24.59000015258789,24.850000381469727,12642500
2015-04-30,18.192970275878906,24.440000534057617,24.6200008392334,24.360000610351562,24.5,16033300
2015-05-01,18.416288375854492,24.739999771118164,24.84000015258789,24.56999969482422,24.700000762939453,9732900
2015-05-04,18.103639602661133,24.31999969482422,24.610000610351562,24.280000686645508,24.559999465942383,9436900
2015-05-05,18.08130645751953,24.290000915527344,24.450000762939453,24.170000076293945,24.200000762939453,13233000
2015-05-06,18.200414657592773,24.450000762939453,24.510000228881836,24.25,24.3799991607666,8302200
2015-05-07,18.140857696533203,24.3700008392334,24.40999984741211,24.229999542236328,24.350000381469727,7299600
2015-05-08,18.27485466003418,24.549999237060547,24.739999771118164,24.389999389648438,24.459999084472656,11054400
2015-05-11,18.140857696533203,24.3700008392334,24.6200008392334,24.34000015258789,24.579999923706055,6256500
2015-05-12,18.148303985595703,24.3799991607666,24.5,24.139999389648438,24.18000030517578,10406900
2015-05-13,18.192970275878906,24.440000534057617,24.670000076293945,24.389999389648438,24.479999542236328,6596700
2015-05-14,18.170637130737305,24.40999984741211,24.520000457763672,24.309999465942383,24.3700008392334,9130500
2015-05-15,18.28229522705078,24.559999465942383,24.600000381469727,24.40999984741211,24.450000762939453,5952400
2015-05-18,18.170637130737305,24.40999984741211,24.479999542236328,24.3700008392334,24.479999542236328,9387100
2015-05-19,18.304624557495117,24.59000015258789,24.65999984741211,24.459999084472656,24.479999542236328,10063100
2015-05-20,18.297182083129883,24.579999923706055,24.670000076293945,24.40999984741211,24.520000457763672,9053200
2015-05-21,18.044086456298828,24.239999771118164,24.43000030517578,24.149999618530273,24.3799991607666,12175800
2015-05-22,18.01430892944336,24.200000762939453,24.579999923706055,24.200000762939453,24.3700008392334,8574500
2015-05-26,18.058977127075195,24.260000228881836,24.3799991607666,24.149999618530273,24.170000076293945,10911600
2015-05-27,18.312070846557617,24.600000381469727,24.700000762939453,24.100000381469727,24.170000076293945,14361100
2015-05-28,18.200414657592773,24.450000762939453,24.649999618530273,24.360000610351562,24.489999771118164,10416600
2015-05-29,18.073862075805664,24.280000686645508,24.43000030517578,23.940000534057617,24.049999237060547,13170000
2015-06-01,17.969646453857422,24.139999389648438,24.239999771118164,23.93000030517578,24.18000030517578,10391300
2015-06-02,17.619781494140625,23.670000076293945,24.0,23.639999389648438,23.979999542236328,12267300
2015-06-03,17.612337112426758,23.65999984741211,23.799999237060547,23.479999542236328,23.780000686645508,10846500
2015-06-04,17.106149673461914,22.979999542236328,23.43000030517578,22.780000686645508,23.270000457763672,16981800
2015-06-05,17.016826629638672,22.860000610351562,23.040000915527344,22.75,22.81999969482422,9277100
2015-06-08,16.860504150390625,22.649999618530273,22.920000076293945,22.600000381469727,22.8700008392334,9155900
2015-06-09,16.994495391845703,22.829999923706055,23.100000381469727,22.709999084472656,22.8700008392334,14045900
2015-06-10,17.36669158935547,23.329999923706055,23.34000015258789,23.0,23.049999237060547,14611900
2015-06-11,17.500682830810547,23.510000228881836,23.709999084472656,23.459999084472656,23.65999984741211,12836500
2015-06-12,17.619781494140625,23.670000076293945,23.760000228881836,23.399999618530273,23.540000915527344,12115900
2015-06-15,17.3145809173584,23.260000228881836,23.440000534057617,23.229999542236328,23.389999389648438,12984800
2015-06-16,17.55278968811035,23.579999923706055,23.649999618530273,23.200000762939453,23.239999771118164,12381400
2015-06-17,17.56767463684082,23.600000381469727,23.700000762939453,23.450000762939453,23.559999465942383,12642300
2015-06-18,17.686777114868164,23.760000228881836,23.829999923706055,23.56999969482422,23.65999984741211,11225200
2015-06-19,17.41879653930664,23.399999618530273,23.68000030517578,23.389999389648438,23.6200008392334,11609100
2015-06-22,17.746334075927734,23.84000015258789,23.889999389648438,23.600000381469727,23.65999984741211,13407100
2015-06-23,17.81332778930664,23.93000030517578,24.040000915527344,23.75,24.010000228881836,9339600
2015-06-24,17.790990829467773,23.899999618530273,24.0,23.829999923706055,23.959999084472656,9368200
2015-06-25,17.92498207092285,24.079999923706055,24.329999923706055,24.0,24.040000915527344,8369700
2015-06-26,17.590007781982422,23.6299991607666,24.040000915527344,23.440000534057617,23.920000076293945,14805800
2015-06-29,17.18907928466797,22.3799991607666,22.940000534057617,22.360000610351562,22.670000076293945,14494500
2015-06-30,17.44253921508789,22.709999084472656,23.1299991607666,22.670000076293945,22.860000610351562,15836800
2015-07-01,17.611509323120117,22.93000030517578,23.229999542236328,22.850000381469727,23.1299991607666,12403200
2015-07-02,17.780481338500977,23.149999618530273,23.329999923706055,22.950000762939453,23.0,7884900
2015-07-06,17.61919403076172,22.940000534057617,23.260000228881836,22.8700008392334,23.0,7476100
2015-07-07,17.634552001953125,22.959999084472656,23.0,22.440000534057617,22.809999465942383,10131500
2015-07-08,17.07387924194336,22.229999542236328,22.65999984741211,22.18000030517578,22.59000015258789,13956700
2015-07-09,17.06619644165039,22.219999313354492,22.649999618530273,22.110000610351562,22.579999923706055,12147200
2015-07-10,17.335012435913086,22.56999969482422,22.670000076293945,22.34000015258789,22.34000015258789,9042600
2015-07-13,17.55775260925293,22.860000610351562,22.8799991607666,22.559999465942383,22.690000534057617,11501200
2015-07-14,17.511667251586914,22.799999237060547,22.899999618530273,22.690000534057617,22.770000457763672,8778400
2015-07-15,17.32733154296875,22.559999465942383,22.90999984741211,22.40999984741211,22.709999084472656,13861500
2015-07-16,17.45789909362793,22.729999542236328,22.829999923706055,21.700000762939453,22.049999237060547,29850800
2015-07-17,17.688316345214844,23.030000686645508,23.09000015258789,22.780000686645508,22.950000762939453,10314200
2015-07-20,17.588470458984375,22.899999618530273,23.040000915527344,22.6200008392334,23.030000686645508,12307200
2015-07-21,17.57311248779297,22.8799991607666,23.15999984741211,22.829999923706055,22.940000534057617,9372700
2015-07-22,17.06619644165039,22.219999313354492,22.540000915527344,22.110000610351562,22.469999313354492,17279900
2015-07-23,17.13532257080078,22.309999465942383,22.5,22.09000015258789,22.1299991607666,16251500
2015-07-24,16.620723724365234,21.639999389648438,22.209999084472656,21.610000610351562,22.059999465942383,15045700
2015-07-27,16.613040924072266,21.6299991607666,21.690000534057617,21.329999923706055,21.56999969482422,10167100
2015-07-28,16.8050594329834,21.8799991607666,21.989999771118164,21.600000381469727,21.709999084472656,13102700
2015-07-29,16.981706619262695,22.110000610351562,22.270000457763672,21.739999771118164,21.81999969482422,12780100
2015-07-30,17.434860229492188,22.700000762939453,22.780000686645508,22.190000534057617,22.229999542236328,17400600
2015-07-31,16.981706619262695,22.110000610351562,22.610000610351562,22.030000686645508,22.549999237060547,16313800
2015-08-03,16.682165145874023,21.719999313354492,21.899999618530273,21.520000457763672,21.899999618530273,11945800
2015-08-04,16.474790573120117,21.450000762939453,21.920000076293945,21.34000015258789,21.829999923706055,13832400
2015-08-05,16.597675323486328,21.610000610351562,21.8700008392334,21.520000457763672,21.549999237060547,7506500
2015-08-06,16.344223022460938,21.280000686645508,21.549999237060547,21.010000228881836,21.420000076293945,12945100
2015-08-07,16.152210235595703,21.030000686645508,21.40999984741211,20.989999771118164,21.260000228881836,16644500
2015-08-10,16.597675323486328,21.610000610351562,21.889999389648438,20.920000076293945,21.1200008392334,25398700
2015-08-11,15.998598098754883,20.829999923706055,21.100000381469727,20.549999237060547,21.0,18685200
2015-08-12,15.937151908874512,20.75,20.780000686645508,20.18000030517578,20.530000686645508,20957100
2015-08-13,15.775859832763672,20.540000915527344,20.690000534057617,20.40999984741211,20.549999237060547,7873400
2015-08-14,15.652970314025879,20.3799991607666,20.399999618530273,20.219999313354492,20.3700008392334,11355400
2015-08-17,15.576170921325684,20.280000686645508,20.309999465942383,19.690000534057617,19.899999618530273,18060200
2015-08-18,15.384149551391602,20.030000686645508,20.200000762939453,20.010000228881836,20.18000030517578,10410700
2015-08-19,15.291982650756836,19.90999984741211,20.059999465942383,19.6299991607666,20.0,12520400
2015-08-20,15.061574935913086,19.610000610351562,20.06999969482422,19.610000610351562,19.790000915527344,12865500
2015-08-21,14.500889778137207,18.8799991607666,19.510000228881836,18.8700008392334,19.25,20217500
2015-08-24,14.408723831176758,18.760000228881836,19.43000030517578,17.31999969482422,17.739999771118164,31876000
2015-08-25,14.408723831176758,18.760000228881836,20.010000228881836,18.700000762939453,19.729999542236328,25640300
2015-08-26,14.938679695129395,19.450000762939453,19.479999542236328,18.940000534057617,19.34000015258789,20952300
2015-08-27,15.315028190612793,19.940000534057617,19.940000534057617,19.579999923706055,19.6200008392334,17880000
2015-08-28,15.361105918884277,20.0,20.079999923706055,19.549999237060547,19.6299991607666,10980800
2015-08-31,15.268942832946777,19.8799991607666,20.190000534057617,19.75,20.15999984741211,9081400
2015-09-01,14.90795612335205,19.40999984741211,19.760000228881836,19.25,19.350000381469727,14185700
2015-09-02,15.315028190612793,19.940000534057617,20.06999969482422,19.649999618530273,19.700000762939453,14670900
2015-09-03,15.414873123168945,20.06999969482422,20.239999771118164,20.020000457763672,20.149999618530273,8174900
2015-09-04,15.107657432556152,19.670000076293945,19.829999923706055,19.600000381469727,19.700000762939453,8944000
2015-09-08,15.399510383605957,20.049999237060547,20.059999465942383,19.81999969482422,19.959999084472656,10390900
2015-09-09,15.268942832946777,19.8799991607666,20.65999984741211,19.81999969482422,20.440000534057617,10318700
2015-09-10,15.130694389343262,19.700000762939453,19.90999984741211,19.270000457763672,19.799999237060547,17806400
2015-09-11,15.284311294555664,19.899999618530273,19.950000762939453,19.610000610351562,19.739999771118164,9549900
2015-09-14,15.39183235168457,20.040000915527344,20.170000076293945,19.889999389648438,19.989999771118164,7790800
2015-09-15,15.660649299621582,20.389999389648438,20.559999465942383,20.040000915527344,20.15999984741211,11469800
2015-09-16,15.875707626342773,20.670000076293945,20.75,20.459999084472656,20.709999084472656,11471100
2015-09-17,15.868025779724121,20.65999984741211,21.020000457763672,20.56999969482422,20.579999923706055,11394200
2015-09-18,15.829627990722656,20.610000610351562,20.760000228881836,20.350000381469727,20.530000686645508,14057800
2015-09-21,15.76817798614502,20.530000686645508,20.719999313354492,20.399999618530273,20.530000686645508,12292100
2015-09-22,15.322707176208496,19.950000762939453,20.239999771118164,19.8799991607666,20.170000076293945,13482400
2015-09-23,15.368794441223145,20.010000228881836,20.290000915527344,19.600000381469727,19.649999618530273,22169600
2015-09-24,15.35342788696289,19.989999771118164,20.030000686645508,19.559999465942383,19.889999389648438,11088800
2015-09-25,15.399510383605957,20.049999237060547,20.299999237060547,19.959999084472656,20.15999984741211,10742300
2015-09-28,15.07692813873291,19.6299991607666,20.049999237060547,19.579999923706055,19.969999313354492,15576100
2015-09-29,15.276627540588379,19.889999389648438,19.950000762939453,19.489999771118164,19.6200008392334,10919600
2015-09-30,15.937151908874512,20.75,20.790000915527344,20.329999923706055,20.360000610351562,12400200
2015-10-01,16.021638870239258,20.860000610351562,21.0,20.600000381469727,20.950000762939453,14508200
2015-10-02,15.944830894470215,20.760000228881836,20.770000457763672,20.209999084472656,20.209999084472656,15271100
2015-10-05,16.43639373779297,21.399999618530273,21.440000534057617,20.790000915527344,21.059999465942383,10938100
2015-10-06,16.30582046508789,21.229999542236328,21.360000610351562,20.959999084472656,21.059999465942383,10577700
2015-10-07,16.84345245361328,21.93000030517578,22.100000381469727,21.6299991607666,21.68000030517578,13647100
2015-10-08,17.089237213134766,22.25,22.270000457763672,21.670000076293945,21.780000686645508,10343500
2015-10-09,16.858814239501953,21.950000762939453,22.43000030517578,21.90999984741211,22.309999465942383,11648800
2015-10-12,16.96634864807129,22.09000015258789,22.200000762939453,22.010000228881836,22.06999969482422,6779500
2015-10-13,16.851139068603516,21.940000534057617,22.030000686645508,21.68000030517578,21.81999969482422,12740800
2015-10-14,17.15835952758789,22.34000015258789,22.530000686645508,21.65999984741211,21.780000686645508,22801100
2015-10-15,16.858814239501953,21.950000762939453,22.790000915527344,21.790000915527344,22.549999237060547,17867300
2015-10-16,17.020103454589844,22.15999984741211,22.219999313354492,21.989999771118164,22.010000228881836,9598700
2015-10-19,17.07387924194336,22.229999542236328,22.299999237060547,21.959999084472656,22.079999923706055,8940900
2015-10-20,17.13532257080078,22.309999465942383,22.420000076293945,22.170000076293945,22.200000762939453,6718400
2015-10-21,17.06619644165039,22.219999313354492,22.450000762939453,22.139999389648438,22.329999923706055,8154300
2015-10-22,17.28893280029297,22.510000228881836,22.6200008392334,22.31999969482422,22.389999389648438,8214500
2015-10-23,17.25820541381836,22.469999313354492,22.75,22.399999618530273,22.75,11854100
2015-10-26,17.020103454589844,22.15999984741211,22.520000457763672,21.93000030517578,22.469999313354492,12350400
2015-10-27,17.05083656311035,22.200000762939453,22.299999237060547,21.8799991607666,22.059999465942383,6885400
2015-10-28,16.958667755126953,22.079999923706055,22.270000457763672,21.8700008392334,22.06999969482422,9913700
2015-10-29,16.75897216796875,21.81999969482422,21.81999969482422,21.520000457763672,21.809999465942383,7939100
2015-10-30,16.866497039794922,21.959999084472656,22.06999969482422,21.649999618530273,21.84000015258789,8791800
2015-11-02,16.97402572631836,22.100000381469727,22.139999389648438,21.770000457763672,21.860000610351562,5716700
2015-11-03,17.488622665405273,22.770000457763672,22.950000762939453,22.110000610351562,22.239999771118164,12846400
2015-11-04,18.08770751953125,23.549999237060547,23.65999984741211,23.049999237060547,23.100000381469727,14372000
2015-11-05,17.649913787841797,22.979999542236328,23.229999542236328,22.950000762939453,23.229999542236328,8345300
2015-11-06,17.52703094482422,22.81999969482422,22.829999923706055,22.43000030517578,22.59000015258789,8805900
2015-11-09,17.634552001953125,22.959999084472656,22.979999542236328,22.68000030517578,22.75,8629200
2015-11-10,17.28893280029297,22.510000228881836,22.670000076293945,22.329999923706055,22.510000228881836,7388700
2015-11-11,17.342689514160156,22.579999923706055,22.700000762939453,22.280000686645508,22.420000076293945,5255100
2015-11-12,17.08155632019043,22.239999771118164,22.68000030517578,22.239999771118164,22.440000534057617,5685100
2015-11-13,16.8127384185791,21.889999389648438,22.149999618530273,21.56999969482422,22.06999969482422,7883500
2015-11-16,17.16603660583496,22.350000381469727,22.3799991607666,21.799999237060547,21.829999923706055,7121500
2015-11-17,17.296611785888672,22.520000457763672,22.81999969482422,22.3799991607666,22.43000030517578,7148400
2015-11-18,17.296611785888672,22.520000457763672,22.559999465942383,22.149999618530273,22.3799991607666,8010400
2015-11-19,17.411819458007812,22.670000076293945,22.940000534057617,22.59000015258789,22.940000534057617,7115100
2015-11-20,17.534706115722656,22.829999923706055,22.889999389648438,22.709999084472656,22.809999465942383,6039900
2015-11-23,17.335012435913086,22.56999969482422,22.940000534057617,22.540000915527344,22.920000076293945,5502100
2015-11-24,17.2812442779541,22.5,22.579999923706055,22.15999984741211,22.43000030517578,8911500
2015-11-25,17.32733154296875,22.559999465942383,22.65999984741211,22.510000228881836,22.56999969482422,5442600
2015-11-27,17.242847442626953,22.450000762939453,22.639999389648438,22.34000015258789,22.389999389648438,3995600
2015-11-30,17.480947494506836,22.760000228881836,22.8700008392334,22.3799991607666,22.440000534057617,8612900
2015-12-01,17.880334854125977,23.280000686645508,23.350000381469727,22.829999923706055,22.84000015258789,10256000
2015-12-02,17.811208724975586,23.190000534057617,23.360000610351562,23.059999465942383,23.190000534057617,6829100
2015-12-03,17.611509323120117,22.93000030517578,23.309999465942383,22.81999969482422,23.280000686645508,5884700
2015-12-04,17.903371810913086,23.309999465942383,23.3700008392334,22.729999542236328,22.829999923706055,6355600
2015-12-07,17.849611282348633,23.239999771118164,23.5,23.18000030517578,23.450000762939453,4634000
2015-12-08,17.726722717285156,23.079999923706055,23.219999313354492,22.8799991607666,23.0,6133900
2015-12-09,17.45789909362793,22.729999542236328,23.010000228881836,22.649999618530273,22.950000762939453,8663600
2015-12-10,17.396459579467773,22.649999618530273,22.850000381469727,22.610000610351562,22.719999313354492,7171900
2015-12-11,17.03546905517578,22.18000030517578,22.559999465942383,22.15999984741211,22.420000076293945,11326300
2015-12-14,17.06619644165039,22.219999313354492,22.40999984741211,22.06999969482422,22.329999923706055,7898600
2015-12-15,17.52703094482422,22.81999969482422,22.899999618530273,22.420000076293945,22.420000076293945,9444200
2015-12-16,17.788166046142578,23.15999984741211,23.229999542236328,22.889999389648438,23.110000610351562,7384800
2015-12-17,17.634552001953125,22.959999084472656,23.290000915527344,22.950000762939453,23.09000015258789,8925700
2015-12-18,17.611509323120117,22.93000030517578,23.079999923706055,22.719999313354492,22.770000457763672,8648000
2015-12-21,17.626873016357422,22.950000762939453,23.049999237060547,22.75,22.93000030517578,4958700
2015-12-22,17.711362838745117,23.059999465942383,23.09000015258789,22.950000762939453,22.979999542236328,4553900
2015-12-23,17.726722717285156,23.079999923706055,23.209999084472656,22.969999313354492,23.200000762939453,6172900
2015-12-24,17.780481338500977,23.149999618530273,23.280000686645508,23.079999923706055,23.149999618530273,2009500
2015-12-28,17.672958374023438,23.010000228881836,23.190000534057617,22.850000381469727,23.149999618530273,3100100
2015-12-29,17.726722717285156,23.079999923706055,23.229999542236328,22.979999542236328,23.06999969482422,4136700
2015-12-30,17.57311248779297,22.8799991607666,23.09000015258789,22.84000015258789,23.049999237060547,2574100
2015-12-31,17.473264694213867,22.75,23.0,22.56999969482422,22.860000610351562,3898300
2016-01-04,16.96634864807129,22.09000015258789,22.299999237060547,21.860000610351562,22.239999771118164,9145100
2016-01-05,16.858814239501953,21.950000762939453,22.420000076293945,21.950000762939453,22.18000030517578,7642100
2016-01-06,16.390304565429688,21.34000015258789,21.709999084472656,21.260000228881836,21.65999984741211,8063200
2016-01-07,16.205968856811523,21.100000381469727,21.3799991607666,20.81999969482422,20.8799991607666,11242800
2016-01-08,15.98323917388916,20.809999465942383,21.399999618530273,20.770000457763672,21.270000457763672,9290700
2016-01-11,16.075401306152344,20.93000030517578,21.25,20.700000762939453,21.170000076293945,9771200
2016-01-12,15.937151908874512,20.75,21.239999771118164,20.510000228881836,21.229999542236328,11629400
2016-01-13,15.729771614074707,20.479999542236328,21.06999969482422,20.450000762939453,20.899999618530273,12858400
2016-01-14,16.75897216796875,21.81999969482422,21.8700008392334,20.700000762939453,20.729999542236328,18687600
2016-01-15,16.205968856811523,21.100000381469727,21.280000686645508,20.559999465942383,20.559999465942383,12066200
2016-01-19,16.636083602905273,21.65999984741211,21.799999237060547,21.229999542236328,21.6299991607666,14807000
2016-01-20,16.19828987121582,21.09000015258789,21.209999084472656,20.739999771118164,20.84000015258789,10815300
2016-01-21,16.38262367248535,21.329999923706055,21.469999313354492,20.850000381469727,21.149999618530273,9105000
2016-01-22,16.84345245361328,21.93000030517578,21.950000762939453,21.6200008392334,21.760000228881836,8369200
2016-01-25,16.735931396484375,21.790000915527344,22.06999969482422,21.700000762939453,21.709999084472656,8463700
2016-01-26,16.582317352294922,21.59000015258789,21.860000610351562,21.5,21.780000686645508,7709700
2016-01-27,16.651439666748047,21.68000030517578,22.0,21.610000610351562,21.719999313354492,6432800
2016-01-28,16.613040924072266,21.6299991607666,21.8700008392334,21.479999542236328,21.780000686645508,7169000
2016-01-29,17.16603660583496,22.350000381469727,22.399999618530273,21.8700008392334,21.8700008392334,9010200
2016-02-01,17.25052833557129,22.459999084472656,22.549999237060547,22.149999618530273,22.18000030517578,5389200
2016-02-02,17.32733154296875,22.559999465942383,22.6200008392334,22.280000686645508,22.299999237060547,13487900
2016-02-03,17.603836059570312,22.920000076293945,23.100000381469727,22.59000015258789,22.75,13083200
2016-02-04,17.84192657470703,23.229999542236328,23.25,22.920000076293945,22.969999313354492,6473100
2016-02-05,17.473264694213867,22.75,23.360000610351562,22.65999984741211,23.010000228881836,9325400
2016-02-08,17.511667251586914,22.799999237060547,22.90999984741211,22.260000228881836,22.479999542236328,8355200
2016-02-09,17.32733154296875,22.559999465942383,22.68000030517578,22.06999969482422,22.229999542236328,8426600
2016-02-10,17.12763786315918,22.299999237060547,22.90999984741211,22.280000686645508,22.670000076293945,5761600
2016-02-11,16.8972225189209,22.0,22.360000610351562,21.790000915527344,22.15999984741211,10394600
2016-02-12,17.08155632019043,22.239999771118164,22.31999969482422,21.920000076293945,22.290000915527344,7326900
2016-02-16,17.926414489746094,23.34000015258789,23.690000534057617,22.59000015258789,22.6200008392334,13843800
2016-02-17,18.156831741333008,23.639999389648438,23.739999771118164,23.270000457763672,23.360000610351562,11956100
2016-02-18,18.279714584350586,23.799999237060547,24.190000534057617,23.760000228881836,23.979999542236328,12780200
2016-02-19,18.264362335205078,23.780000686645508,24.030000686645508,23.510000228881836,23.799999237060547,8950300
2016-02-22,18.40260887145996,23.959999084472656,24.1299991607666,23.850000381469727,24.020000457763672,7250300
2016-02-23,17.972496032714844,23.399999618530273,23.75,23.260000228881836,23.739999771118164,5802500
2016-02-24,17.987857818603516,23.420000076293945,23.5,22.829999923706055,23.079999923706055,5267500
2016-02-25,18.195241928100586,23.690000534057617,23.700000762939453,23.3799991607666,23.68000030517578,5076800
2016-02-26,18.25667953491211,23.770000457763672,24.09000015258789,23.420000076293945,23.690000534057617,9920900
2016-02-29,18.08770751953125,23.549999237060547,23.75,23.459999084472656,23.56999969482422,6614000
2016-03-01,18.878803253173828,24.579999923706055,24.68000030517578,23.989999771118164,24.149999618530273,9858800
2016-03-02,18.909530639648438,24.6200008392334,24.700000762939453,24.3799991607666,24.450000762939453,5841300
2016-03-03,18.863441467285156,24.559999465942383,24.8700008392334,24.450000762939453,24.6299991607666,7957500
2016-03-04,18.93256378173828,24.649999618530273,24.950000762939453,24.440000534057617,24.559999465942383,7264600
2016-03-07,18.970975875854492,24.700000762939453,24.719999313354492,24.059999465942383,24.399999618530273,8971500
2016-03-08,18.93256378173828,24.649999618530273,24.850000381469727,24.31999969482422,24.360000610351562,11734000
2016-03-09,19.001699447631836,24.739999771118164,24.790000915527344,24.520000457763672,24.719999313354492,5807300
2016-03-10,19.001699447631836,24.739999771118164,25.0,24.510000228881836,24.860000610351562,6483700
2016-03-11,19.470211029052734,25.350000381469727,25.3799991607666,24.989999771118164,25.0,7560000
2016-03-14,19.37035369873047,25.219999313354492,25.3799991607666,25.110000610351562,25.309999465942383,4109400
2016-03-15,19.109220504760742,24.8799991607666,25.200000762939453,24.729999542236328,24.899999618530273,8839800
2016-03-16,19.800472259521484,25.780000686645508,25.799999237060547,24.719999313354492,24.760000228881836,10874100
2016-03-17,19.792789459228516,25.770000457763672,25.850000381469727,25.6200008392334,25.739999771118164,6264700
2016-03-18,20.000167846679688,26.040000915527344,26.25,25.799999237060547,25.8799991607666,7208700
2016-03-21,19.915681838989258,25.93000030517578,26.020000457763672,25.75,25.8799991607666,5494100
2016-03-22,19.82351303100586,25.809999465942383,26.059999465942383,25.65999984741211,25.760000228881836,6247400
2016-03-23,19.72366714477539,25.68000030517578,25.81999969482422,25.540000915527344,25.81999969482422,5465900
2016-03-24,19.762067794799805,25.729999542236328,25.75,25.440000534057617,25.520000457763672,5549000
2016-03-28,19.685260772705078,25.6299991607666,25.760000228881836,25.540000915527344,25.719999313354492,2197200
2016-03-29,19.946399688720703,25.969999313354492,26.020000457763672,25.440000534057617,25.559999465942383,4550800
2016-03-30,20.322744369506836,26.459999084472656,26.6200008392334,26.31999969482422,26.31999969482422,5999600
2016-03-31,20.123056411743164,26.200000762939453,26.440000534057617,26.18000030517578,26.280000686645508,5369100
2016-04-01,20.06161117553711,26.1200008392334,26.209999084472656,25.770000457763672,25.8799991607666,5091200
2016-04-04,19.85423469543457,25.850000381469727,26.1299991607666,25.809999465942383,26.1299991607666,4302700
2016-04-05,19.593095779418945,25.510000228881836,25.6299991607666,25.239999771118164,25.510000228881836,8612600
2016-04-06,19.677581787109375,25.6200008392334,25.739999771118164,25.020000457763672,25.149999618530273,8333100
2016-04-07,19.48556900024414,25.3700008392334,25.520000457763672,25.25,25.489999771118164,7774400
2016-04-08,19.416439056396484,25.280000686645508,25.809999465942383,25.209999084472656,25.75,8214600
2016-04-11,19.593095779418945,25.510000228881836,25.84000015258789,25.5,25.700000762939453,5406300
2016-04-12,19.63918113708496,25.56999969482422,25.719999313354492,25.309999465942383,25.700000762939453,4766900
2016-04-13,20.100013732910156,26.170000076293945,26.209999084472656,25.780000686645508,25.950000762939453,9082700
2016-04-14,19.431800842285156,25.299999237060547,25.530000686645508,25.09000015258789,25.299999237060547,13870800
2016-04-15,19.5546932220459,25.459999084472656,25.579999923706055,25.3700008392334,25.510000228881836,8019100
2016-04-18,19.585416793823242,25.5,25.68000030517578,25.31999969482422,25.3799991607666,6507600
2016-04-19,19.32427978515625,25.15999984741211,25.670000076293945,25.149999618530273,25.520000457763672,9378700
2016-04-20,19.29355812072754,25.1200008392334,25.25,24.739999771118164,24.93000030517578,9391300
2016-04-21,19.32427978515625,25.15999984741211,25.350000381469727,25.0,25.299999237060547,6044400
2016-04-22,19.255151748657227,25.06999969482422,25.309999465942383,24.950000762939453,25.18000030517578,6447400
2016-04-25,19.20906639099121,25.010000228881836,25.329999923706055,24.950000762939453,25.149999618530273,7772500
2016-04-26,19.20906639099121,25.010000228881836,25.350000381469727,24.979999542236328,25.200000762939453,9920000
2016-04-27,19.39339828491211,25.25,25.34000015258789,24.81999969482422,24.899999618530273,7302200
2016-04-28,18.55621910095215,24.15999984741211,24.8799991607666,24.06999969482422,24.649999618530273,12170200
2016-04-29,18.118431091308594,23.59000015258789,24.010000228881836,23.420000076293945,24.0,14955900
2016-05-02,18.195241928100586,23.690000534057617,23.75,23.459999084472656,23.579999923706055,6112100
2016-05-03,17.911054611206055,23.31999969482422,23.450000762939453,23.15999984741211,23.350000381469727,9323900
2016-05-04,17.987857818603516,23.420000076293945,23.549999237060547,23.229999542236328,23.309999465942383,7789900
2016-05-05,18.04930877685547,23.5,23.690000534057617,23.399999618530273,23.450000762939453,7238400
2016-05-06,17.980175018310547,23.40999984741211,23.610000610351562,23.34000015258789,23.5,5373300
2016-05-09,17.949451446533203,23.3700008392334,23.489999771118164,23.200000762939453,23.399999618530273,5189800
2016-05-10,17.96481704711914,23.389999389648438,23.440000534057617,23.239999771118164,23.299999237060547,5374500
2016-05-11,17.83424949645996,23.219999313354492,23.450000762939453,23.1299991607666,23.360000610351562,6185400
2016-05-12,17.6575927734375,22.989999771118164,23.290000915527344,22.75,23.229999542236328,7674600
2016-05-13,17.52703094482422,22.81999969482422,23.0,22.770000457763672,22.850000381469727,4837700
2016-05-16,17.74976348876953,23.110000610351562,23.239999771118164,22.90999984741211,22.969999313354492,4654300
2016-05-17,17.626873016357422,22.950000762939453,23.309999465942383,22.90999984741211,23.200000762939453,4017400
2016-05-18,18.064668655395508,23.520000457763672,23.639999389648438,22.899999618530273,23.0,10028100
2016-05-19,17.857288360595703,23.25,23.31999969482422,23.049999237060547,23.309999465942383,3868700
2016-05-20,18.364206314086914,23.90999984741211,24.020000457763672,23.43000030517578,23.5,8380600
2016-05-23,18.640705108642578,24.270000457763672,24.760000228881836,24.209999084472656,24.6299991607666,6840000
2016-05-24,18.794321060180664,24.469999313354492,24.56999969482422,24.260000228881836,24.309999465942383,7573600
2016-05-25,18.909530639648438,24.6200008392334,24.719999313354492,24.520000457763672,24.610000610351562,5151600
2016-05-26,19.040096282958984,24.790000915527344,24.920000076293945,24.59000015258789,24.799999237060547,8204700
2016-05-27,19.047775268554688,24.799999237060547,25.010000228881836,24.780000686645508,24.93000030517578,5381300
2016-05-31,18.986330032348633,24.719999313354492,24.850000381469727,24.530000686645508,24.829999923706055,7999900
2016-06-01,19.39339828491211,25.25,25.260000228881836,24.719999313354492,24.719999313354492,6126800
2016-06-02,19.33963394165039,25.18000030517578,25.25,25.06999969482422,25.209999084472656,4188200
2016-06-03,19.608457565307617,25.530000686645508,25.600000381469727,25.309999465942383,25.34000015258789,5041800
2016-06-06,19.562374114990234,25.469999313354492,25.670000076293945,25.43000030517578,25.600000381469727,7579500
2016-06-07,20.01552963256836,26.059999465942383,26.1200008392334,25.700000762939453,25.719999313354492,6624300
2016-06-08,20.222902297973633,26.329999923706055,26.579999923706055,26.290000915527344,26.510000228881836,6173600
2016-06-09,20.146093368530273,26.229999542236328,26.25,25.90999984741211,25.90999984741211,5760100
2016-06-10,19.861915588378906,25.860000610351562,25.969999313354492,25.540000915527344,25.899999618530273,6699400
2016-06-13,19.685260772705078,25.6299991607666,25.81999969482422,25.5,25.549999237060547,7414600
2016-06-14,19.63918113708496,25.56999969482422,25.709999084472656,25.389999389648438,25.540000915527344,7191500
2016-06-15,19.8465518951416,25.84000015258789,26.030000686645508,25.65999984741211,25.670000076293945,6926800
2016-06-16,19.861915588378906,25.860000610351562,25.90999984741211,25.3799991607666,25.510000228881836,4637700
2016-06-17,19.85423469543457,25.850000381469727,25.93000030517578,25.600000381469727,25.889999389648438,5813100
2016-06-20,20.25362205505371,26.3700008392334,26.639999389648438,26.280000686645508,26.31999969482422,10019300
2016-06-21,20.422595977783203,26.59000015258789,26.649999618530273,26.34000015258789,26.450000762939453,6095200
2016-06-22,20.384197235107422,26.540000915527344,26.920000076293945,26.520000457763672,26.600000381469727,8010400
2016-06-23,20.591571807861328,26.809999465942383,26.809999465942383,26.520000457763672,26.639999389648438,6708600
2016-06-24,19.72366714477539,25.68000030517578,26.200000762939453,25.510000228881836,25.59000015258789,9529800
2016-06-27,19.842405319213867,24.899999618530273,24.959999084472656,24.360000610351562,24.639999389648438,10314300
2016-06-28,20.129276275634766,25.260000228881836,25.3700008392334,25.09000015258789,25.219999313354492,14428100
2016-06-29,20.559600830078125,25.799999237060547,25.969999313354492,25.670000076293945,25.68000030517578,8758600
2016-06-30,20.902254104614258,26.229999542236328,26.420000076293945,25.829999923706055,26.06999969482422,9765900
2016-07-01,21.141321182250977,26.530000686645508,26.649999618530273,26.489999771118164,26.6299991607666,5939300
2016-07-05,20.926162719726562,26.260000228881836,26.299999237060547,26.1200008392334,26.15999984741211,5678400
2016-07-06,20.838502883911133,26.149999618530273,26.200000762939453,25.75,25.799999237060547,6062900
2016-07-07,20.96600341796875,26.309999465942383,26.530000686645508,26.239999771118164,26.25,5327900
2016-07-08,21.300701141357422,26.729999542236328,26.799999237060547,26.40999984741211,26.5,5780600
2016-07-11,21.675235748291016,27.200000762939453,27.3700008392334,27.1299991607666,27.15999984741211,6051600
2016-07-12,21.491952896118164,26.969999313354492,27.290000915527344,26.84000015258789,27.200000762939453,8538700
2016-07-13,21.42820167541504,26.889999389648438,27.010000228881836,26.760000228881836,26.920000076293945,10553300
2016-07-14,21.603515625,27.110000610351562,27.229999542236328,26.639999389648438,27.0,12145100
2016-07-15,21.523826599121094,27.010000228881836,27.260000228881836,26.969999313354492,27.190000534057617,5996500
2016-07-18,22.02586555480957,27.639999389648438,27.649999618530273,27.149999618530273,27.309999465942383,7767300
2016-07-19,21.731021881103516,27.270000457763672,27.520000457763672,27.190000534057617,27.3799991607666,4997300
2016-07-20,21.954139709472656,27.549999237060547,27.59000015258789,27.280000686645508,27.399999618530273,5805100
2016-07-21,21.898359298706055,27.479999542236328,27.81999969482422,27.420000076293945,27.670000076293945,6369300
2016-07-22,22.105554580688477,27.739999771118164,27.790000915527344,27.479999542236328,27.530000686645508,5116800
2016-07-25,22.201181411743164,27.860000610351562,27.920000076293945,27.489999771118164,27.489999771118164,7799700
2016-07-26,22.575714111328125,28.329999923706055,28.40999984741211,27.959999084472656,27.969999313354492,10178800
2016-07-27,22.392433166503906,28.100000381469727,28.489999771118164,27.940000534057617,28.489999771118164,7057700
2016-07-28,22.424301147460938,28.139999389648438,28.389999389648438,28.0,28.290000915527344,4746300
2016-07-29,22.137420654296875,27.780000686645508,28.100000381469727,27.65999984741211,28.100000381469727,7366600
2016-08-01,22.806806564331055,28.6200008392334,28.75,28.350000381469727,28.350000381469727,7328200
2016-08-02,22.440237045288086,28.15999984741211,28.489999771118164,28.059999465942383,28.489999771118164,6088500
2016-08-03,22.440237045288086,28.15999984741211,28.239999771118164,27.90999984741211,28.079999923706055,3872000
2016-08-04,22.631486892700195,28.399999618530273,28.43000030517578,28.1200008392334,28.219999313354492,3165000
2016-08-05,22.942279815673828,28.790000915527344,28.850000381469727,28.6299991607666,28.649999618530273,5573000
2016-08-08,23.18133544921875,29.09000015258789,29.139999389648438,28.709999084472656,28.760000228881836,8731700
2016-08-09,23.428375244140625,29.399999618530273,29.43000030517578,29.139999389648438,29.18000030517578,6660600
2016-08-10,23.28493881225586,29.219999313354492,29.450000762939453,29.18000030517578,29.420000076293945,8229100
2016-08-11,23.221187591552734,29.139999389648438,29.3700008392334,28.799999237060547,29.139999389648438,9134000
2016-08-12,23.300880432128906,29.239999771118164,29.270000457763672,29.059999465942383,29.170000076293945,3481800
2016-08-15,23.420408248901367,29.389999389648438,29.450000762939453,29.309999465942383,29.3799991607666,3187000
2016-08-16,23.17337417602539,29.079999923706055,29.200000762939453,28.979999542236328,29.15999984741211,5914400
2016-08-17,23.093687057495117,28.979999542236328,29.0,28.739999771118164,29.0,6996800
2016-08-18,23.237125396728516,29.15999984741211,29.200000762939453,28.84000015258789,28.90999984741211,4254200
2016-08-19,22.82274627685547,28.639999389648438,28.690000534057617,28.510000228881836,28.6299991607666,6241800
2016-08-22,22.631486892700195,28.399999618530273,28.479999542236328,28.219999313354492,28.299999237060547,6415400
2016-08-23,22.711177825927734,28.5,28.690000534057617,28.459999084472656,28.600000381469727,5501800
2016-08-24,22.623523712158203,28.389999389648438,28.600000381469727,28.34000015258789,28.56999969482422,5391500
2016-08-25,22.79087257385254,28.600000381469727,28.84000015258789,28.520000457763672,28.6299991607666,6388200
2016-08-26,22.82274627685547,28.639999389648438,28.899999618530273,28.43000030517578,28.600000381469727,5267500
2016-08-29,22.87056541442871,28.700000762939453,28.770000457763672,28.559999465942383,28.579999923706055,3143900
2016-08-30,22.806806564331055,28.6200008392334,28.690000534057617,28.530000686645508,28.59000015258789,5001800
2016-08-31,22.90243148803711,28.739999771118164,28.979999542236328,28.670000076293945,28.760000228881836,4674700
2016-09-01,23.07775115966797,28.959999084472656,29.030000686645508,28.6299991607666,28.690000534057617,6066600
2016-09-02,23.221187591552734,29.139999389648438,29.209999084472656,29.030000686645508,29.100000381469727,6050200
2016-09-06,23.500097274780273,29.489999771118164,29.719999313354492,29.299999237060547,29.510000228881836,6433000
2016-09-07,23.76306915283203,29.81999969482422,30.549999237060547,29.780000686645508,30.350000381469727,14429800
2016-09-08,23.73916244506836,29.790000915527344,29.920000076293945,29.639999389648438,29.899999618530273,6361600
2016-09-09,22.782899856567383,28.59000015258789,29.329999923706055,28.549999237060547,29.299999237060547,8325600
2016-09-12,23.101655960083008,28.989999771118164,29.040000915527344,28.200000762939453,28.549999237060547,5844500
2016-09-13,22.703214645385742,28.489999771118164,28.780000686645508,28.309999465942383,28.709999084472656,6857800
2016-09-14,22.806806564331055,28.6200008392334,28.760000228881836,28.360000610351562,28.520000457763672,5088700
2016-09-15,23.25306510925293,29.18000030517578,29.270000457763672,28.610000610351562,28.610000610351562,6305100
2016-09-16,23.037906646728516,28.90999984741211,29.219999313354492,28.770000457763672,29.1299991607666,7329300
2016-09-19,23.850727081298828,29.93000030517578,30.1200008392334,29.8700008392334,29.90999984741211,7696400
2016-09-20,23.82682228088379,29.899999618530273,30.239999771118164,29.889999389648438,30.15999984741211,5763300
2016-09-21,24.30495262145996,30.5,30.559999465942383,30.049999237060547,30.09000015258789,8097200
2016-09-22,24.43245506286621,30.65999984741211,30.950000762939453,30.510000228881836,30.760000228881836,5329000
2016-09-23,24.00213623046875,30.1200008392334,30.670000076293945,30.020000457763672,30.649999618530273,7959800
2016-09-26,23.779008865356445,29.84000015258789,30.06999969482422,29.709999084472656,30.020000457763672,4363300
2016-09-27,24.22526741027832,30.399999618530273,30.43000030517578,29.649999618530273,29.799999237060547,5707200
2016-09-28,24.169483184814453,30.329999923706055,30.5,30.1299991607666,30.469999313354492,4125100
2016-09-29,24.22526741027832,30.399999618530273,30.649999618530273,30.170000076293945,30.309999465942383,5985800
2016-09-30,24.376670837402344,30.59000015258789,30.68000030517578,30.229999542236328,30.290000915527344,5725700
2016-10-03,24.480260848999023,30.719999313354492,30.809999465942383,30.56999969482422,30.639999389648438,4198500
2016-10-04,24.2172908782959,30.389999389648438,30.920000076293945,30.360000610351562,30.81999969482422,5104800
2016-10-05,24.328853607177734,30.530000686645508,30.709999084472656,30.5,30.670000076293945,6205000
2016-10-06,24.520105361938477,30.770000457763672,30.809999465942383,30.3799991607666,30.700000762939453,4099900
2016-10-07,24.846830368041992,31.18000030517578,31.209999084472656,30.649999618530273,30.8799991607666,5753400
2016-10-10,24.926523208618164,31.280000686645508,31.479999542236328,31.15999984741211,31.190000534057617,7810500
2016-10-11,24.488231658935547,30.729999542236328,30.989999771118164,30.510000228881836,30.989999771118164,10157600
2016-10-12,24.9822998046875,31.350000381469727,31.40999984741211,30.700000762939453,30.899999618530273,9587000
2016-10-13,24.328853607177734,30.530000686645508,30.93000030517578,29.520000457763672,30.93000030517578,17323000
2016-10-14,24.43245506286621,30.65999984741211,31.270000457763672,30.56999969482422,31.059999465942383,9822900
2016-10-17,24.360729217529297,30.56999969482422,30.760000228881836,30.3799991607666,30.520000457763672,7598400
2016-10-18,24.591825485229492,30.860000610351562,30.979999542236328,30.690000534057617,30.90999984741211,5487500
2016-10-19,24.687456130981445,30.979999542236328,31.040000915527344,30.65999984741211,30.950000762939453,6733000
2016-10-20,24.751201629638672,31.059999465942383,31.149999618530273,30.799999237060547,30.93000030517578,7329800
2016-10-21,24.767148971557617,31.079999923706055,31.139999389648438,30.760000228881836,30.920000076293945,3817100
2016-10-24,25.03011131286621,31.40999984741211,31.40999984741211,31.079999923706055,31.139999389648438,3768900
2016-10-25,25.141677856445312,31.549999237060547,31.6200008392334,31.3799991607666,31.399999618530273,3214700
2016-10-26,24.870738983154297,31.209999084472656,31.43000030517578,31.06999969482422,31.190000534057617,4121500
2016-10-27,24.520105361938477,30.770000457763672,31.260000228881836,30.75,31.229999542236328,6243200
2016-10-28,24.520105361938477,30.770000457763672,31.100000381469727,30.760000228881836,30.940000534057617,5210800
2016-10-31,24.783079147338867,31.100000381469727,31.1299991607666,30.84000015258789,30.93000030517578,3212300
2016-11-01,24.472288131713867,30.709999084472656,31.200000762939453,30.479999542236328,31.1200008392334,5815800
2016-11-02,24.2172908782959,30.389999389648438,30.729999542236328,30.239999771118164,30.670000076293945,5274700
2016-11-03,24.129638671875,30.280000686645508,30.5,30.18000030517578,30.350000381469727,4890800
2016-11-04,24.097761154174805,30.239999771118164,30.450000762939453,30.020000457763672,30.209999084472656,4431900
2016-11-07,24.9822998046875,31.350000381469727,31.3799991607666,30.68000030517578,30.719999313354492,3981800
2016-11-08,24.97433090209961,31.34000015258789,31.5,31.010000228881836,31.200000762939453,4077100
2016-11-09,24.376670837402344,30.59000015258789,30.989999771118164,30.309999465942383,30.639999389648438,8996700
2016-11-10,23.46025276184082,29.440000534057617,30.549999237060547,29.3700008392334,30.549999237060547,10104300
2016-11-11,23.850727081298828,29.93000030517578,30.079999923706055,28.760000228881836,29.059999465942383,7506800
2016-11-14,22.990087509155273,28.850000381469727,29.600000381469727,28.809999465942383,29.280000686645508,8551400
2016-11-15,23.269006729125977,29.200000762939453,29.440000534057617,28.770000457763672,29.309999465942383,11135600
2016-11-16,23.794940948486328,29.860000610351562,29.899999618530273,29.09000015258789,29.09000015258789,8802600
2016-11-17,23.484161376953125,29.469999313354492,30.020000457763672,29.350000381469727,30.0,7065100
2016-11-18,23.484161376953125,29.469999313354492,29.56999969482422,29.190000534057617,29.43000030517578,5136600
2016-11-21,23.627599716186523,29.649999618530273,29.739999771118164,29.459999084472656,29.600000381469727,4477100
2016-11-22,23.834789276123047,29.90999984741211,30.149999618530273,29.770000457763672,29.969999313354492,8937500
2016-11-23,23.818851470947266,29.889999389648438,30.1299991607666,29.739999771118164,29.899999618530273,4017500
2016-11-25,23.635568618774414,29.65999984741211,29.809999465942383,29.610000610351562,29.75,2101800
2016-11-28,23.635568618774414,29.65999984741211,29.940000534057617,29.540000915527344,29.709999084472656,5435000
2016-11-29,23.547908782958984,29.549999237060547,29.75,29.139999389648438,29.579999923706055,9254600
2016-11-30,23.65947723388672,29.690000534057617,29.81999969482422,29.399999618530273,29.549999237060547,6403400
2016-12-01,22.75102996826172,28.549999237060547,29.520000457763672,28.34000015258789,29.5,12499600
2016-12-02,22.99806022644043,28.860000610351562,28.8700008392334,28.389999389648438,28.520000457763672,5195800
2016-12-05,23.125560760498047,29.020000457763672,29.290000915527344,28.8700008392334,28.940000534057617,3953100
2016-12-06,23.516029357910156,29.510000228881836,29.610000610351562,29.200000762939453,29.309999465942383,4336200
2016-12-07,23.850727081298828,29.93000030517578,29.940000534057617,29.25,29.479999542236328,3911600
2016-12-08,23.938386917114258,30.040000915527344,30.270000457763672,29.860000610351562,30.270000457763672,4094600
2016-12-09,24.00213623046875,30.1200008392334,30.6299991607666,29.959999084472656,30.31999969482422,4387400
2016-12-12,23.82682228088379,29.899999618530273,29.969999313354492,29.6299991607666,29.969999313354492,3428000
2016-12-13,24.19338607788086,30.360000610351562,30.639999389648438,30.030000686645508,30.059999465942383,5857700
2016-12-14,23.80291175842285,29.8700008392334,30.389999389648438,29.850000381469727,30.260000228881836,6108400
2016-12-15,24.03400993347168,30.15999984741211,30.290000915527344,30.030000686645508,30.15999984741211,5073300
2016-12-16,23.492130279541016,29.479999542236328,30.079999923706055,29.389999389648438,30.049999237060547,6662100
2016-12-19,23.324785232543945,29.270000457763672,29.540000915527344,29.170000076293945,29.489999771118164,6157000
2016-12-20,23.356660842895508,29.309999465942383,29.559999465942383,29.139999389648438,29.350000381469727,5570800
2016-12-21,23.221187591552734,29.139999389648438,29.280000686645508,28.90999984741211,29.229999542236328,6267500
2016-12-22,22.90243148803711,28.739999771118164,29.0,28.5,28.989999771118164,7455900
2016-12-23,23.149463653564453,29.049999237060547,29.1299991607666,28.690000534057617,28.780000686645508,4853500
2016-12-27,23.189311981201172,29.100000381469727,29.229999542236328,29.0,29.0,3083000
2016-12-28,23.205251693725586,29.1200008392334,29.31999969482422,29.040000915527344,29.260000228881836,3663300
2016-12-29,23.213224411010742,29.1299991607666,29.15999984741211,28.809999465942383,28.989999771118164,5323900
2016-12-30,22.910402297973633,28.75,29.229999542236328,28.6200008392334,29.200000762939453,4862800
2017-01-03,23.356660842895508,29.309999465942383,29.510000228881836,29.059999465942383,29.25,6280300
2017-01-04,23.348690032958984,29.299999237060547,29.459999084472656,29.200000762939453,29.389999389648438,4391800
2017-01-05,23.747129440307617,29.799999237060547,29.90999984741211,29.520000457763672,29.530000686645508,4775700
2017-01-06,23.611661911010742,29.6299991607666,29.850000381469727,29.459999084472656,29.739999771118164,4878700
2017-01-09,23.938386917114258,30.040000915527344,30.139999389648438,29.719999313354492,29.790000915527344,8371700
2017-01-10,23.962289810180664,30.06999969482422,30.299999237060547,29.899999618530273,30.040000915527344,7582000
2017-01-11,24.041975021362305,30.170000076293945,30.200000762939453,29.719999313354492,29.780000686645508,7467300
2017-01-12,23.34071922302246,29.290000915527344,29.860000610351562,28.979999542236328,29.31999969482422,13032200
2017-01-13,23.46025276184082,29.440000534057617,29.649999618530273,29.219999313354492,29.5,9811100
2017-01-17,23.603694915771484,29.6200008392334,29.649999618530273,29.459999084472656,29.610000610351562,7679800
2017-01-18,23.500097274780273,29.489999771118164,29.68000030517578,29.440000534057617,29.549999237060547,7692800
2017-01-19,23.611661911010742,29.6299991607666,29.690000534057617,29.389999389648438,29.489999771118164,8493200
2017-01-20,23.962289810180664,30.06999969482422,30.260000228881836,29.56999969482422,29.6200008392334,7399400
2017-01-23,24.169483184814453,30.329999923706055,30.489999771118164,30.209999084472656,30.309999465942383,6959800
2017-01-24,24.559955596923828,30.81999969482422,30.899999618530273,30.510000228881836,30.530000686645508,7213600
2017-01-25,24.950429916381836,31.309999465942383,31.329999923706055,30.940000534057617,31.100000381469727,8025800
2017-01-26,24.791053771972656,31.110000610351562,31.450000762939453,31.010000228881836,31.260000228881836,8308700
2017-01-27,24.902610778808594,31.25,31.350000381469727,31.0,31.170000076293945,5982200
2017-01-30,24.854801177978516,31.190000534057617,31.200000762939453,30.940000534057617,31.06999969482422,7253100
2017-01-31,24.63167381286621,30.90999984741211,31.15999984741211,30.729999542236328,31.040000915527344,6263100
2017-02-01,24.767148971557617,31.079999923706055,31.309999465942383,30.84000015258789,31.239999771118164,5036900
2017-02-02,24.528076171875,30.780000686645508,30.889999389648438,30.6200008392334,30.709999084472656,5794800
2017-02-03,24.679492950439453,30.969999313354492,31.079999923706055,30.799999237060547,30.959999084472656,5249100
2017-02-06,24.59980010986328,30.8700008392334,30.950000762939453,30.700000762939453,30.950000762939453,3523700
2017-02-07,24.32088851928711,30.520000457763672,30.969999313354492,30.5,30.90999984741211,6209500
2017-02-08,24.169483184814453,30.329999923706055,30.700000762939453,30.290000915527344,30.690000534057617,7776600
2017-02-09,24.0738525390625,30.209999084472656,30.5,30.170000076293945,30.329999923706055,8547000
2017-02-10,24.472288131713867,30.709999084472656,30.809999465942383,30.350000381469727,30.440000534057617,6749400
2017-02-13,25.253244400024414,31.690000534057617,31.799999237060547,30.940000534057617,30.940000534057617,10203800
2017-02-14,24.966365814208984,31.329999923706055,31.469999313354492,31.110000610351562,31.469999313354492,5208600
2017-02-15,25.301055908203125,31.75,31.799999237060547,31.5,31.5,4577200
2017-02-16,25.75528335571289,32.31999969482422,32.4900016784668,31.6299991607666,31.719999313354492,13197100
2017-02-17,25.77121353149414,32.34000015258789,32.380001068115234,32.02000045776367,32.099998474121094,7518200
2017-02-21,25.763242721557617,32.33000183105469,32.470001220703125,32.16999816894531,32.38999938964844,5475400
2017-02-22,25.556053161621094,32.06999969482422,32.20000076293945,31.90999984741211,32.20000076293945,5296200
2017-02-23,25.301055908203125,31.75,32.150001525878906,31.729999542236328,32.150001525878906,5291200
2017-02-24,25.436527252197266,31.920000076293945,31.920000076293945,31.469999313354492,31.610000610351562,3687100
2017-02-27,25.125743865966797,31.530000686645508,31.81999969482422,31.479999542236328,31.81999969482422,5841900
2017-02-28,25.07792854309082,31.469999313354492,31.68000030517578,31.399999618530273,31.59000015258789,6040800
2017-03-01,25.165578842163086,31.579999923706055,31.600000381469727,31.260000228881836,31.420000076293945,4910300
2017-03-02,24.59980010986328,30.8700008392334,31.239999771118164,30.790000915527344,31.190000534057617,8561100
2017-03-03,24.583866119384766,30.850000381469727,30.920000076293945,30.540000915527344,30.8700008392334,6120700
2017-03-06,24.583866119384766,30.850000381469727,30.940000534057617,30.709999084472656,30.799999237060547,5467400
2017-03-07,24.950429916381836,31.309999465942383,31.399999618530273,30.959999084472656,31.010000228881836,7014000
2017-03-08,24.878704071044922,31.219999313354492,31.520000457763672,31.200000762939453,31.469999313354492,4528500
2017-03-09,24.687456130981445,30.979999542236328,31.059999465942383,30.719999313354492,30.889999389648438,6120700
2017-03-10,24.751201629638672,31.059999465942383,31.079999923706055,30.81999969482422,30.8700008392334,5655300
2017-03-13,25.101829528808594,31.5,31.56999969482422,31.239999771118164,31.270000457763672,3965700
2017-03-14,24.870738983154297,31.209999084472656,31.469999313354492,31.200000762939453,31.3799991607666,5967200
2017-03-15,25.428556442260742,31.90999984741211,32.029998779296875,31.34000015258789,31.3799991607666,4571400
2017-03-16,25.826993942260742,32.40999984741211,32.470001220703125,32.20000076293945,32.25,6489000
2017-03-17,25.97043228149414,32.59000015258789,32.7599983215332,32.439998626708984,32.599998474121094,6199800
2017-03-20,26.17762565612793,32.849998474121094,33.11000061035156,32.709999084472656,32.79999923706055,5126700
2017-03-21,25.882780075073242,32.47999954223633,33.529998779296875,32.439998626708984,33.2400016784668,9159900
2017-03-22,26.05012321472168,32.689998626708984,32.849998474121094,32.47999954223633,32.56999969482422,6713500
2017-03-23,25.946533203125,32.560001373291016,32.65999984741211,32.369998931884766,32.470001220703125,5909900
2017-03-24,26.145750045776367,32.810001373291016,33.099998474121094,32.61000061035156,32.72999954223633,5899900
2017-03-27,26.43263053894043,33.16999816894531,33.2599983215332,32.779998779296875,32.849998474121094,5661500
2017-03-28,26.576066970825195,33.349998474121094,33.43000030517578,33.130001068115234,33.36000061035156,4527000
2017-03-29,26.24137306213379,32.93000030517578,32.970001220703125,32.77000045776367,32.95000076293945,4083900
2017-03-30,26.35293960571289,33.06999969482422,33.150001525878906,32.779998779296875,32.84000015258789,3890600
2017-03-31,26.169658660888672,32.84000015258789,32.939998626708984,32.56999969482422,32.70000076293945,4853500
2017-04-03,26.209497451782227,32.88999938964844,33.0,32.709999084472656,32.939998626708984,4283100
2017-04-04,26.185596466064453,32.86000061035156,32.95000076293945,32.77000045776367,32.79999923706055,3756600
2017-04-05,26.217472076416016,32.900001525878906,33.33000183105469,32.869998931884766,33.060001373291016,5112900
2017-04-06,26.185596466064453,32.86000061035156,32.939998626708984,32.72999954223633,32.880001068115234,3990800
2017-04-07,26.19356918334961,32.869998931884766,33.040000915527344,32.77000045776367,32.86000061035156,3366300
2017-04-10,25.914657592773438,32.52000045776367,32.869998931884766,32.41999816894531,32.869998931884766,4937100
2017-04-11,25.81903076171875,32.400001525878906,32.689998626708984,31.979999542236328,32.689998626708984,6293800
2017-04-12,25.723407745361328,32.279998779296875,32.63999938964844,32.02000045776367,32.470001220703125,6136500
2017-04-13,25.364805221557617,31.829999923706055,32.45000076293945,31.81999969482422,32.099998474121094,8781700
2017-04-17,25.52418327331543,32.029998779296875,32.06999969482422,31.770000457763672,32.040000915527344,6918900
2017-04-18,25.332931518554688,31.790000915527344,31.860000610351562,31.6299991607666,31.760000228881836,5468600
2017-04-19,25.189489364624023,31.610000610351562,31.950000762939453,31.489999771118164,31.920000076293945,4739200
2017-04-20,25.332931518554688,31.790000915527344,31.8700008392334,31.639999389648438,31.770000457763672,4237700
2017-04-21,25.56402587890625,32.08000183105469,32.13999938964844,31.950000762939453,32.09000015258789,4530400
2017-04-24,26.058094024658203,32.70000076293945,32.79999923706055,32.4900016784668,32.58000183105469,5717000
2017-04-25,26.35293960571289,33.06999969482422,33.18000030517578,32.75,32.7599983215332,5614300
2017-04-26,26.29715919494629,33.0,33.11000061035156,32.81999969482422,33.060001373291016,6027700
2017-04-27,26.313098907470703,33.02000045776367,33.29999923706055,33.0099983215332,33.11000061035156,5625600
2017-04-28,26.35293960571289,33.06999969482422,33.25,33.040000915527344,33.150001525878906,5250500
2017-05-01,26.61591148376465,33.400001525878906,33.40999984741211,33.13999938964844,33.15999984741211,4015100
2017-05-02,27.03826332092285,33.93000030517578,33.9900016784668,33.56999969482422,33.56999969482422,5989300
2017-05-03,27.325143814086914,34.290000915527344,34.290000915527344,33.84000015258789,33.880001068115234,6660700
2017-05-04,27.20560073852539,34.13999938964844,34.189998626708984,33.970001220703125,34.189998626708984,5697300
2017-05-05,27.428728103637695,34.41999816894531,34.439998626708984,34.029998779296875,34.15999984741211,5249800
2017-05-08,27.874988555908203,34.97999954223633,35.099998474121094,34.630001068115234,34.70000076293945,6906900
2017-05-09,28.217649459838867,35.40999984741211,35.459999084472656,35.130001068115234,35.130001068115234,7297900
2017-05-10,28.217649459838867,35.40999984741211,35.630001068115234,35.08000183105469,35.27000045776367,9936700
2017-05-11,28.33717918395996,35.560001373291016,35.79999923706055,35.369998931884766,35.619998931884766,6648900
2017-05-12,28.185771942138672,35.369998931884766,35.52000045776367,35.25,35.5,4905000
2017-05-15,27.938735961914062,35.060001373291016,35.38999938964844,34.880001068115234,35.36000061035156,9784700
2017-05-16,27.914836883544922,35.029998779296875,35.029998779296875,34.79999923706055,35.0099983215332,6046200
2017-05-17,27.428728103637695,34.41999816894531,34.810001373291016,34.38999938964844,34.79999923706055,8128100
2017-05-18,27.81123161315918,34.900001525878906,34.9900016784668,34.40999984741211,34.439998626708984,8303700
2017-05-19,28.050302505493164,35.20000076293945,35.22999954223633,34.939998626708984,35.08000183105469,7283300
2017-05-22,28.209684371948242,35.400001525878906,35.5099983215332,35.2599983215332,35.38999938964844,5914200
2017-05-23,28.209684371948242,35.400001525878906,35.4900016784668,35.29999923706055,35.38999938964844,6612800
2017-05-24,28.305301666259766,35.52000045776367,35.59000015258789,35.34000015258789,35.41999816894531,7812500
2017-05-25,28.34514808654785,35.56999969482422,35.790000915527344,35.4900016784668,35.65999984741211,4514900
2017-05-26,28.297340393066406,35.5099983215332,35.58000183105469,35.33000183105469,35.54999923706055,3109800
2017-05-30,28.512493133544922,35.779998779296875,35.810001373291016,35.47999954223633,35.68000030517578,4219300
2017-05-31,28.17780303955078,35.36000061035156,35.36000061035156,35.099998474121094,35.31999969482422,7663100
2017-06-01,28.600162506103516,35.88999938964844,35.91999816894531,35.529998779296875,35.70000076293945,6016100
2017-06-02,28.831249237060547,36.18000030517578,36.22999954223633,35.849998474121094,35.90999984741211,5779200
2017-06-05,28.998592376708984,36.38999938964844,36.66999816894531,36.29999923706055,36.560001373291016,4819600
2017-06-06,29.030460357666016,36.43000030517578,36.58000183105469,36.2400016784668,36.380001068115234,5028000
2017-06-07,29.054378509521484,36.459999084472656,36.709999084472656,36.380001068115234,36.59000015258789,6537700
2017-06-08,29.349224090576172,36.83000183105469,36.900001525878906,36.540000915527344,36.75,7593900
2017-06-09,28.520463943481445,35.790000915527344,36.70000076293945,35.20000076293945,36.58000183105469,12040100
2017-06-12,28.082178115844727,35.2400016784668,35.790000915527344,35.0099983215332,35.790000915527344,11057000
2017-06-13,28.33717918395996,35.560001373291016,35.59000015258789,35.25,35.459999084472656,4969400
2017-06-14,28.408905029296875,35.650001525878906,35.77000045776367,35.369998931884766,35.470001220703125,7016400
2017-06-15,28.241559982299805,35.439998626708984,35.470001220703125,35.0099983215332,35.11000061035156,4623300
2017-06-16,28.584211349487305,35.869998931884766,35.95000076293945,35.720001220703125,35.869998931884766,7432400
2017-06-19,28.855159759521484,36.209999084472656,36.36000061035156,36.06999969482422,36.130001068115234,4523700
2017-06-20,28.791404724121094,36.130001068115234,36.7400016784668,36.119998931884766,36.52000045776367,4987400
2017-06-21,29.253597259521484,36.709999084472656,36.779998779296875,36.209999084472656,36.209999084472656,6329400
2017-06-22,29.253597259521484,36.709999084472656,36.91999816894531,36.630001068115234,36.720001220703125,6273400
2017-06-23,29.269540786743164,36.72999954223633,36.779998779296875,36.540000915527344,36.720001220703125,5558600
2017-06-26,29.729509353637695,36.130001068115234,36.52000045776367,35.91999816894531,36.439998626708984,10127200
2017-06-27,28.873741149902344,35.09000015258789,35.790000915527344,34.970001220703125,35.790000915527344,8081100
2017-06-28,29.087688446044922,35.349998474121094,35.38999938964844,34.75,35.27000045776367,8306200
2017-06-29,28.643348693847656,34.810001373291016,35.22999954223633,34.529998779296875,35.22999954223633,7332200
2017-06-30,28.766780853271484,34.959999084472656,35.09000015258789,34.70000076293945,34.84000015258789,5177500
2017-07-03,28.700950622558594,34.880001068115234,35.16999816894531,34.83000183105469,35.040000915527344,4470600
2017-07-05,28.651573181152344,34.81999969482422,35.08000183105469,34.630001068115234,35.08000183105469,9222200
2017-07-06,28.388267517089844,34.5,34.63999938964844,34.310001373291016,34.5,6493700
2017-07-07,28.4952392578125,34.630001068115234,34.66999816894531,34.47999954223633,34.54999923706055,7937800
2017-07-10,28.799686431884766,35.0,35.15999984741211,34.54999923706055,34.61000061035156,7779700
2017-07-11,29.11236572265625,35.380001068115234,35.43000030517578,35.04999923706055,35.43000030517578,9300800
2017-07-12,29.367450714111328,35.689998626708984,35.79999923706055,35.5,35.650001525878906,9211200
2017-07-13,29.745962142944336,36.150001525878906,36.15999984741211,35.459999084472656,35.459999084472656,9943900
2017-07-14,29.8282527923584,36.25,36.349998474121094,35.97999954223633,36.130001068115234,7196600
2017-07-17,29.548477172851562,35.90999984741211,36.060001373291016,35.63999938964844,36.029998779296875,4649800
2017-07-18,29.515567779541016,35.869998931884766,36.040000915527344,35.720001220703125,35.880001068115234,6185300
2017-07-19,29.95990562438965,36.40999984741211,36.41999816894531,36.060001373291016,36.060001373291016,7033800
2017-07-20,29.70482635498047,36.099998474121094,36.40999984741211,36.08000183105469,36.40999984741211,6996600
2017-07-21,29.499099731445312,35.849998474121094,36.060001373291016,35.70000076293945,36.060001373291016,5023500
2017-07-24,29.803560256958008,36.220001220703125,36.220001220703125,36.0099983215332,36.11000061035156,6842100
2017-07-25,29.70482635498047,36.099998474121094,36.25,35.970001220703125,36.0099983215332,5276300
2017-07-26,29.803560256958008,36.220001220703125,36.25,35.939998626708984,36.099998474121094,4342200
2017-07-27,29.770647048950195,36.18000030517578,36.61000061035156,35.959999084472656,36.540000915527344,7243100
2017-07-28,29.507343292236328,35.86000061035156,36.06999969482422,35.70000076293945,36.04999923706055,3678400
2017-07-31,29.589622497558594,35.959999084472656,36.400001525878906,35.849998474121094,36.029998779296875,7757600
2017-08-01,29.490873336791992,35.84000015258789,35.9900016784668,35.709999084472656,35.95000076293945,5437300
2017-08-02,29.680133819580078,36.06999969482422,36.470001220703125,35.86000061035156,36.400001525878906,6064600
2017-08-03,29.449743270874023,35.790000915527344,36.11000061035156,35.650001525878906,36.11000061035156,3919800
2017-08-04,29.6472225189209,36.029998779296875,36.08000183105469,35.7599983215332,35.93000030517578,4071400
2017-08-07,30.272586822509766,36.790000915527344,36.81999969482422,36.2599983215332,36.2599983215332,4860200
2017-08-08,30.19852638244629,36.70000076293945,36.959999084472656,36.63999938964844,36.709999084472656,3301200
2017-08-09,30.001041412353516,36.459999084472656,36.470001220703125,36.029998779296875,36.20000076293945,3153700
2017-08-10,29.079458236694336,35.34000015258789,36.029998779296875,35.34000015258789,36.0,5605400
2017-08-11,29.737735748291016,36.13999938964844,36.20000076293945,35.43000030517578,35.52000045776367,4291100
2017-08-14,29.663679122924805,36.04999923706055,36.099998474121094,35.849998474121094,36.029998779296875,3875600
2017-08-15,29.968128204345703,36.41999816894531,36.4900016784668,36.09000015258789,36.189998626708984,3820400
2017-08-16,29.90230369567871,36.34000015258789,36.439998626708984,36.13999938964844,36.20000076293945,3232000
2017-08-17,29.449743270874023,35.790000915527344,36.34000015258789,35.77000045776367,36.29999923706055,3324000
2017-08-18,29.507343292236328,35.86000061035156,36.099998474121094,35.61000061035156,36.0,3692800
2017-08-21,29.606081008911133,35.97999954223633,36.0099983215332,35.630001068115234,35.90999984741211,3588100
2017-08-22,30.050416946411133,36.52000045776367,36.66999816894531,36.34000015258789,36.470001220703125,3202300
2017-08-23,30.099794387817383,36.58000183105469,36.599998474121094,36.369998931884766,36.470001220703125,2956400
2017-08-24,30.305496215820312,36.83000183105469,36.93000030517578,36.58000183105469,36.779998779296875,4544500
2017-08-25,30.321958541870117,36.849998474121094,37.060001373291016,36.75,36.93000030517578,2975200
2017-08-28,30.256132125854492,36.77000045776367,36.869998931884766,36.56999969482422,36.59000015258789,2199900
2017-08-29,30.34664535522461,36.880001068115234,36.970001220703125,36.5,36.52000045776367,2997700
2017-08-30,30.38779067993164,36.93000030517578,37.08000183105469,36.79999923706055,36.880001068115234,2838900
2017-08-31,30.420698165893555,36.970001220703125,36.97999954223633,36.70000076293945,36.95000076293945,4288600
2017-09-01,30.626405715942383,37.220001220703125,37.2400016784668,36.90999984741211,37.0,4100000
2017-09-05,30.321958541870117,36.849998474121094,37.400001525878906,36.650001525878906,37.25,7123000
2017-09-06,30.667552947998047,37.27000045776367,37.369998931884766,37.0,37.060001373291016,4187700
2017-09-07,30.889720916748047,37.540000915527344,37.540000915527344,37.18000030517578,37.2400016784668,3597500
2017-09-08,30.856807708740234,37.5,37.68000030517578,37.349998474121094,37.56999969482422,5581800
2017-09-11,31.136571884155273,37.84000015258789,37.880001068115234,37.349998474121094,37.38999938964844,6920100
2017-09-12,31.15303611755371,37.86000061035156,37.939998626708984,37.650001525878906,37.849998474121094,3524500
2017-09-13,30.881494522094727,37.529998779296875,37.790000915527344,37.4900016784668,37.66999816894531,4983400
2017-09-14,30.75806999206543,37.380001068115234,37.72999954223633,37.369998931884766,37.5,5799000
2017-09-15,30.98023223876953,37.650001525878906,37.66999816894531,37.400001525878906,37.52000045776367,7245600
2017-09-18,31.325830459594727,38.06999969482422,38.119998931884766,37.83000183105469,37.869998931884766,6179600
2017-09-19,31.51509666442871,38.29999923706055,38.43000030517578,38.130001068115234,38.18000030517578,6559400
2017-09-20,31.120119094848633,37.81999969482422,38.38999938964844,37.439998626708984,38.36000061035156,7961100
2017-09-21,31.46571159362793,38.2400016784668,38.33000183105469,37.66999816894531,37.790000915527344,8458000
2017-09-22,31.0789794921875,37.77000045776367,37.83000183105469,37.59000015258789,37.70000076293945,4529900
2017-09-25,30.50298309326172,37.06999969482422,37.5,36.86000061035156,37.5,5895000
2017-09-26,30.560579299926758,37.13999938964844,37.31999969482422,36.93000030517578,37.09000015258789,5995400
2017-09-27,30.651098251342773,37.25,37.36000061035156,37.0099983215332,37.290000915527344,4802700
2017-09-28,30.486528396606445,37.04999923706055,37.099998474121094,36.790000915527344,36.959999084472656,7618700
2017-09-29,30.897945404052734,37.54999923706055,37.599998474121094,37.2599983215332,37.2599983215332,3818500
2017-10-02,31.375198364257812,38.130001068115234,38.18000030517578,37.77000045776367,37.83000183105469,5096200
2017-10-03,31.630290985107422,38.439998626708984,38.470001220703125,38.25,38.36000061035156,3727100
2017-10-04,31.490398406982422,38.27000045776367,38.34000015258789,38.130001068115234,38.25,2717200
2017-10-05,31.646745681762695,38.459999084472656,38.849998474121094,38.38999938964844,38.65999984741211,4456400
2017-10-06,31.646745681762695,38.459999084472656,38.47999954223633,38.209999084472656,38.40999984741211,3086100
2017-10-09,31.901830673217773,38.77000045776367,38.810001373291016,38.5,38.599998474121094,1963500
2017-10-10,32.066402435302734,38.970001220703125,39.15999984741211,38.81999969482422,39.11000061035156,4112000
2017-10-11,33.201927185058594,40.349998474121094,40.38999938964844,39.68000030517578,39.79999923706055,9015400
2017-10-12,33.275978088378906,40.439998626708984,40.65999984741211,40.31999969482422,40.4900016784668,5524100
2017-10-13,33.58865737915039,40.81999969482422,40.86000061035156,40.630001068115234,40.70000076293945,3913100
2017-10-16,33.64625930786133,40.88999938964844,40.91999816894531,40.650001525878906,40.880001068115234,2707000
2017-10-17,33.9424934387207,41.25,41.25,40.540000915527344,40.83000183105469,7582200
2017-10-18,34.14820861816406,41.5,41.720001220703125,40.93000030517578,41.400001525878906,6653200
2017-10-19,33.794376373291016,41.06999969482422,41.290000915527344,40.5,41.02000045776367,5710500
2017-10-20,33.83550262451172,41.119998931884766,41.119998931884766,40.83000183105469,41.02000045776367,5251600
2017-10-23,33.90957260131836,41.209999084472656,41.47999954223633,41.11000061035156,41.369998931884766,5092400
2017-10-24,34.00009536743164,41.31999969482422,41.380001068115234,40.970001220703125,41.2599983215332,4251600
2017-10-25,33.868431091308594,41.15999984741211,41.40999984741211,40.70000076293945,41.29999923706055,3360000
2017-10-26,33.90135192871094,41.20000076293945,41.34000015258789,41.06999969482422,41.18000030517578,3651500
2017-10-27,34.68305206298828,42.150001525878906,42.18000030517578,41.41999816894531,41.47999954223633,4822800
2017-10-30,34.666595458984375,42.130001068115234,42.65999984741211,42.08000183105469,42.36000061035156,5200800
2017-10-31,34.83116912841797,42.33000183105469,42.52000045776367,42.099998474121094,42.18000030517578,3704500
2017-11-01,34.641910552978516,42.099998474121094,42.5,41.86000061035156,42.47999954223633,4235700
2017-11-02,34.68305206298828,42.150001525878906,42.2400016784668,41.95000076293945,42.09000015258789,3255800
2017-11-03,34.71596145629883,42.189998626708984,42.22999954223633,41.59000015258789,41.900001525878906,6140900
2017-11-06,34.913448333740234,42.43000030517578,42.47999954223633,42.08000183105469,42.189998626708984,5650500
2017-11-07,34.979278564453125,42.5099983215332,42.709999084472656,42.2599983215332,42.63999938964844,2761600
2017-11-08,34.913448333740234,42.43000030517578,42.540000915527344,42.209999084472656,42.41999816894531,2378400
2017-11-09,34.26340103149414,41.63999938964844,42.220001220703125,41.290000915527344,42.13999938964844,4680100
2017-11-10,34.329227447509766,41.720001220703125,41.81999969482422,41.59000015258789,41.790000915527344,5333900
2017-11-13,34.56785583496094,42.0099983215332,42.0099983215332,41.5099983215332,41.720001220703125,2222000
2017-11-14,34.44443130493164,41.86000061035156,41.88999938964844,41.5099983215332,41.779998779296875,2799400
2017-11-15,34.181121826171875,41.540000915527344,41.650001525878906,41.279998779296875,41.38999938964844,3417300
2017-11-16,34.641910552978516,42.099998474121094,42.2400016784668,41.75,41.75,3304500
2017-11-17,34.617225646972656,42.06999969482422,42.41999816894531,41.970001220703125,42.2400016784668,3702000
2017-11-20,34.73242950439453,42.209999084472656,42.279998779296875,41.959999084472656,42.06999969482422,4455300
2017-11-21,35.0368766784668,42.58000183105469,42.869998931884766,42.54999923706055,42.619998931884766,3668500
2017-11-22,34.896995544433594,42.40999984741211,42.7400016784668,42.290000915527344,42.59000015258789,2768600
2017-11-24,35.37424850463867,42.9900016784668,43.02000045776367,42.61000061035156,42.66999816894531,1499700
2017-11-27,33.81082534790039,41.09000015258789,41.68000030517578,41.060001373291016,41.66999816894531,8188400
2017-11-28,33.67918395996094,40.93000030517578,41.220001220703125,40.810001373291016,41.029998779296875,4864800
2017-11-29,32.428443908691406,39.40999984741211,40.90999984741211,39.2400016784668,40.880001068115234,11796100
2017-11-30,32.58478927612305,39.599998474121094,39.7400016784668,39.16999816894531,39.599998474121094,9357100
2017-12-01,32.66706848144531,39.70000076293945,39.9900016784668,39.0,39.95000076293945,7192200
2017-12-04,32.411983489990234,39.38999938964844,40.130001068115234,39.29999923706055,40.04999923706055,7109000
2017-12-05,32.25564956665039,39.20000076293945,39.52000045776367,38.93000030517578,39.20000076293945,4504000
2017-12-06,31.827775955200195,38.68000030517578,39.09000015258789,38.52000045776367,38.959999084472656,8622000
2017-12-07,32.09930419921875,39.0099983215332,39.029998779296875,38.61000061035156,38.75,11285400
2017-12-08,32.0910758972168,39.0,39.54999923706055,38.95000076293945,39.380001068115234,5071600
2017-12-11,32.39553451538086,39.369998931884766,39.58000183105469,39.18000030517578,39.189998626708984,5272500
2017-12-12,32.33794021606445,39.29999923706055,39.380001068115234,39.08000183105469,39.220001220703125,5488100
2017-12-13,32.329708099365234,39.290000915527344,39.4900016784668,39.220001220703125,39.470001220703125,4227100
2017-12-14,32.42021560668945,39.400001525878906,39.650001525878906,39.31999969482422,39.5,4737600
2017-12-15,32.502506256103516,39.5,39.619998931884766,39.25,39.400001525878906,7156400
2017-12-18,32.42021560668945,39.400001525878906,39.470001220703125,39.20000076293945,39.380001068115234,5746900
2017-12-19,32.370849609375,39.34000015258789,39.40999984741211,39.119998931884766,39.209999084472656,4454900
2017-12-20,32.45313262939453,39.439998626708984,39.61000061035156,39.16999816894531,39.380001068115234,6330100
2017-12-21,32.280338287353516,39.22999954223633,39.65999984741211,39.20000076293945,39.560001373291016,3563100
2017-12-22,32.60947799682617,39.630001068115234,39.630001068115234,39.29999923706055,39.599998474121094,2523600
2017-12-26,32.049930572509766,38.95000076293945,39.310001373291016,38.810001373291016,39.310001373291016,2861500
2017-12-27,32.15690612792969,39.08000183105469,39.11000061035156,38.880001068115234,39.0,3092900
2017-12-28,32.69999313354492,39.7400016784668,39.88999938964844,39.400001525878906,39.5099983215332,4279500
2017-12-29,32.62593460083008,39.650001525878906,40.220001220703125,39.650001525878906,39.849998474121094,3870900
2018-01-02,33.75323486328125,41.02000045776367,41.04999923706055,40.41999816894531,40.5099983215332,4984000
2018-01-03,34.32099533081055,41.709999084472656,41.810001373291016,41.439998626708984,41.59000015258789,6963200
2018-01-04,34.13998031616211,41.4900016784668,42.0,41.45000076293945,41.91999816894531,4876600
2018-01-05,34.938133239746094,42.459999084472656,42.56999969482422,41.790000915527344,41.88999938964844,5330800
2018-01-08,34.92168045043945,42.439998626708984,42.47999954223633,42.189998626708984,42.400001525878906,3538200
2018-01-09,34.70773696899414,42.18000030517578,42.5,42.130001068115234,42.4900016784668,5729900
2018-01-10,33.9836311340332,41.29999923706055,41.45000076293945,40.720001220703125,41.349998474121094,7102700
2018-01-11,33.76145553588867,41.029998779296875,41.400001525878906,40.95000076293945,41.220001220703125,5701800
2018-01-12,33.893123626708984,41.189998626708984,41.29999923706055,40.7599983215332,41.040000915527344,5028000
2018-01-16,34.74888229370117,42.22999954223633,42.349998474121094,41.810001373291016,42.0099983215332,9081600
2018-01-17,35.48944854736328,43.130001068115234,43.27000045776367,42.5,42.65999984741211,7117700
2018-01-18,36.67434310913086,44.56999969482422,44.849998474121094,43.5,43.86000061035156,11866200
2018-01-19,36.756629943847656,44.66999816894531,45.540000915527344,44.58000183105469,45.06999969482422,6543700
2018-01-22,38.1636962890625,46.380001068115234,46.400001525878906,45.939998626708984,46.0,8335800
2018-01-23,38.0814208984375,46.279998779296875,46.56999969482422,46.060001373291016,46.47999954223633,5659600
2018-01-24,37.29970932006836,45.33000183105469,45.66999816894531,45.25,45.63999938964844,7400600
2018-01-25,37.11045455932617,45.099998474121094,45.779998779296875,45.040000915527344,45.709999084472656,7655700
2018-01-26,37.62062454223633,45.720001220703125,45.7400016784668,45.029998779296875,45.5,7057300
2018-01-29,37.35730743408203,45.400001525878906,45.689998626708984,45.20000076293945,45.470001220703125,11604400
2018-01-30,36.929420471191406,44.880001068115234,45.029998779296875,44.400001525878906,44.56999969482422,10224600
2018-01-31,37.28325271606445,45.310001373291016,45.79999923706055,45.119998931884766,45.43000030517578,6333300
2018-02-01,37.39845657348633,45.45000076293945,45.93000030517578,45.29999923706055,45.33000183105469,6706500
2018-02-02,36.62498092651367,44.5099983215332,45.31999969482422,44.45000076293945,45.0099983215332,12051800
2018-02-05,35.34132766723633,42.95000076293945,44.810001373291016,42.810001373291016,44.04999923706055,11748300
2018-02-06,35.867950439453125,43.59000015258789,43.70000076293945,42.099998474121094,42.27000045776367,13414100
2018-02-07,34.46088409423828,41.880001068115234,42.9900016784668,41.880001068115234,42.9900016784668,15239500
2018-02-08,33.210166931152344,40.36000061035156,42.119998931884766,40.36000061035156,42.11000061035156,11356000
2018-02-09,34.12351989746094,41.470001220703125,41.68000030517578,39.959999084472656,40.7400016784668,10588400
2018-02-12,34.9957389831543,42.529998779296875,42.790000915527344,41.959999084472656,42.029998779296875,6573300
2018-02-13,34.872310638427734,42.380001068115234,42.65999984741211,41.880001068115234,42.540000915527344,5831900
2018-02-14,35.423614501953125,43.04999923706055,43.09000015258789,41.91999816894531,42.16999816894531,6860100
2018-02-15,35.81036376953125,43.52000045776367,43.75,42.75,43.52000045776367,6116500
2018-02-16,35.77743911743164,43.47999954223633,43.959999084472656,43.310001373291016,43.349998474121094,4792100
2018-02-20,35.99137496948242,43.7400016784668,44.15999984741211,43.0,43.08000183105469,9291700
2018-02-21,35.29196548461914,42.88999938964844,43.81999969482422,42.869998931884766,43.65999984741211,6612600
2018-02-22,34.88054275512695,42.38999938964844,42.7400016784668,42.18000030517578,42.66999816894531,7984000
2018-02-23,36.12302780151367,43.900001525878906,43.900001525878906,43.11000061035156,43.38999938964844,7204900
2018-02-26,36.54269790649414,44.40999984741211,44.40999984741211,43.79999923706055,44.11000061035156,3897600
2018-02-27,35.89263916015625,43.619998931884766,44.29999923706055,43.61000061035156,44.04999923706055,5999100
2018-02-28,35.67047119140625,43.349998474121094,43.90999984741211,43.290000915527344,43.66999816894531,6400100
2018-03-01,35.15207290649414,42.720001220703125,43.560001373291016,42.310001373291016,43.349998474121094,7792400
2018-03-02,35.39069747924805,43.0099983215332,43.04999923706055,42.150001525878906,42.38999938964844,4819600
2018-03-05,35.78567123413086,43.4900016784668,43.7599983215332,42.869998931884766,43.04999923706055,5977200
2018-03-06,35.826812744140625,43.540000915527344,44.400001525878906,43.43000030517578,44.34000015258789,8632000
2018-03-07,36.369895935058594,44.20000076293945,44.279998779296875,43.18000030517578,43.310001373291016,4482900
2018-03-08,36.04075622558594,43.79999923706055,44.38999938964844,43.59000015258789,44.29999923706055,7092400
2018-03-09,36.6908073425293,44.59000015258789,44.599998474121094,43.52000045776367,44.04999923706055,8336200
2018-03-12,37.20919418334961,45.220001220703125,45.349998474121094,44.75,44.790000915527344,5176100
2018-03-13,37.01994705200195,44.9900016784668,45.75,44.90999984741211,45.5,5842300
2018-03-14,37.151588439941406,45.150001525878906,45.45000076293945,44.83000183105469,45.43000030517578,4300500
2018-03-15,37.28325271606445,45.310001373291016,45.650001525878906,44.88999938964844,45.099998474121094,3942200
2018-03-16,37.003482818603516,44.970001220703125,45.52000045776367,44.93000030517578,45.0,8125600
2018-03-19,36.69902801513672,44.599998474121094,44.869998931884766,44.189998626708984,44.720001220703125,5116500
2018-03-20,36.88829040527344,44.83000183105469,44.90999984741211,44.52000045776367,44.70000076293945,6404200
2018-03-21,36.781314849853516,44.70000076293945,44.849998474121094,44.25,44.56999969482422,7036400
2018-03-22,35.95023727416992,43.689998626708984,44.369998931884766,43.689998626708984,44.099998474121094,6318500
2018-03-23,35.0368766784668,42.58000183105469,43.70000076293945,42.58000183105469,43.630001068115234,5923500
2018-03-26,36.427490234375,44.27000045776367,44.279998779296875,43.18000030517578,43.810001373291016,5395200
2018-03-27,35.62109375,43.290000915527344,44.84000015258789,43.130001068115234,44.720001220703125,6995000
2018-03-28,35.12739181518555,42.689998626708984,43.16999816894531,42.439998626708984,42.97999954223633,8563100
2018-03-29,36.00783920288086,43.7599983215332,43.91999816894531,42.959999084472656,43.0,7758900
2018-04-02,34.97105026245117,42.5,43.59000015258789,42.41999816894531,43.34000015258789,6361200
2018-04-03,35.77743911743164,43.47999954223633,44.279998779296875,43.029998779296875,44.27000045776367,6174500
2018-04-04,36.15594482421875,43.939998626708984,43.939998626708984,42.349998474121094,42.369998931884766,5497100
2018-04-05,35.645790100097656,43.31999969482422,44.22999954223633,43.13999938964844,44.029998779296875,6115100
2018-04-06,34.90522003173828,42.41999816894531,43.16999816894531,42.2599983215332,42.880001068115234,5133100
2018-04-09,35.44007110595703,43.06999969482422,44.040000915527344,42.90999984741211,43.09000015258789,6696400
2018-04-10,35.8597297668457,43.58000183105469,44.220001220703125,43.029998779296875,43.869998931884766,5682300
2018-04-11,35.69515609741211,43.380001068115234,43.790000915527344,43.25,43.25,4788000
2018-04-12,36.08189392089844,43.849998474121094,43.849998474121094,43.04999923706055,43.33000183105469,7574700
2018-04-13,35.094486236572266,42.650001525878906,43.7400016784668,42.560001373291016,43.689998626708984,5749900
2018-04-16,35.275508880615234,42.869998931884766,43.0099983215332,42.68000030517578,42.810001373291016,5206900
2018-04-17,34.81471252441406,42.310001373291016,42.36000061035156,41.77000045776367,42.09000015258789,9831100
2018-04-18,34.49380111694336,41.91999816894531,42.2599983215332,41.209999084472656,42.099998474121094,8947400
2018-04-19,32.527191162109375,39.529998779296875,40.08000183105469,39.11000061035156,39.93000030517578,27527000
2018-04-20,32.049930572509766,38.95000076293945,39.540000915527344,38.81999969482422,39.369998931884766,15313300
2018-04-23,31.8853702545166,38.75,39.08000183105469,38.529998779296875,38.959999084472656,11178300
2018-04-24,31.8853702545166,38.75,39.209999084472656,38.29999923706055,39.040000915527344,13004000
2018-04-25,31.408113479614258,38.16999816894531,38.4900016784668,38.02000045776367,38.36000061035156,12359200
2018-04-26,31.408113479614258,38.16999816894531,38.560001373291016,38.08000183105469,38.08000183105469,7685800
2018-04-27,31.408113479614258,38.16999816894531,38.7400016784668,37.9900016784668,38.7400016784668,8276100
2018-04-30,31.63850975036621,38.45000076293945,38.84000015258789,38.380001068115234,38.689998626708984,7968000
2018-05-01,32.03347396850586,38.93000030517578,38.939998626708984,38.2599983215332,38.34000015258789,5507000
2018-05-02,31.06253433227539,37.75,38.599998474121094,37.650001525878906,38.599998474121094,11522200
2018-05-03,31.350509643554688,38.099998474121094,38.189998626708984,37.29999923706055,37.54999923706055,7021400
2018-05-04,31.753721237182617,38.59000015258789,38.65999984741211,37.939998626708984,38.0,9474000
2018-05-07,31.63850975036621,38.45000076293945,38.650001525878906,38.2400016784668,38.45000076293945,4590100
2018-05-08,32.239192962646484,39.18000030517578,39.380001068115234,38.939998626708984,38.97999954223633,8116600
2018-05-09,32.379066467285156,39.349998474121094,39.459999084472656,39.15999984741211,39.369998931884766,5861400
2018-05-10,32.72468185424805,39.77000045776367,39.869998931884766,39.439998626708984,39.56999969482422,7957900
2018-05-11,32.839874267578125,39.90999984741211,40.18000030517578,39.63999938964844,40.040000915527344,4184400
2018-05-14,32.87277603149414,39.95000076293945,40.54999923706055,39.880001068115234,40.130001068115234,5014000
2018-05-15,32.33794021606445,39.29999923706055,39.400001525878906,38.959999084472656,39.36000061035156,5622800
2018-05-16,32.74113082885742,39.790000915527344,39.83000183105469,39.279998779296875,39.400001525878906,7671500
2018-05-17,32.058162689208984,38.959999084472656,39.2400016784668,38.66999816894531,39.06999969482422,7964200
2018-05-18,31.61383056640625,38.41999816894531,38.54999923706055,38.279998779296875,38.470001220703125,7783900
2018-05-21,32.477813720703125,39.470001220703125,39.70000076293945,39.119998931884766,39.34000015258789,7902200
2018-05-22,32.61770248413086,39.63999938964844,39.790000915527344,39.45000076293945,39.470001220703125,5752000
2018-05-23,32.62593460083008,39.650001525878906,39.650001525878906,39.09000015258789,39.13999938964844,4815400
2018-05-24,32.313255310058594,39.27000045776367,39.45000076293945,38.779998779296875,39.369998931884766,7930800
2018-05-25,32.33794021606445,39.29999923706055,39.4900016784668,38.93000030517578,39.099998474121094,5403000
2018-05-29,31.399887084960938,38.15999984741211,38.560001373291016,38.029998779296875,38.4900016784668,7198200
2018-05-30,31.548004150390625,38.34000015258789,38.400001525878906,38.06999969482422,38.29999923706055,8413400
2018-05-31,31.844236373901367,38.70000076293945,38.86000061035156,38.290000915527344,38.33000183105469,8129400
2018-06-01,32.25564956665039,39.20000076293945,39.20000076293945,38.79999923706055,38.9900016784668,5970000
2018-06-04,32.889244079589844,39.970001220703125,40.0,39.66999816894531,39.849998474121094,8927200
2018-06-05,32.53541946411133,39.540000915527344,39.86000061035156,39.400001525878906,39.70000076293945,6345900
2018-06-06,32.551883697509766,39.560001373291016,39.93000030517578,39.560001373291016,39.849998474121094,9829700
2018-06-07,32.518959045410156,39.52000045776367,39.939998626708984,39.459999084472656,39.560001373291016,8216900
2018-06-08,32.03347396850586,38.93000030517578,39.15999984741211,38.52000045776367,39.15999984741211,8081300
2018-06-11,31.893598556518555,38.7599983215332,39.150001525878906,38.7599983215332,39.0,4511600
2018-06-12,32.25564956665039,39.20000076293945,39.36000061035156,38.97999954223633,39.130001068115234,6582600
2018-06-13,32.13221740722656,39.04999923706055,39.88999938964844,39.04999923706055,39.72999954223633,9616600
2018-06-14,31.761945724487305,38.599998474121094,39.06999969482422,38.599998474121094,39.029998779296875,7636000
2018-06-15,31.835996627807617,38.689998626708984,38.939998626708984,38.54999923706055,38.81999969482422,11235700
2018-06-18,31.47394371032715,38.25,38.36000061035156,37.84000015258789,38.310001373291016,8921400
2018-06-19,30.906177520751953,37.560001373291016,37.970001220703125,37.349998474121094,37.70000076293945,9848900
2018-06-20,31.556232452392578,38.349998474121094,38.59000015258789,38.0099983215332,38.34000015258789,8668600
2018-06-21,30.955549240112305,37.619998931884766,38.0099983215332,37.54999923706055,37.869998931884766,9246700
2018-06-22,31.36697006225586,38.119998931884766,38.310001373291016,37.970001220703125,38.27000045776367,10338500
2018-06-25,31.140928268432617,36.5099983215332,36.560001373291016,36.04999923706055,36.29999923706055,10528100
2018-06-26,31.098295211791992,36.459999084472656,36.70000076293945,36.11000061035156,36.33000183105469,8817000
2018-06-27,30.288005828857422,35.5099983215332,36.31999969482422,35.5099983215332,36.25,8798100
2018-06-28,30.65477180480957,35.939998626708984,35.939998626708984,35.349998474121094,35.5,7199000
2018-06-29,31.183589935302734,36.560001373291016,36.77000045776367,36.439998626708984,36.54999923706055,8088200
2018-07-02,31.166536331176758,36.540000915527344,36.56999969482422,36.040000915527344,36.209999084472656,7365500
2018-07-03,31.03858757019043,36.38999938964844,36.61000061035156,36.349998474121094,36.38999938964844,6512600
2018-07-05,31.209184646606445,36.59000015258789,36.599998474121094,36.2400016784668,36.400001525878906,9230900
2018-07-06,31.789186477661133,37.27000045776367,37.349998474121094,36.7599983215332,36.81999969482422,7251600
2018-07-09,32.26683044433594,37.83000183105469,38.029998779296875,37.56999969482422,37.869998931884766,7124100
2018-07-10,32.35212707519531,37.93000030517578,37.95000076293945,37.470001220703125,37.470001220703125,7211500
2018-07-11,31.533300399780273,36.970001220703125,37.349998474121094,36.900001525878906,37.33000183105469,7316200
2018-07-12,31.823291778564453,37.310001373291016,37.59000015258789,37.20000076293945,37.33000183105469,5275300
2018-07-13,32.21565246582031,37.77000045776367,37.79999923706055,37.47999954223633,37.540000915527344,4947500
2018-07-16,32.23270797729492,37.790000915527344,37.88999938964844,37.650001525878906,37.880001068115234,5399200
2018-07-17,32.44594955444336,38.040000915527344,38.119998931884766,37.349998474121094,37.5,6238500
2018-07-18,32.761539459228516,38.40999984741211,38.470001220703125,37.880001068115234,38.040000915527344,10532200
2018-07-19,33.955657958984375,39.810001373291016,40.38999938964844,38.619998931884766,39.439998626708984,17762300
2018-07-20,34.7403678894043,40.72999954223633,40.849998474121094,39.84000015258789,39.9900016784668,14481000
2018-07-23,34.74889373779297,40.7400016784668,40.97999954223633,40.630001068115234,40.81999969482422,6832800
2018-07-24,34.45036315917969,40.38999938964844,41.209999084472656,40.380001068115234,41.099998474121094,7018300
2018-07-25,34.876834869384766,40.88999938964844,40.900001525878906,40.310001373291016,40.529998779296875,7725700
2018-07-26,34.8171272277832,40.81999969482422,40.939998626708984,40.439998626708984,40.70000076293945,8476600
2018-07-27,35.3544807434082,41.45000076293945,41.91999816894531,40.939998626708984,40.939998626708984,9468500
2018-07-30,35.047420501708984,41.09000015258789,41.52000045776367,40.88999938964844,41.45000076293945,5174300
2018-07-31,35.149776458740234,41.209999084472656,41.58000183105469,41.09000015258789,41.2599983215332,4908300
2018-08-01,35.57624053955078,41.709999084472656,41.72999954223633,41.31999969482422,41.439998626708984,6115000
2018-08-02,35.43977355957031,41.54999923706055,41.650001525878906,41.0,41.099998474121094,4669300
2018-08-03,35.55918502807617,41.689998626708984,41.95000076293945,41.560001373291016,41.63999938964844,4575200
2018-08-06,35.03036880493164,41.06999969482422,41.41999816894531,41.0,41.20000076293945,7245800
2018-08-07,35.175376892089844,41.2400016784668,41.25,40.84000015258789,41.06999969482422,7494900
2018-08-08,35.79801559448242,41.970001220703125,42.11000061035156,41.45000076293945,41.560001373291016,5089600
2018-08-09,35.687137603759766,41.84000015258789,41.95000076293945,41.68000030517578,41.939998626708984,4513300
2018-08-10,34.996238708496094,41.029998779296875,41.29999923706055,40.790000915527344,41.29999923706055,7053200
2018-08-13,34.72331619262695,40.709999084472656,40.9900016784668,40.470001220703125,40.689998626708984,6708600
2018-08-14,34.893890380859375,40.90999984741211,41.189998626708984,40.869998931884766,41.0,5339100
2018-08-15,34.50154495239258,40.45000076293945,40.54999923706055,40.119998931884766,40.45000076293945,6052800
2018-08-16,34.46742630004883,40.40999984741211,40.72999954223633,40.369998931884766,40.45000076293945,5544000
2018-08-17,34.228599548339844,40.130001068115234,40.220001220703125,39.790000915527344,40.189998626708984,7897200
2018-08-20,34.203006744384766,40.099998474121094,40.2400016784668,39.900001525878906,40.02000045776367,4156700
2018-08-21,34.876834869384766,40.88999938964844,41.040000915527344,40.36000061035156,40.369998931884766,6075100
2018-08-22,34.8853645324707,40.900001525878906,41.04999923706055,40.540000915527344,40.849998474121094,5512700
2018-08-23,34.69771957397461,40.68000030517578,41.349998474121094,40.68000030517578,41.29999923706055,4126100
2018-08-24,35.175376892089844,41.2400016784668,41.40999984741211,40.83000183105469,40.93000030517578,4232000
2018-08-27,35.42271041870117,41.529998779296875,41.709999084472656,41.369998931884766,41.43000030517578,5733000
2018-08-28,36.12213134765625,42.349998474121094,42.7599983215332,42.25,42.38999938964844,10683500
2018-08-29,37.64037322998047,44.130001068115234,44.380001068115234,43.09000015258789,43.189998626708984,12278200
2018-08-30,37.06889724731445,43.459999084472656,44.4900016784668,43.40999984741211,44.349998474121094,7826200
2018-08-31,37.18831253051758,43.599998474121094,43.61000061035156,42.959999084472656,43.119998931884766,8782900
2018-09-04,37.62331771850586,44.11000061035156,44.119998931884766,43.189998626708984,43.2599983215332,8174900
2018-09-05,37.71714401245117,44.220001220703125,44.56999969482422,44.02000045776367,44.09000015258789,7262400
2018-09-06,37.572139739990234,44.04999923706055,44.06999969482422,43.58000183105469,43.939998626708984,10424900
2018-09-07,38.28007125854492,44.880001068115234,45.2400016784668,43.97999954223633,44.0,14256000
2018-09-10,38.05830764770508,44.619998931884766,45.060001373291016,44.52000045776367,45.0,6824900
2018-09-11,37.99860382080078,44.54999923706055,44.56999969482422,43.58000183105469,43.63999938964844,12509700
2018-09-12,37.478302001953125,43.939998626708984,44.29999923706055,43.81999969482422,43.91999816894531,10303700
2018-09-13,37.043312072753906,43.43000030517578,43.9900016784668,43.27000045776367,43.9900016784668,9624500
2018-09-14,37.87918472290039,44.40999984741211,44.560001373291016,43.95000076293945,44.02000045776367,5295400
2018-09-17,37.32477951049805,43.7599983215332,44.13999938964844,43.470001220703125,43.630001068115234,6210300
2018-09-18,37.154205322265625,43.560001373291016,44.09000015258789,43.349998474121094,43.5,8814200
2018-09-19,37.54653549194336,44.02000045776367,44.38999938964844,43.7400016784668,44.20000076293945,6393200
2018-09-20,37.67448425292969,44.16999816894531,44.43000030517578,43.900001525878906,44.25,4728000
2018-09-21,37.580657958984375,44.060001373291016,44.40999984741211,44.02000045776367,44.25,6668600
2018-09-24,38.28860855102539,44.88999938964844,44.939998626708984,43.790000915527344,43.84000015258789,8229100
2018-09-25,37.67448425292969,44.16999816894531,44.90999984741211,44.130001068115234,44.79999923706055,6678200
2018-09-26,37.75978088378906,44.27000045776367,44.72999954223633,44.25,44.25,4564300
2018-09-27,38.177730560302734,44.7599983215332,45.22999954223633,44.58000183105469,44.599998474121094,6711700
2018-09-28,37.66596221923828,44.15999984741211,44.619998931884766,43.970001220703125,44.5,7727700
2018-10-01,38.092430114746094,44.65999984741211,44.959999084472656,44.41999816894531,44.54999923706055,5029800
2018-10-02,37.20536804199219,43.619998931884766,43.9900016784668,43.45000076293945,43.75,5440300
2018-10-03,37.49536895751953,43.959999084472656,44.2400016784668,43.56999969482422,44.040000915527344,5631100
2018-10-04,36.19036102294922,42.43000030517578,43.08000183105469,41.970001220703125,43.06999969482422,7885000
2018-10-05,35.50801467895508,41.630001068115234,42.06999969482422,41.16999816894531,41.880001068115234,7921400
2018-10-08,34.93653869628906,40.959999084472656,41.16999816894531,40.400001525878906,40.7599983215332,7761800
2018-10-09,34.8853645324707,40.900001525878906,41.29999923706055,40.58000183105469,41.0,5678700
2018-10-10,33.563289642333984,39.349998474121094,40.439998626708984,39.349998474121094,40.349998474121094,12853500
2018-10-11,33.213600158691406,38.939998626708984,39.599998474121094,38.33000183105469,38.5,10209000
2018-10-12,33.827720642089844,39.65999984741211,40.58000183105469,39.189998626708984,40.13999938964844,7578600
2018-10-15,33.051536560058594,38.75,39.59000015258789,38.720001220703125,39.470001220703125,8209000
2018-10-16,34.12623977661133,40.0099983215332,40.060001373291016,39.400001525878906,39.84000015258789,10748100
2018-10-17,33.75095748901367,39.56999969482422,40.09000015258789,39.18000030517578,40.0,8173600
2018-10-18,32.87242126464844,38.540000915527344,39.95000076293945,38.459999084472656,39.79999923706055,9555600
2018-10-19,32.79564666748047,38.45000076293945,39.31999969482422,38.34000015258789,39.15999984741211,11266200
2018-10-22,33.02593994140625,38.720001220703125,39.22999954223633,38.540000915527344,39.189998626708984,8165700
2018-10-23,32.411834716796875,38.0,38.18000030517578,37.2599983215332,37.41999816894531,12350000
2018-10-24,31.1153564453125,36.47999954223633,37.560001373291016,36.43000030517578,37.560001373291016,13312400
2018-10-25,31.89152717590332,37.38999938964844,37.54999923706055,36.4900016784668,36.779998779296875,9927300
2018-10-26,31.277420043945312,36.66999816894531,37.290000915527344,36.13999938964844,36.54999923706055,11973200
2018-10-29,30.987415313720703,36.33000183105469,37.40999984741211,35.970001220703125,37.16999816894531,8269300
2018-10-30,32.22418212890625,37.779998779296875,37.79999923706055,36.66999816894531,36.84000015258789,12106400
2018-10-31,32.49711608886719,38.099998474121094,38.9900016784668,38.029998779296875,38.689998626708984,12610900
2018-11-01,33.30741882324219,39.04999923706055,39.08000183105469,38.38999938964844,38.779998779296875,14348600
2018-11-02,33.07712173461914,38.779998779296875,39.4900016784668,38.43000030517578,39.18000030517578,9736200
2018-11-05,32.82124328613281,38.47999954223633,38.81999969482422,38.310001373291016,38.720001220703125,8591900
2018-11-06,33.03447723388672,38.72999954223633,38.849998474121094,38.41999816894531,38.5,8578100
2018-11-07,33.418304443359375,39.18000030517578,39.29999923706055,38.720001220703125,39.290000915527344,6568700
2018-11-08,33.008888244628906,38.70000076293945,39.060001373291016,38.689998626708984,38.790000915527344,7953700
2018-11-09,32.47153854370117,38.06999969482422,38.38999938964844,37.810001373291016,38.09000015258789,5975400
2018-11-12,31.610061645507812,37.060001373291016,37.91999816894531,37.0099983215332,37.86000061035156,11666700
2018-11-13,31.900070190429688,37.400001525878906,38.119998931884766,37.2400016784668,37.38999938964844,15057100
2018-11-14,32.275352478027344,37.84000015258789,38.34000015258789,37.369998931884766,38.20000076293945,10404900
2018-11-15,32.85536193847656,38.52000045776367,38.56999969482422,37.88999938964844,38.06999969482422,10840400
2018-11-16,31.447999954223633,36.869998931884766,37.20000076293945,36.65999984741211,37.06999969482422,16382400
2018-11-19,30.74859046936035,36.04999923706055,36.68000030517578,35.959999084472656,36.63999938964844,15191700
2018-11-20,30.398887634277344,35.63999938964844,35.9900016784668,35.220001220703125,35.400001525878906,11673500
2018-11-21,30.850942611694336,36.16999816894531,36.720001220703125,36.13999938964844,36.41999816894531,7013100
2018-11-23,30.671825408935547,35.959999084472656,36.20000076293945,35.75,35.83000183105469,2320500
2018-11-26,31.42242431640625,36.84000015258789,36.88999938964844,36.470001220703125,36.709999084472656,7077300
2018-11-27,31.38829803466797,36.79999923706055,36.81999969482422,36.38999938964844,36.38999938964844,6870200
2018-11-28,32.420345306396484,38.0099983215332,38.02000045776367,37.06999969482422,37.27000045776367,8380200
2018-11-29,32.35212707519531,37.93000030517578,38.369998931884766,37.869998931884766,37.95000076293945,7056600
2018-11-30,32.06212615966797,37.59000015258789,37.599998474121094,37.08000183105469,37.2400016784668,8734400
2018-12-03,33.03447723388672,38.72999954223633,39.0,38.380001068115234,38.81999969482422,7457600
2018-12-04,31.934175491333008,37.439998626708984,38.779998779296875,37.43000030517578,38.529998779296875,13321200
2018-12-06,31.439468383789062,36.86000061035156,36.86000061035156,35.61000061035156,35.70000076293945,12075700
2018-12-07,31.149477005004883,36.52000045776367,36.939998626708984,36.13999938964844,36.650001525878906,10802700
2018-12-10,31.072702407836914,36.43000030517578,36.83000183105469,36.08000183105469,36.310001373291016,12439100
2018-12-11,31.303003311157227,36.70000076293945,37.349998474121094,36.29999923706055,37.2400016784668,8635800
2018-12-12,31.883007049560547,37.380001068115234,37.70000076293945,37.27000045776367,37.61000061035156,8405400
2018-12-13,31.84035873413086,37.33000183105469,37.65999984741211,37.189998626708984,37.4900016784668,5825900
2018-12-14,31.158008575439453,36.529998779296875,37.11000061035156,36.529998779296875,36.79999923706055,5969600
2018-12-17,30.893587112426758,36.220001220703125,36.939998626708984,36.119998931884766,36.630001068115234,10733100
2018-12-18,31.354177474975586,36.7599983215332,37.0,36.61000061035156,36.61000061035156,7100400
2018-12-19,30.902124404907227,36.22999954223633,37.279998779296875,36.099998474121094,36.619998931884766,11786400
2018-12-20,30.603595733642578,35.880001068115234,36.75,35.540000915527344,36.40999984741211,12540400
2018-12-21,30.45859718322754,35.709999084472656,36.93000030517578,35.650001525878906,36.63999938964844,16981000
2018-12-24,30.100358963012695,35.290000915527344,35.88999938964844,35.27000045776367,35.560001373291016,6288500
2018-12-26,31.354177474975586,36.7599983215332,36.77000045776367,35.33000183105469,35.33000183105469,10063400
2018-12-27,31.371232986450195,36.779998779296875,36.79999923706055,35.959999084472656,36.20000076293945,8688600
2018-12-28,31.67829132080078,37.13999938964844,37.68000030517578,37.02000045776367,37.130001068115234,7369000
2018-12-31,31.482120513916016,36.90999984741211,37.59000015258789,36.77000045776367,37.43000030517578,4600600
2019-01-02,31.149477005004883,36.52000045776367,36.75,36.0,36.20000076293945,5273100
2019-01-03,29.307119369506836,34.36000061035156,35.52000045776367,34.27000045776367,35.34000015258789,15998000
2019-01-04,29.82741355895996,34.970001220703125,35.029998779296875,34.209999084472656,34.459999084472656,14178200
2019-01-07,30.049175262451172,35.22999954223633,35.470001220703125,34.970001220703125,35.0099983215332,6850800
2019-01-08,29.801820755004883,34.939998626708984,35.18000030517578,34.63999938964844,35.11000061035156,11462600
2019-01-09,30.373291015625,35.61000061035156,35.959999084472656,35.33000183105469,35.33000183105469,11770300
2019-01-10,31.06417465209961,36.41999816894531,36.47999954223633,35.400001525878906,35.459999084472656,7894600
2019-01-11,31.226234436035156,36.61000061035156,36.77000045776367,36.2400016784668,36.45000076293945,7232700
2019-01-14,30.501243591308594,35.7599983215332,36.189998626708984,35.720001220703125,36.130001068115234,6146200
2019-01-15,30.740070343017578,36.040000915527344,36.22999954223633,35.79999923706055,36.040000915527344,10165800
2019-01-16,30.398887634277344,35.63999938964844,36.029998779296875,35.63999938964844,35.900001525878906,8727400
2019-01-17,30.953292846679688,36.290000915527344,36.54999923706055,34.83000183105469,34.91999816894531,21916900
2019-01-18,31.42242431640625,36.84000015258789,37.0099983215332,36.15999984741211,36.2400016784668,12905900
2019-01-22,31.021547317504883,36.369998931884766,36.7599983215332,36.099998474121094,36.5,13381700
2019-01-23,31.12388801574707,36.4900016784668,36.7400016784668,36.2400016784668,36.529998779296875,13918600
2019-01-24,32.104766845703125,37.63999938964844,37.63999938964844,36.779998779296875,36.880001068115234,14094100
2019-01-25,32.53123474121094,38.13999938964844,38.2599983215332,37.880001068115234,38.0,16763700
2019-01-28,31.934175491333008,37.439998626708984,37.65999984741211,36.900001525878906,36.91999816894531,14086500
2019-01-29,30.987415313720703,36.33000183105469,37.290000915527344,36.29999923706055,37.290000915527344,10100800
2019-01-30,31.883007049560547,37.380001068115234,37.45000076293945,36.290000915527344,36.810001373291016,9281600
2019-01-31,32.087711334228516,37.619998931884766,38.099998474121094,37.310001373291016,37.310001373291016,7633400
2019-02-01,32.04506301879883,37.56999969482422,37.869998931884766,37.439998626708984,37.75,6438300
2019-02-04,32.36064910888672,37.939998626708984,38.0099983215332,37.380001068115234,37.5,7283800
2019-02-05,32.625064849853516,38.25,38.27000045776367,37.880001068115234,37.91999816894531,7314000
2019-02-06,33.04301071166992,38.7400016784668,38.81999969482422,38.310001373291016,38.41999816894531,8795200
2019-02-07,32.51417922973633,38.119998931884766,38.459999084472656,37.83000183105469,38.369998931884766,7916200
2019-02-08,32.23270797729492,37.790000915527344,37.91999816894531,37.5,37.709999084472656,7147200
2019-02-11,32.659183502197266,38.290000915527344,38.290000915527344,37.83000183105469,37.91999816894531,8860700
2019-02-12,32.95771408081055,38.63999938964844,38.77000045776367,38.439998626708984,38.63999938964844,8831200
2019-02-13,32.522708892822266,38.130001068115234,38.47999954223633,38.04999923706055,38.369998931884766,7155600
2019-02-14,32.463008880615234,38.060001373291016,38.209999084472656,37.7599983215332,37.91999816894531,7782800
2019-02-15,32.48859786987305,38.09000015258789,38.279998779296875,37.869998931884766,37.90999984741211,6257600
2019-02-19,32.804176330566406,38.459999084472656,38.65999984741211,38.099998474121094,38.220001220703125,8105700
2019-02-20,33.2647705078125,39.0,39.5099983215332,38.88999938964844,38.93000030517578,7178600
2019-02-21,33.24771499633789,38.97999954223633,39.18000030517578,38.79999923706055,39.06999969482422,4607300
2019-02-22,33.597415924072266,39.38999938964844,39.40999984741211,39.08000183105469,39.119998931884766,5117800
2019-02-25,33.75948715209961,39.58000183105469,39.91999816894531,39.47999954223633,39.869998931884766,5101500
2019-02-26,33.77653503417969,39.599998474121094,39.66999816894531,39.380001068115234,39.40999984741211,5587300
2019-02-27,33.64860916137695,39.45000076293945,39.59000015258789,39.060001373291016,39.5099983215332,8194900
2019-02-28,33.30741882324219,39.04999923706055,39.290000915527344,39.0,39.119998931884766,5705100
2019-03-01,33.597415924072266,39.38999938964844,39.52000045776367,39.20000076293945,39.36000061035156,5299200
2019-03-04,33.39270782470703,39.150001525878906,39.33000183105469,38.709999084472656,39.33000183105469,7081100
2019-03-05,33.281829833984375,39.02000045776367,39.22999954223633,38.65999984741211,38.95000076293945,7192400
2019-03-06,33.085655212402344,38.790000915527344,39.220001220703125,38.779998779296875,39.060001373291016,4433400
2019-03-07,32.949180603027344,38.630001068115234,38.880001068115234,38.369998931884766,38.77000045776367,4231300
2019-03-08,32.582427978515625,38.20000076293945,38.380001068115234,37.939998626708984,37.95000076293945,5066200
2019-03-11,32.95771408081055,38.63999938964844,38.689998626708984,38.20000076293945,38.22999954223633,6005400
2019-03-12,33.179473876953125,38.900001525878906,39.16999816894531,38.86000061035156,39.04999923706055,5580200
2019-03-13,33.44389724731445,39.209999084472656,39.439998626708984,39.02000045776367,39.220001220703125,6086400
2019-03-14,33.111236572265625,38.81999969482422,39.04999923706055,38.7400016784668,39.0,4935000
2019-03-15,33.81918716430664,39.650001525878906,40.06999969482422,39.40999984741211,39.40999984741211,8871300
2019-03-18,33.98977279663086,39.849998474121094,39.97999954223633,39.63999938964844,39.86000061035156,6290900
2019-03-19,33.91300582885742,39.7599983215332,40.08000183105469,39.599998474121094,39.97999954223633,8033600
2019-03-20,33.98977279663086,39.849998474121094,40.150001525878906,39.63999938964844,39.77000045776367,5394000
2019-03-21,35.00477981567383,41.040000915527344,41.2400016784668,40.220001220703125,40.25,6509600
2019-03-22,34.484474182128906,40.43000030517578,41.02000045776367,40.34000015258789,40.84000015258789,6759100
2019-03-25,34.04948425292969,39.91999816894531,40.459999084472656,39.77000045776367,40.0,4901800
2019-03-26,34.45889663696289,40.400001525878906,40.630001068115234,40.06999969482422,40.11000061035156,5573500
2019-03-27,34.28831100463867,40.20000076293945,40.2599983215332,39.79999923706055,40.189998626708984,7660300
2019-03-28,34.40771484375,40.34000015258789,40.540000915527344,40.20000076293945,40.2400016784668,6632700
2019-03-29,34.93653869628906,40.959999084472656,41.04999923706055,40.599998474121094,40.81999969482422,6116300
2019-04-01,35.28624725341797,41.369998931884766,41.369998931884766,40.7400016784668,41.08000183105469,6834200
2019-04-02,35.20095443725586,41.27000045776367,41.36000061035156,41.0,41.18000030517578,5580200
2019-04-03,35.644500732421875,41.790000915527344,41.959999084472656,41.5099983215332,41.599998474121094,6821100
2019-04-04,35.85771560668945,42.040000915527344,42.18000030517578,41.650001525878906,41.72999954223633,7610300
2019-04-05,36.019779205322266,42.22999954223633,42.34000015258789,42.060001373291016,42.34000015258789,4430600
2019-04-08,36.15625,42.38999938964844,42.4900016784668,42.08000183105469,42.2400016784668,6830300
2019-04-09,36.00271987915039,42.209999084472656,42.29999923706055,42.029998779296875,42.2400016784668,5049900
2019-04-10,36.13919448852539,42.369998931884766,42.5,42.18000030517578,42.2599983215332,4040200
2019-04-11,35.908897399902344,42.099998474121094,42.20000076293945,41.95000076293945,42.09000015258789,5172200
2019-04-12,36.31829833984375,42.58000183105469,42.650001525878906,42.279998779296875,42.470001220703125,6555700
2019-04-15,36.343894958496094,42.61000061035156,42.77000045776367,42.459999084472656,42.58000183105469,5274400
2019-04-16,36.68507385253906,43.0099983215332,43.08000183105469,42.75,42.83000183105469,6639100
2019-04-17,37.86214828491211,44.38999938964844,44.459999084472656,43.86000061035156,43.900001525878906,15795700
2019-04-18,38.72360610961914,45.400001525878906,45.63999938964844,44.0,44.060001373291016,16569800
2019-04-22,38.51036071777344,45.150001525878906,45.15999984741211,44.59000015258789,44.790000915527344,10872000
2019-04-23,38.74066925048828,45.41999816894531,45.41999816894531,45.060001373291016,45.150001525878906,11437500
2019-04-24,38.732139587402344,45.40999984741211,45.59000015258789,44.939998626708984,45.08000183105469,10776800
2019-04-25,37.938899993896484,44.47999954223633,45.040000915527344,44.43000030517578,44.93000030517578,10149800
2019-04-26,37.478302001953125,43.939998626708984,44.0,43.31999969482422,43.650001525878906,12745000
2019-04-29,37.3845100402832,43.83000183105469,43.91999816894531,43.58000183105469,43.849998474121094,9272100
2019-04-30,37.37594985961914,43.81999969482422,43.939998626708984,43.2599983215332,43.400001525878906,11863900
2019-05-01,37.37594985961914,43.81999969482422,44.560001373291016,43.81999969482422,44.290000915527344,7319000
2019-05-02,37.870670318603516,44.400001525878906,44.470001220703125,43.75,43.86000061035156,10717200
2019-05-03,38.13508224487305,44.709999084472656,45.13999938964844,44.560001373291016,44.93000030517578,5479900
2019-05-06,37.32477951049805,43.7599983215332,43.81999969482422,43.209999084472656,43.31999969482422,10756400
2019-05-07,37.32477951049805,43.7599983215332,44.04999923706055,43.290000915527344,43.83000183105469,10225200
2019-05-08,37.27361297607422,43.70000076293945,44.0,43.459999084472656,43.52000045776367,8112600
2019-05-09,36.88977813720703,43.25,43.29999923706055,42.279998779296875,42.91999816894531,11229400
2019-05-10,36.53154373168945,42.83000183105469,43.09000015258789,42.189998626708984,42.86000061035156,8313900
2019-05-13,34.962135314941406,40.9900016784668,41.5099983215332,40.7400016784668,41.369998931884766,11046000
2019-05-14,35.79801559448242,41.970001220703125,42.08000183105469,41.400001525878906,41.59000015258789,7107800
2019-05-15,35.79801559448242,41.970001220703125,42.33000183105469,41.459999084472656,41.54999923706055,5347700
2019-05-16,35.42271041870117,41.529998779296875,41.63999938964844,41.220001220703125,41.630001068115234,9214700
2019-05-17,34.3309440612793,40.25,40.95000076293945,40.09000015258789,40.38999938964844,11271000
2019-05-20,32.97478103637695,38.65999984741211,39.29999923706055,38.52000045776367,39.25,13979700
2019-05-21,33.520652770996094,39.29999923706055,39.34000015258789,38.65999984741211,39.150001525878906,11806400
2019-05-22,33.179473876953125,38.900001525878906,39.38999938964844,38.88999938964844,39.20000076293945,12217600
2019-05-23,32.47153854370117,38.06999969482422,38.18000030517578,37.40999984741211,37.97999954223633,14708800
2019-05-24,32.582427978515625,38.20000076293945,38.7400016784668,38.20000076293945,38.41999816894531,10540700
2019-05-28,32.11328887939453,37.650001525878906,38.20000076293945,37.650001525878906,38.130001068115234,12484600
2019-05-29,32.14741897583008,37.689998626708984,37.75,37.18000030517578,37.459999084472656,13043000
2019-05-30,32.44594955444336,38.040000915527344,38.369998931884766,37.84000015258789,37.95000076293945,7351600
2019-05-31,32.710365295410156,38.349998474121094,38.970001220703125,38.25,38.27000045776367,9302700
2019-06-03,33.111236572265625,38.81999969482422,39.09000015258789,38.65999984741211,38.959999084472656,9618300
2019-06-04,33.31595230102539,39.060001373291016,39.099998474121094,38.41999816894531,38.63999938964844,6985600
2019-06-05,32.60799789428711,38.22999954223633,39.2599983215332,38.099998474121094,39.2400016784668,8219800
2019-06-06,32.78712844848633,38.439998626708984,38.59000015258789,37.91999816894531,38.18000030517578,6234000
2019-06-07,33.111236572265625,38.81999969482422,39.0,38.560001373291016,38.7400016784668,4456900
2019-06-10,33.79359817504883,39.619998931884766,40.130001068115234,39.45000076293945,39.4900016784668,8351800
2019-06-11,34.083595275878906,39.959999084472656,40.599998474121094,39.939998626708984,40.470001220703125,6100600
2019-06-12,33.65713119506836,39.459999084472656,40.189998626708984,39.45000076293945,40.0,6163200
2019-06-13,33.64860916137695,39.45000076293945,39.619998931884766,39.029998779296875,39.619998931884766,6646800
2019-06-14,32.275352478027344,37.84000015258789,38.70000076293945,37.83000183105469,38.630001068115234,11281500
2019-06-17,32.121826171875,37.65999984741211,38.04999923706055,37.65999984741211,37.91999816894531,6500700
2019-06-18,33.44389724731445,39.209999084472656,39.41999816894531,38.220001220703125,38.27000045776367,12303200
2019-06-19,33.60594940185547,39.400001525878906,39.959999084472656,39.29999923706055,39.939998626708984,10217600
2019-06-20,34.55271530151367,40.5099983215332,40.720001220703125,40.13999938964844,40.45000076293945,10400000
2019-06-21,34.561248779296875,40.52000045776367,40.70000076293945,40.41999816894531,40.52000045776367,12766200
2019-06-24,35.20941925048828,39.97999954223633,40.06999969482422,39.439998626708984,39.560001373291016,6571000
2019-06-25,34.27590560913086,38.91999816894531,39.52000045776367,38.90999984741211,39.52000045776367,6790500
2019-06-26,34.416812896728516,39.08000183105469,39.380001068115234,38.97999954223633,39.380001068115234,9133300
2019-06-27,34.86595153808594,39.59000015258789,39.7599983215332,39.290000915527344,39.58000183105469,11375200
2019-06-28,34.496070861816406,39.16999816894531,39.72999954223633,39.119998931884766,39.72999954223633,7040000
2019-07-01,36.442378997802734,41.380001068115234,41.900001525878906,41.150001525878906,41.540000915527344,11046800
2019-07-02,35.93157958984375,40.79999923706055,41.310001373291016,40.7400016784668,41.189998626708984,4445600
2019-07-03,35.517662048339844,40.33000183105469,40.369998931884766,40.0099983215332,40.349998474121094,3125000
2019-07-05,35.16539001464844,39.93000030517578,40.099998474121094,39.63999938964844,39.869998931884766,3149300
2019-07-08,34.62818145751953,39.31999969482422,39.689998626708984,39.2400016784668,39.56999969482422,6772300
2019-07-09,34.93641662597656,39.66999816894531,40.0099983215332,39.41999816894531,39.650001525878906,6577000
2019-07-10,35.85232162475586,40.709999084472656,41.13999938964844,40.54999923706055,40.83000183105469,7945000
2019-07-11,36.01964569091797,40.900001525878906,41.189998626708984,40.83000183105469,41.13999938964844,6126600
2019-07-12,36.31026077270508,41.22999954223633,41.27000045776367,40.81999969482422,41.11000061035156,4695800
2019-07-15,36.82986831665039,41.81999969482422,41.93000030517578,41.65999984741211,41.75,5784300
2019-07-16,36.78583526611328,41.77000045776367,41.95000076293945,41.56999969482422,41.79999923706055,6529500
2019-07-17,36.66254425048828,41.630001068115234,41.90999984741211,41.52000045776367,41.68000030517578,5514600
2019-07-18,38.03639602661133,43.189998626708984,43.22999954223633,42.310001373291016,42.52000045776367,11257600
2019-07-19,38.60003662109375,43.83000183105469,44.02000045776367,43.06999969482422,43.08000183105469,11438800
2019-07-22,39.278141021728516,44.599998474121094,44.880001068115234,44.130001068115234,44.20000076293945,10035800
2019-07-23,39.1196174621582,44.41999816894531,44.58000183105469,44.2400016784668,44.540000915527344,6565800
2019-07-24,39.22530746459961,44.540000915527344,44.630001068115234,44.2400016784668,44.5,7130400
2019-07-25,38.415077209472656,43.619998931884766,44.2400016784668,43.619998931884766,44.209999084472656,6593900
2019-07-26,38.274169921875,43.459999084472656,43.88999938964844,43.380001068115234,43.72999954223633,4399000
2019-07-29,38.69689178466797,43.939998626708984,43.95000076293945,43.400001525878906,43.52000045776367,4138600
2019-07-30,37.965938568115234,43.11000061035156,43.400001525878906,42.77000045776367,43.400001525878906,4938500
2019-07-31,37.543216705322266,42.630001068115234,43.16999816894531,42.04999923706055,43.029998779296875,7592300
2019-08-01,36.873905181884766,41.869998931884766,43.38999938964844,41.599998474121094,42.75,9662800
2019-08-02,36.68014907836914,41.650001525878906,41.779998779296875,41.0099983215332,41.150001525878906,9317000
2019-08-05,35.11254119873047,39.869998931884766,40.52000045776367,39.779998779296875,40.40999984741211,6668400
2019-08-06,36.33668899536133,41.2599983215332,41.5099983215332,40.88999938964844,41.18000030517578,8667700
2019-08-07,36.33668899536133,41.2599983215332,41.45000076293945,40.79999923706055,41.04999923706055,5484700
2019-08-08,36.900325775146484,41.900001525878906,42.18000030517578,41.75,41.849998474121094,7795900
2019-08-09,36.46879196166992,41.40999984741211,41.709999084472656,41.0,41.59000015258789,3480500
2019-08-12,36.072479248046875,40.959999084472656,41.27000045776367,40.849998474121094,41.04999923706055,3463500
2019-08-13,36.847476959228516,41.84000015258789,41.9900016784668,40.54999923706055,40.630001068115234,7697800
2019-08-14,35.6057243347168,40.43000030517578,41.09000015258789,40.25,40.849998474121094,9621800
2019-08-15,35.98440933227539,40.86000061035156,40.9900016784668,40.34000015258789,40.380001068115234,7690100
2019-08-16,36.583282470703125,41.540000915527344,41.72999954223633,41.150001525878906,41.18000030517578,4845700
2019-08-19,36.794647216796875,41.779998779296875,42.209999084472656,41.650001525878906,42.15999984741211,3797600
2019-08-20,36.935550689697266,41.939998626708984,42.220001220703125,41.720001220703125,42.0,7540300
2019-08-21,37.499176025390625,42.58000183105469,42.63999938964844,42.290000915527344,42.40999984741211,3914600
2019-08-22,37.10287857055664,42.130001068115234,42.4900016784668,41.72999954223633,42.38999938964844,3145600
2019-08-23,36.06368637084961,40.95000076293945,42.150001525878906,40.86000061035156,41.939998626708984,7526900
2019-08-26,36.407135009765625,41.34000015258789,41.54999923706055,41.130001068115234,41.369998931884766,5519000
2019-08-27,36.41594696044922,41.349998474121094,41.68000030517578,41.27000045776367,41.54999923706055,4192800
2019-08-28,36.68014907836914,41.650001525878906,41.77000045776367,41.04999923706055,41.31999969482422,3586000
2019-08-29,37.234981536865234,42.279998779296875,42.56999969482422,42.22999954223633,42.34000015258789,5171600
2019-08-30,37.543216705322266,42.630001068115234,42.88999938964844,42.36000061035156,42.709999084472656,5382200
2019-09-03,36.741798400878906,41.720001220703125,42.15999984741211,41.58000183105469,42.150001525878906,4748000
2019-09-04,38.00117111206055,43.150001525878906,43.150001525878906,42.38999938964844,42.61000061035156,4460900
2019-09-05,38.96110534667969,44.2400016784668,44.5099983215332,43.7599983215332,43.7599983215332,7698300
2019-09-06,38.49435043334961,43.709999084472656,44.040000915527344,43.689998626708984,44.0,4325300
2019-09-09,38.61763381958008,43.849998474121094,44.08000183105469,43.540000915527344,43.90999984741211,4677000
2019-09-10,38.837806701660156,44.099998474121094,44.099998474121094,43.36000061035156,43.599998474121094,5001600
2019-09-11,38.9434928894043,44.220001220703125,44.27000045776367,43.84000015258789,43.90999984741211,4016800
2019-09-12,38.8113899230957,44.06999969482422,44.459999084472656,43.93000030517578,44.290000915527344,6577900
2019-09-13,39.40143966674805,44.7400016784668,44.83000183105469,44.189998626708984,44.43000030517578,6231100
2019-09-16,39.278141021728516,44.599998474121094,44.7400016784668,44.4900016784668,44.529998779296875,3716300
2019-09-17,39.744903564453125,45.130001068115234,45.150001525878906,44.209999084472656,44.279998779296875,6110900
2019-09-18,39.66564178466797,45.040000915527344,45.20000076293945,44.61000061035156,45.16999816894531,4044800
2019-09-19,39.82708740234375,44.900001525878906,45.220001220703125,44.7599983215332,44.79999923706055,6422700
2019-09-20,38.913455963134766,43.869998931884766,44.900001525878906,43.869998931884766,44.77000045776367,7249200
2019-09-23,39.090858459472656,44.06999969482422,44.290000915527344,43.849998474121094,44.18000030517578,4347000
2019-09-24,39.13520812988281,44.119998931884766,44.54999923706055,44.060001373291016,44.400001525878906,7592200
2019-09-25,39.92465591430664,45.0099983215332,45.099998474121094,44.0,44.20000076293945,6719500
2019-09-26,41.2108268737793,46.459999084472656,46.5099983215332,45.099998474121094,45.099998474121094,15832500
2019-09-27,40.3681526184082,45.5099983215332,46.47999954223633,45.189998626708984,46.0,9610400
2019-09-30,41.22857666015625,46.47999954223633,46.7400016784668,46.119998931884766,46.56999969482422,8396900
2019-10-01,41.85834884643555,47.189998626708984,47.849998474121094,46.959999084472656,46.959999084472656,11575200
2019-10-02,41.184226989746094,46.43000030517578,46.939998626708984,46.33000183105469,46.709999084472656,5785200
2019-10-03,41.80514144897461,47.130001068115234,47.13999938964844,46.2400016784668,46.45000076293945,6091600
2019-10-04,42.06235885620117,47.41999816894531,47.45000076293945,46.779998779296875,47.029998779296875,5704200
2019-10-07,42.53248596191406,47.95000076293945,48.150001525878906,47.43000030517578,47.72999954223633,11059000
2019-10-08,42.45265579223633,47.86000061035156,48.400001525878906,47.599998474121094,48.2599983215332,13089700
2019-10-09,43.18001174926758,48.68000030517578,49.060001373291016,48.16999816894531,48.20000076293945,11033100
2019-10-10,43.40176010131836,48.93000030517578,49.38999938964844,48.4900016784668,48.90999984741211,9566500
2019-10-11,43.83639907836914,49.41999816894531,49.790000915527344,49.33000183105469,49.45000076293945,7499100
2019-10-14,44.27103805541992,49.90999984741211,50.130001068115234,49.29999923706055,49.41999816894531,7974000
2019-10-15,44.696807861328125,50.38999938964844,50.63999938964844,50.11000061035156,50.20000076293945,9323200
2019-10-16,44.46617889404297,50.130001068115234,51.130001068115234,50.06999969482422,50.34000015258789,13615700
2019-10-17,44.129119873046875,49.75,51.209999084472656,49.2599983215332,51.13999938964844,12410200
2019-10-18,43.71221160888672,49.279998779296875,50.09000015258789,49.130001068115234,49.650001525878906,9169200
2019-10-21,44.350868225097656,50.0,50.11000061035156,49.33000183105469,49.529998779296875,6538900
2019-10-22,44.91857147216797,50.63999938964844,50.83000183105469,50.18000030517578,50.29999923706055,10697300
2019-10-23,44.50165557861328,50.16999816894531,50.400001525878906,49.91999816894531,50.099998474121094,7118800
2019-10-24,45.19353485107422,50.95000076293945,51.04999923706055,50.22999954223633,50.4900016784668,7006600
2019-10-25,45.35319519042969,51.130001068115234,51.22999954223633,50.689998626708984,50.79999923706055,6303500
2019-10-28,45.512855529785156,51.310001373291016,51.47999954223633,51.04999923706055,51.400001525878906,7725500
2019-10-29,45.6547966003418,51.470001220703125,51.84000015258789,51.439998626708984,51.5,5303900
2019-10-30,46.04507827758789,51.90999984741211,52.060001373291016,51.56999969482422,51.790000915527344,5198100
2019-10-31,45.79670715332031,51.630001068115234,51.93000030517578,51.349998474121094,51.88999938964844,5140800
2019-11-01,46.213600158691406,52.099998474121094,52.099998474121094,51.70000076293945,51.88999938964844,5226600
2019-11-04,47.446563720703125,53.4900016784668,53.790000915527344,53.119998931884766,53.54999923706055,7233400
2019-11-05,47.49978256225586,53.54999923706055,53.970001220703125,53.4900016784668,53.630001068115234,5287100
2019-11-06,47.579620361328125,53.63999938964844,53.75,53.099998474121094,53.70000076293945,4545100
2019-11-07,47.60622024536133,53.66999816894531,54.369998931884766,53.52000045776367,53.900001525878906,7890900
2019-11-08,46.86113739013672,52.83000183105469,53.529998779296875,52.529998779296875,53.529998779296875,6558400
2019-11-11,46.65711212158203,52.599998474121094,52.75,52.15999984741211,52.38999938964844,4046500
2019-11-12,46.25796127319336,52.150001525878906,52.689998626708984,52.029998779296875,52.689998626708984,8625100
2019-11-13,46.905479431152344,52.880001068115234,52.939998626708984,52.150001525878906,52.58000183105469,5336200
2019-11-14,46.55068588256836,52.47999954223633,52.72999954223633,52.130001068115234,52.5,5308600
2019-11-15,47.2691535949707,53.290000915527344,53.38999938964844,52.880001068115234,53.0099983215332,5986400
2019-11-18,47.38446807861328,53.41999816894531,53.959999084472656,53.38999938964844,53.38999938964844,4774400
2019-11-19,47.686065673828125,53.7599983215332,54.13999938964844,53.68000030517578,54.04999923706055,4731100
2019-11-20,47.45543670654297,53.5,53.779998779296875,53.209999084472656,53.54999923706055,5264800
2019-11-21,46.994178771972656,52.97999954223633,53.5099983215332,52.939998626708984,53.5,6037000
2019-11-22,46.825645446777344,52.790000915527344,53.15999984741211,52.7400016784668,52.91999816894531,4172300
2019-11-25,47.686065673828125,53.7599983215332,53.939998626708984,52.79999923706055,53.09000015258789,5021500
2019-11-26,47.570735931396484,53.630001068115234,53.790000915527344,53.380001068115234,53.5,5672800
2019-11-27,47.801368713378906,53.88999938964844,54.060001373291016,53.540000915527344,54.029998779296875,2786100
2019-11-29,47.091758728027344,53.09000015258789,53.15999984741211,52.79999923706055,53.060001373291016,3391700
2019-12-02,46.994178771972656,52.97999954223633,53.59000015258789,52.779998779296875,53.54999923706055,4475800
2019-12-03,46.816776275634766,52.779998779296875,52.93000030517578,52.18000030517578,52.41999816894531,5468100
2019-12-04,47.17158126831055,53.18000030517578,53.56999969482422,53.11000061035156,53.27000045776367,3905200
2019-12-05,48.25374221801758,54.400001525878906,54.540000915527344,53.4900016784668,53.619998931884766,7624300
2019-12-06,48.73273849487305,54.939998626708984,55.029998779296875,54.5,54.5,5429100
2019-12-09,48.30696487426758,54.459999084472656,55.189998626708984,54.31999969482422,55.04999923706055,6541900
2019-12-10,48.360191345214844,54.52000045776367,55.060001373291016,54.33000183105469,54.68000030517578,4364800
2019-12-11,49.584266662597656,55.900001525878906,56.20000076293945,55.029998779296875,55.040000915527344,11028000
2019-12-12,51.98808288574219,58.61000061035156,58.619998931884766,57.02000045776367,57.25,15788700
2019-12-13,51.66876220703125,58.25,59.52000045776367,58.25,59.04999923706055,9886900
2019-12-16,51.925994873046875,58.540000915527344,58.70000076293945,58.290000915527344,58.290000915527344,5779400
2019-12-17,52.53804016113281,59.22999954223633,59.709999084472656,58.779998779296875,59.709999084472656,8407500
2019-12-18,52.422725677490234,59.099998474121094,59.63999938964844,58.720001220703125,59.599998474121094,10021200
2019-12-19,51.770687103271484,57.959999084472656,58.5,57.880001068115234,58.5,7228700
2019-12-20,51.74388885498047,57.93000030517578,58.29999923706055,57.31999969482422,57.779998779296875,8043800
2019-12-23,52.0029182434082,58.220001220703125,58.34000015258789,57.95000076293945,58.029998779296875,4022000
2019-12-24,51.592037200927734,57.7599983215332,58.09000015258789,57.54999923706055,57.9900016784668,2692200
2019-12-26,52.02971267700195,58.25,58.349998474121094,57.7599983215332,57.79999923706055,2490400
2019-12-27,52.21729278564453,58.459999084472656,58.709999084472656,58.33000183105469,58.529998779296875,2847800
2019-12-30,51.672420501708984,57.849998474121094,58.689998626708984,57.619998931884766,58.65999984741211,3519900
2019-12-31,51.895729064941406,58.099998474121094,58.130001068115234,57.459999084472656,57.68000030517578,2950200
2020-01-02,53.62856674194336,60.040000915527344,60.119998931884766,59.599998474121094,59.599998474121094,8432600
2020-01-03,51.860008239746094,58.060001373291016,58.97999954223633,58.040000915527344,58.970001220703125,10546400
2020-01-06,51.26154708862305,57.38999938964844,57.689998626708984,57.130001068115234,57.599998474121094,8897200
2020-01-07,52.09223556518555,58.31999969482422,58.599998474121094,56.7400016784668,57.45000076293945,7444300
2020-01-08,52.47632598876953,58.75,58.97999954223633,58.11000061035156,58.189998626708984,5381500
2020-01-09,52.905067443847656,59.22999954223633,59.709999084472656,58.70000076293945,59.689998626708984,5112700
2020-01-10,52.57456970214844,58.86000061035156,59.70000076293945,58.77000045776367,59.70000076293945,4807700
2020-01-13,53.64643096923828,60.060001373291016,60.15999984741211,59.45000076293945,60.150001525878906,6613700
2020-01-14,53.87866973876953,60.31999969482422,60.63999938964844,59.91999816894531,60.15999984741211,6715200
2020-01-15,52.15475845336914,58.38999938964844,59.70000076293945,58.2599983215332,59.66999816894531,10075100
2020-01-16,52.47632598876953,58.75,59.689998626708984,58.29999923706055,59.20000076293945,11215700
2020-01-17,52.324485778808594,58.58000183105469,58.75,58.0099983215332,58.63999938964844,8125700
2020-01-21,52.020782470703125,58.2400016784668,59.0,57.470001220703125,57.9900016784668,9873700
2020-01-22,52.11903381347656,58.349998474121094,58.939998626708984,58.31999969482422,58.900001525878906,8124500
2020-01-23,51.3419303894043,57.47999954223633,58.06999969482422,56.619998931884766,57.86000061035156,9999200
2020-01-24,51.56524658203125,57.72999954223633,58.13999938964844,57.459999084472656,58.09000015258789,10402200
2020-01-27,49.359004974365234,55.2599983215332,55.9900016784668,55.060001373291016,55.619998931884766,9675500
2020-01-28,50.993587493896484,57.09000015258789,57.119998931884766,55.47999954223633,55.72999954223633,8124400
2020-01-29,51.08291244506836,57.189998626708984,57.52000045776367,56.849998474121094,57.52000045776367,7693400
2020-01-30,49.84134292602539,55.79999923706055,56.040000915527344,55.060001373291016,55.08000183105469,10295700
2020-01-31,48.179962158203125,53.939998626708984,55.47999954223633,53.599998474121094,55.43000030517578,13467200
2020-02-03,48.92132568359375,54.77000045776367,54.939998626708984,54.13999938964844,54.349998474121094,9594300
2020-02-04,51.377662658691406,57.52000045776367,57.63999938964844,56.900001525878906,56.91999816894531,12746600
2020-02-05,51.73495101928711,57.91999816894531,58.150001525878906,57.16999816894531,58.099998474121094,6594400
2020-02-06,51.82427215576172,58.02000045776367,58.279998779296875,57.279998779296875,58.27000045776367,4236300
2020-02-07,50.1986198425293,56.20000076293945,57.13999938964844,56.060001373291016,57.13999938964844,6808400
2020-02-10,50.931060791015625,57.02000045776367,57.04999923706055,56.34000015258789,56.439998626708984,4281200
2020-02-11,52.39593505859375,58.65999984741211,58.900001525878906,57.810001373291016,57.95000076293945,6523200
2020-02-12,53.262359619140625,59.630001068115234,59.75,58.900001525878906,59.25,5962900
2020-02-13,52.994388580322266,59.33000183105469,59.70000076293945,58.7400016784668,59.130001068115234,6460100
2020-02-14,51.97611999511719,58.189998626708984,59.16999816894531,57.869998931884766,59.02000045776367,6932400
2020-02-18,50.180755615234375,56.18000030517578,56.560001373291016,55.630001068115234,56.099998474121094,10989000
2020-02-19,51.4848518371582,57.63999938964844,57.939998626708984,57.0,57.25,7866300
2020-02-20,50.44873046875,56.47999954223633,57.040000915527344,55.810001373291016,56.939998626708984,7192900
2020-02-21,49.65376281738281,55.59000015258789,56.650001525878906,55.52000045776367,56.650001525878906,6816600
2020-02-24,48.34074401855469,54.119998931884766,54.689998626708984,53.18000030517578,53.54999923706055,9968800
2020-02-25,48.10851287841797,53.86000061035156,55.470001220703125,53.83000183105469,55.33000183105469,12670700
2020-02-26,49.153568267822266,55.029998779296875,55.40999984741211,54.380001068115234,54.4900016784668,10969300
2020-02-27,47.59938049316406,53.290000915527344,54.599998474121094,53.27000045776367,54.20000076293945,11878900
2020-02-28,48.09064483642578,53.84000015258789,54.04999923706055,51.0,51.349998474121094,13604500
2020-03-02,50.00211715698242,55.97999954223633,56.0099983215332,53.83000183105469,54.369998931884766,13797700
2020-03-03,49.01958084106445,54.880001068115234,56.369998931884766,54.040000915527344,56.29999923706055,14661800
2020-03-04,50.984657287597656,57.08000183105469,57.09000015258789,55.54999923706055,55.970001220703125,9878200
2020-03-05,49.77880859375,55.72999954223633,56.38999938964844,55.25,56.11000061035156,10004200
2020-03-06,49.18928909301758,55.06999969482422,55.08000183105469,53.970001220703125,54.599998474121094,12971200
2020-03-09,46.2952766418457,51.83000183105469,54.13999938964844,51.060001373291016,51.54999923706055,13781100
2020-03-10,48.689090728759766,54.5099983215332,54.619998931884766,52.4900016784668,53.709999084472656,11698700
2020-03-11,46.661495208740234,52.2400016784668,53.560001373291016,52.09000015258789,53.11000061035156,14498000
2020-03-12,43.490577697753906,48.689998626708984,50.9900016784668,48.5099983215332,49.65999984741211,15942200
2020-03-13,46.65257263183594,52.22999954223633,52.459999084472656,49.290000915527344,51.900001525878906,14948700
2020-03-16,40.10530090332031,44.900001525878906,48.349998474121094,44.900001525878906,46.34000015258789,16628200
2020-03-17,43.35660171508789,48.540000915527344,48.560001373291016,45.029998779296875,45.75,13415700
2020-03-18,39.63190460205078,44.369998931884766,46.09000015258789,43.2599983215332,43.79999923706055,15018500
2020-03-19,39.57509994506836,43.88999938964844,45.18000030517578,42.70000076293945,43.7400016784668,11182600
2020-03-20,40.15217208862305,44.529998779296875,48.279998779296875,44.47999954223633,48.02000045776367,14157700
2020-03-23,40.8104133605957,45.2599983215332,45.61000061035156,43.52000045776367,45.119998931884766,10508600
2020-03-24,44.06550598144531,48.869998931884766,48.91999816894531,47.5,48.0,12216200
2020-03-25,44.1827278137207,49.0,50.04999923706055,48.04999923706055,49.29999923706055,9796600
2020-03-26,44.967193603515625,49.869998931884766,50.459999084472656,48.91999816894531,49.099998474121094,10577500
2020-03-27,42.29819869995117,46.90999984741211,48.09000015258789,46.5099983215332,47.22999954223633,12158500
2020-03-30,43.11872100830078,47.81999969482422,48.15999984741211,46.77000045776367,47.18000030517578,8428300
2020-03-31,43.09169006347656,47.790000915527344,49.029998779296875,47.65999984741211,47.79999923706055,9595700
2020-04-01,41.9375114440918,46.5099983215332,47.560001373291016,46.29999923706055,46.83000183105469,8755200
2020-04-02,43.39825439453125,48.130001068115234,48.220001220703125,46.61000061035156,46.91999816894531,6174700
2020-04-03,42.43344497680664,47.060001373291016,48.150001525878906,46.779998779296875,47.790000915527344,5486200
2020-04-06,45.05735778808594,49.970001220703125,50.099998474121094,48.5099983215332,48.630001068115234,7370300
2020-04-07,44.831939697265625,49.720001220703125,51.31999969482422,49.65999984741211,51.290000915527344,6568700
2020-04-08,45.32786560058594,50.27000045776367,50.599998474121094,49.540000915527344,50.209999084472656,6325900
2020-04-09,43.57859420776367,48.33000183105469,50.65999984741211,47.720001220703125,50.279998779296875,12274000
2020-04-13,43.957298278808594,48.75,49.09000015258789,47.959999084472656,48.7400016784668,9873200
2020-04-14,45.65248107910156,50.630001068115234,51.27000045776367,49.95000076293945,50.0,11068800
2020-04-15,44.7778434753418,49.65999984741211,49.970001220703125,49.040000915527344,49.7599983215332,9398100
2020-04-16,47.248470306396484,52.400001525878906,53.13999938964844,51.68000030517578,51.810001373291016,18615900
2020-04-17,48.41164779663086,53.689998626708984,54.189998626708984,53.0,54.130001068115234,11288500
2020-04-20,47.41978454589844,52.59000015258789,53.81999969482422,52.560001373291016,53.0,9901700
2020-04-21,46.31972122192383,51.369998931884766,51.810001373291016,50.52000045776367,51.599998474121094,13102500
2020-04-22,47.7443962097168,52.95000076293945,53.11000061035156,52.40999984741211,52.47999954223633,8255500
2020-04-23,47.464866638183594,52.63999938964844,53.130001068115234,52.2599983215332,52.810001373291016,7619900
2020-04-24,47.546024322509766,52.72999954223633,52.88999938964844,52.0,52.599998474121094,5701800
2020-04-27,48.24934387207031,53.5099983215332,53.75,52.970001220703125,53.150001525878906,5812300
2020-04-28,47.57307434082031,52.7599983215332,53.72999954223633,52.68000030517578,53.5099983215332,8561100
2020-04-29,49.12398147583008,54.47999954223633,54.689998626708984,53.43000030517578,53.75,8565500
2020-04-30,47.90670394897461,53.130001068115234,54.40999984741211,52.959999084472656,54.20000076293945,6337900
2020-05-01,46.07625961303711,51.099998474121094,52.560001373291016,51.09000015258789,52.47999954223633,10238700
2020-05-04,47.02304458618164,52.150001525878906,52.18000030517578,51.279998779296875,51.790000915527344,7514000
2020-05-05,46.62629699707031,51.709999084472656,52.58000183105469,51.58000183105469,52.209999084472656,7780700
2020-05-06,47.00502014160156,52.130001068115234,52.619998931884766,52.0,52.11000061035156,8206700
2020-05-07,47.18534469604492,52.33000183105469,52.97999954223633,52.099998474121094,52.95000076293945,5493400
2020-05-08,47.70832061767578,52.90999984741211,53.34000015258789,52.470001220703125,52.619998931884766,6086000
2020-05-11,47.248470306396484,52.400001525878906,52.83000183105469,52.380001068115234,52.61000061035156,6459300
2020-05-12,46.07625961303711,51.099998474121094,52.63999938964844,51.08000183105469,52.63999938964844,8584500
2020-05-13,45.913963317871094,50.91999816894531,52.02000045776367,50.47999954223633,51.90999984741211,8611000
2020-05-14,46.97795867919922,52.099998474121094,52.150001525878906,49.790000915527344,50.43000030517578,13695600
2020-05-15,44.90406799316406,49.79999923706055,51.04999923706055,49.380001068115234,50.560001373291016,17777200
2020-05-18,46.770565032958984,51.869998931884766,52.189998626708984,50.77000045776367,50.939998626708984,12726500
2020-05-19,45.814781188964844,50.810001373291016,51.459999084472656,50.79999923706055,51.349998474121094,12940300
2020-05-20,46.74351119995117,51.84000015258789,52.09000015258789,50.5,51.58000183105469,8406200
2020-05-21,45.760684967041016,50.75,52.209999084472656,50.689998626708984,52.099998474121094,7842600
2020-05-22,44.90406799316406,49.79999923706055,50.86000061035156,49.61000061035156,50.84000015258789,12462300
2020-05-26,45.823795318603516,50.81999969482422,51.400001525878906,50.790000915527344,51.29999923706055,8872000
2020-05-27,46.65334701538086,51.7400016784668,51.7400016784668,50.75,51.029998779296875,11405700
2020-05-28,45.336875915527344,50.279998779296875,51.619998931884766,50.099998474121094,51.459999084472656,8178700
2020-05-29,45.38197326660156,50.33000183105469,50.72999954223633,49.86000061035156,50.34000015258789,10918500
2020-06-01,46.013145446777344,51.029998779296875,51.279998779296875,50.540000915527344,50.90999984741211,6187300
2020-06-02,46.89680480957031,52.0099983215332,52.040000915527344,51.290000915527344,51.45000076293945,6063600
2020-06-03,47.84357452392578,53.060001373291016,53.25,52.41999816894531,52.63999938964844,8380200
2020-06-04,48.94363021850586,54.279998779296875,54.369998931884766,53.029998779296875,53.060001373291016,13269500
2020-06-05,49.773193359375,55.20000076293945,56.34000015258789,55.060001373291016,55.5,9776100
2020-06-08,50.1068115234375,55.56999969482422,55.779998779296875,54.709999084472656,55.7400016784668,6302100
2020-06-09,51.04457092285156,56.61000061035156,56.630001068115234,54.95000076293945,55.290000915527344,9355100
2020-06-10,51.89213943481445,57.54999923706055,58.040000915527344,56.81999969482422,56.81999969482422,9194300
2020-06-11,49.62892532348633,55.040000915527344,56.40999984741211,55.0099983215332,55.849998474121094,9877100
2020-06-12,50.494537353515625,56.0,56.869998931884766,55.349998474121094,56.5,9838800
2020-06-15,50.512577056884766,56.02000045776367,56.119998931884766,54.52000045776367,54.709999084472656,7509700
2020-06-16,50.31420135498047,55.79999923706055,57.0,55.540000915527344,56.59000015258789,8827200
2020-06-17,51.03555679321289,56.599998474121094,56.81999969482422,55.88999938964844,56.150001525878906,8248700
2020-06-18,51.008304595947266,56.150001525878906,56.540000915527344,55.790000915527344,56.040000915527344,6831500
2020-06-19,50.24522018432617,55.310001373291016,56.5,55.27000045776367,56.47999954223633,6965100
2020-06-22,50.872039794921875,56.0,56.0,55.31999969482422,55.5,4480400
2020-06-23,51.56243896484375,56.7599983215332,57.15999984741211,56.529998779296875,56.63999938964844,7836500
2020-06-24,51.398929595947266,56.58000183105469,57.060001373291016,56.15999984741211,56.709999084472656,7080200
2020-06-25,51.816810607910156,57.040000915527344,57.09000015258789,55.95000076293945,56.560001373291016,4509600
2020-06-26,51.17182540893555,56.33000183105469,57.2599983215332,56.209999084472656,57.0,6229300
2020-06-29,51.2263298034668,56.38999938964844,56.40999984741211,55.65999984741211,56.34000015258789,5016600
2020-06-30,51.5715217590332,56.77000045776367,56.9900016784668,56.189998626708984,56.25,7158700
2020-07-01,51.616943359375,56.81999969482422,57.470001220703125,56.7599983215332,56.970001220703125,6866500
2020-07-02,53.25211715698242,58.619998931884766,59.06999969482422,57.95000076293945,57.95000076293945,10021200
2020-07-06,56.213600158691406,61.880001068115234,62.130001068115234,60.560001373291016,60.66999816894531,12725600
2020-07-07,55.15074157714844,60.709999084472656,61.5,60.68000030517578,61.2599983215332,6672300
2020-07-08,56.85858154296875,62.59000015258789,62.7400016784668,61.5,61.63999938964844,8721900
2020-07-09,58.848045349121094,64.77999877929688,64.97000122070312,62.88999938964844,62.95000076293945,16903300
2020-07-10,58.00320816040039,63.849998474121094,64.55999755859375,63.189998626708984,64.47000122070312,10700000
2020-07-13,59.11149215698242,65.06999969482422,67.08000183105469,64.9800033569336,65.19999694824219,16667700
2020-07-14,60.82842254638672,66.95999908447266,67.02999877929688,65.33000183105469,66.0,10482700
2020-07-15,60.010841369628906,66.05999755859375,67.20999908447266,65.16000366210938,67.18000030517578,12432500
2020-07-16,60.4922981262207,66.58999633789062,66.62999725341797,64.31999969482422,65.37999725341797,15709400
2020-07-17,60.31970977783203,66.4000015258789,68.0,66.37000274658203,67.30999755859375,11716600
2020-07-20,60.76483154296875,66.88999938964844,66.9800033569336,65.80000305175781,66.69999694824219,6357300
2020-07-21,61.600589752197266,67.80999755859375,69.25,67.70999908447266,68.83999633789062,10619700
2020-07-22,62.25465774536133,68.52999877929688,68.9000015258789,68.02999877929688,68.0999984741211,7366100
2020-07-23,61.20087814331055,67.37000274658203,68.5,66.75,68.26000213623047,8559500
2020-07-24,67.13291931152344,73.9000015258789,76.88999938964844,71.3499984741211,71.4000015258789,41226800
2020-07-27,75.62671661376953,83.25,83.4000015258789,80.43000030517578,81.36000061035156,39899200
2020-07-28,69.87637329101562,76.91999816894531,79.58000183105469,76.48999786376953,79.3499984741211,31500100
2020-07-29,75.09984588623047,82.66999816894531,83.37000274658203,77.05999755859375,77.11000061035156,28304000
2020-07-30,72.6107406616211,79.93000030517578,81.27999877929688,78.61000061035156,80.01000213623047,16820300
2020-07-31,71.66598510742188,78.88999938964844,79.7699966430664,77.51000213623047,79.62999725341797,12021200
2020-08-03,71.72050476074219,78.94999694824219,79.1500015258789,77.41000366210938,77.7699966430664,10129800
2020-08-04,72.8469467163086,80.19000244140625,80.19000244140625,78.73999786376953,79.33000183105469,12569400
2020-08-05,74.15506744384766,81.62999725341797,84.0,80.56999969482422,80.9800033569336,14436300
2020-08-06,73.14674377441406,80.5199966430664,82.0999984741211,80.22000122070312,82.04000091552734,9838700
2020-08-07,72.70158386230469,80.02999877929688,80.79000091552734,79.41000366210938,80.48999786376953,8705800
2020-08-10,72.55623626708984,79.87000274658203,80.8499984741211,79.22000122070312,80.55000305175781,7421400
2020-08-11,70.80296325683594,77.94000244140625,79.19999694824219,77.94000244140625,79.08999633789062,7056300
2020-08-12,72.12018585205078,79.38999938964844,79.55000305175781,77.7300033569336,78.16000366210938,8354400
2020-08-13,71.1300048828125,78.30000305175781,79.0999984741211,77.83000183105469,79.0,6551800
2020-08-14,71.22994232177734,78.41000366210938,79.2300033569336,78.05000305175781,78.41999816894531,5611200
2020-08-17,72.8469467163086,80.19000244140625,80.88999938964844,79.66000366210938,79.80000305175781,8663900
2020-08-18,72.13835906982422,79.41000366210938,80.81999969482422,79.25,80.22000122070312,6804800
2020-08-19,71.34803009033203,78.54000091552734,79.2300033569336,78.25,79.01000213623047,7976800
2020-08-20,69.77644348144531,76.80999755859375,77.0999984741211,75.9800033569336,76.31999969482422,11457100
2020-08-21,71.16632080078125,78.33999633789062,78.7300033569336,77.86000061035156,78.0199966430664,7942300
2020-08-24,71.67507934570312,78.9000015258789,79.91000366210938,78.48999786376953,79.7300033569336,6405600
2020-08-25,72.710693359375,80.04000091552734,80.4800033569336,79.47000122070312,79.8499984741211,6113100
2020-08-26,74.26409912109375,81.75,82.16999816894531,81.01000213623047,81.25,7821600
2020-08-27,73.2193832397461,80.5999984741211,82.30999755859375,80.16999816894531,82.18000030517578,8018200
2020-08-28,73.07405090332031,80.44000244140625,80.87999725341797,79.91000366210938,80.05999755859375,5699500
2020-08-31,71.9930191040039,79.25,79.76000213623047,78.69000244140625,79.0,9812900
2020-09-01,74.08240509033203,81.55000305175781,81.5999984741211,79.98999786376953,80.12000274658203,10193300
2020-09-02,74.6456298828125,82.16999816894531,82.70999908447266,79.87999725341797,81.3499984741211,12567800
2020-09-03,73.74628448486328,81.18000030517578,81.80999755859375,78.37999725341797,81.12000274658203,20090100
2020-09-04,71.68415832519531,78.91000366210938,81.47000122070312,77.41000366210938,80.5,13638700
2020-09-08,70.23974609375,77.31999969482422,79.1500015258789,77.22000122070312,78.0199966430664,11553500
2020-09-09,72.12926483154297,79.4000015258789,79.69999694824219,78.55000305175781,78.62000274658203,7867500
2020-09-10,71.67507934570312,78.9000015258789,81.2300033569336,78.76000213623047,80.73999786376953,11241800
2020-09-11,71.60237121582031,78.81999969482422,80.30000305175781,78.5999984741211,80.01000213623047,7853500
2020-09-14,73.12855529785156,80.5,81.12000274658203,79.94999694824219,80.5,7091100
2020-09-15,77.98865509033203,85.8499984741211,86.79000091552734,81.37999725341797,81.55999755859375,21048400
2020-09-16,75.51771545410156,83.12999725341797,86.48999786376953,83.04000091552734,86.48999786376953,14492600
2020-09-17,74.79362487792969,81.91000366210938,82.29000091552734,80.61000061035156,81.0,10090200
2020-09-18,73.25956726074219,80.2300033569336,82.83999633789062,80.11000061035156,82.37000274658203,10528300
2020-09-21,73.58829498291016,80.58999633789062,80.6500015258789,79.08000183105469,79.80000305175781,8417100
2020-09-22,73.48786926269531,80.4800033569336,80.88999938964844,79.4000015258789,80.83000183105469,6375200
2020-09-23,71.15027618408203,77.91999816894531,79.93000030517578,77.88999938964844,79.69999694824219,9094700
2020-09-24,71.5702896118164,78.37999725341797,79.0,76.16999816894531,76.81999969482422,9940900
2020-09-25,72.02686309814453,78.87999725341797,78.91999816894531,77.38999938964844,78.16999816894531,6057500
2020-09-28,72.83953857421875,79.7699966430664,80.37000274658203,79.47000122070312,80.30999755859375,5999300
2020-09-29,73.51526641845703,80.51000213623047,81.23999786376953,79.30999755859375,79.69999694824219,6114600
2020-09-30,74.02660369873047,81.06999969482422,81.94000244140625,80.56999969482422,80.58999633789062,5878900
2020-10-01,75.44194030761719,82.62000274658203,82.72000122070312,81.73999786376953,82.05999755859375,6253800
2020-10-02,73.78006744384766,80.80000305175781,82.19999694824219,80.61000061035156,80.70999908447266,6145900
2020-10-05,77.19512176513672,84.54000091552734,84.62999725341797,81.55000305175781,81.55000305175781,10129100
2020-10-06,75.89849853515625,83.12000274658203,84.44999694824219,82.7699966430664,83.7699966430664,7795600
2020-10-07,79.36833953857422,86.91999816894531,87.0,84.77999877929688,84.77999877929688,11446400
2020-10-08,80.17189025878906,87.80000305175781,88.86000061035156,86.5199966430664,88.86000061035156,10920800
2020-10-09,81.06675720214844,88.77999877929688,88.80000305175781,87.63999938964844,88.33999633789062,7608800
2020-10-12,83.01168823242188,90.91000366210938,91.2699966430664,88.68000030517578,89.12000274658203,10022000
2020-10-13,81.8520278930664,89.63999938964844,90.6500015258789,89.43000030517578,90.5,8247000
2020-10-14,80.90239715576172,88.5999984741211,89.87999725341797,88.2699966430664,89.6500015258789,8159000
2020-10-15,80.4914779663086,88.1500015258789,89.48999786376953,87.19000244140625,87.29000091552734,10327900
2020-10-16,79.16746520996094,86.69999694824219,88.58999633789062,86.44000244140625,88.55000305175781,7457200
2020-10-19,79.95274353027344,87.55999755859375,89.62000274658203,87.29000091552734,88.33999633789062,7994500
2020-10-20,80.5919418334961,88.26000213623047,88.9800033569336,87.7699966430664,87.79000091552734,7357600
2020-10-21,80.02578735351562,87.63999938964844,88.87000274658203,87.56999969482422,88.0,7387600
2020-10-22,80.54625701904297,88.20999908447266,88.94000244140625,87.87999725341797,88.44000244140625,5656200
2020-10-23,80.63756561279297,88.30999755859375,88.44999694824219,87.43000030517578,88.25,4165400
2020-10-26,79.19486236572266,86.7300033569336,87.77999877929688,85.7699966430664,87.20999908447266,5568000
2020-10-27,79.17657470703125,86.70999908447266,87.22000122070312,85.9800033569336,86.95999908447266,5315800
2020-10-28,76.56507110595703,83.8499984741211,85.41000366210938,83.83999633789062,85.1500015258789,8727300
2020-10-29,77.51472473144531,84.88999938964844,85.33000183105469,84.0199966430664,84.2699966430664,5845600
2020-10-30,76.58332824707031,83.87000274658203,84.75,83.16000366210938,84.43000030517578,4963600
2020-11-02,78.26346588134766,85.70999908447266,85.95999908447266,84.52999877929688,84.5999984741211,6597100
2020-11-03,80.07144927978516,87.69000244140625,88.23999786376953,86.05999755859375,86.19000244140625,6274700
2020-11-04,81.67854309082031,89.44999694824219,89.7699966430664,88.45999908447266,88.72000122070312,7620800
2020-11-05,82.57339477539062,90.43000030517578,90.95999908447266,89.7699966430664,90.41999816894531,6670100
2020-11-06,83.46826934814453,91.41000366210938,91.5,89.05000305175781,89.80999755859375,6403000
2020-11-09,81.29503631591797,89.02999877929688,92.4800033569336,88.94000244140625,92.19999694824219,8978000
2020-11-10,80.0440673828125,87.66000366210938,88.80000305175781,86.69999694824219,88.4000015258789,8350100
2020-11-11,82.98430633544922,90.87999725341797,91.18000030517578,89.36000061035156,89.5,7707300
2020-11-12,82.01639556884766,89.81999969482422,91.88999938964844,89.77999877929688,90.87999725341797,7474600
2020-11-13,85.12100982666016,93.22000122070312,93.80999755859375,91.20999908447266,91.54000091552734,9170900
2020-11-16,90.6453628540039,99.2699966430664,102.44000244140625,96.36000061035156,96.41999816894531,18436200
2020-11-17,87.3946762084961,95.70999908447266,98.08999633789062,95.69000244140625,97.9800033569336,10843700
2020-11-18,88.50868225097656,96.93000030517578,98.80000305175781,96.37000274658203,98.5199966430664,8526600
2020-11-19,88.21648406982422,96.61000061035156,96.86000061035156,95.62000274658203,96.7699966430664,5542800
2020-11-20,87.04768371582031,95.33000183105469,97.19999694824219,95.30000305175781,96.66000366210938,5329800
2020-11-23,89.60442352294922,98.12999725341797,98.93000030517578,96.8499984741211,97.16000366210938,8802400
2020-11-24,88.24388122558594,96.63999938964844,98.58999633789062,96.0199966430664,98.48999786376953,7022800
2020-11-25,89.02002716064453,97.48999786376953,97.98999786376953,96.13999938964844,96.19999694824219,5194900
2020-11-27,90.16140747070312,98.73999786376953,99.2699966430664,98.05000305175781,98.54000091552734,4367100
2020-11-30,88.59086608886719,97.0199966430664,97.94999694824219,96.19999694824219,97.55999755859375,13840500
2020-12-01,92.09722900390625,100.86000061035156,104.30000305175781,98.5199966430664,98.69000244140625,16157300
2020-12-02,90.89190673828125,99.54000091552734,102.04000091552734,99.5199966430664,102.0,8676300
2020-12-03,90.85538482666016,99.5,101.19000244140625,99.43000030517578,101.05999755859375,7359000
2020-12-04,94.71788024902344,103.7300033569336,103.75,100.69999694824219,101.51000213623047,10824500
2020-12-07,97.14679718017578,106.38999938964844,107.61000061035156,104.97000122070312,106.0199966430664,11793000
2020-12-08,96.46195220947266,105.63999938964844,107.83999633789062,105.11000061035156,107.77999877929688,9876200
2020-12-09,95.34793853759766,104.41999816894531,106.5999984741211,103.51000213623047,106.01000213623047,8204100
2020-12-10,95.1744613647461,104.2300033569336,105.11000061035156,102.19999694824219,103.0,7135000
2020-12-11,94.99183654785156,104.02999877929688,105.12000274658203,103.22000122070312,104.01000213623047,7492600
2020-12-14,94.56266021728516,103.55999755859375,104.9000015258789,103.5,103.7699966430664,5878000
2020-12-15,95.9597396850586,105.08999633789062,106.37999725341797,104.41999816894531,105.68000030517578,7399900
2020-12-16,96.06017303466797,105.19999694824219,105.66999816894531,103.95999908447266,105.6500015258789,5986900
2020-12-17,95.27342224121094,103.9000015258789,105.31999969482422,103.8499984741211,104.9000015258789,7779300
2020-12-18,95.62185668945312,104.27999877929688,104.80000305175781,103.16000366210938,104.0,7417000
2020-12-21,96.12621307373047,104.83000183105469,104.95999908447266,103.31999969482422,103.55999755859375,6116400
2020-12-22,95.31008911132812,103.94000244140625,105.22000122070312,102.91000366210938,105.06999969482422,5597100
2020-12-23,95.1450424194336,103.76000213623047,104.87000274658203,103.5999984741211,104.66999816894531,3320800
2020-12-24,97.17156219482422,105.97000122070312,106.33999633789062,104.66999816894531,104.76000213623047,3172100
2020-12-28,97.33660125732422,106.1500015258789,108.16999816894531,105.94999694824219,107.5999984741211,5157000
2020-12-29,96.79559326171875,105.55999755859375,107.1500015258789,105.22000122070312,107.0,4602400
2020-12-30,99.8582992553711,108.9000015258789,109.69999694824219,107.4000015258789,107.69999694824219,9571800
2020-12-31,99.98663330078125,109.04000091552734,109.66999816894531,108.44000244140625,109.66000366210938,4909500
2021-01-04,102.42579650878906,111.69999694824219,114.0999984741211,110.44999694824219,111.47000122070312,11262100
2021-01-05,103.4069595336914,112.7699966430664,114.94999694824219,112.01000213623047,112.41000366210938,10583600
2021-01-06,106.01115417480469,115.61000061035156,116.38999938964844,112.55000305175781,113.8499984741211,10609300
2021-01-07,111.34793853759766,121.43000030517578,122.94000244140625,117.58999633789062,119.33999633789062,13556100
2021-01-08,108.83544158935547,118.69000244140625,126.29000091552734,116.9800033569336,125.91000366210938,18976800
2021-01-11,112.42080688476562,122.5999984741211,123.5999984741211,118.80000305175781,119.73999786376953,12006800
2021-01-12,112.78758239746094,123.0,125.19999694824219,121.68000030517578,125.16000366210938,14163200
2021-01-13,109.3305892944336,119.2300033569336,124.80000305175781,118.0,124.4000015258789,20650500
2021-01-14,115.95113372802734,126.44999694824219,134.64999389648438,121.66999816894531,123.44999694824219,37125400
2021-01-15,114.83244323730469,125.2300033569336,128.5399932861328,123.20999908447266,128.47000122070312,17343100
2021-01-19,120.39845275878906,131.3000030517578,134.0500030517578,128.44000244140625,130.58999633789062,20443800
2021-01-20,119.7932357788086,130.63999938964844,136.1300048828125,130.10000610351562,135.19000244140625,17360700
2021-01-21,123.02102661132812,134.16000366210938,135.39999389648438,132.33999633789062,133.25,15460100
2021-01-22,118.41779327392578,129.13999938964844,131.25,128.80999755859375,130.0399932861328,19163200
2021-01-25,119.68321228027344,130.52000427246094,132.1699981689453,127.3499984741211,131.8300018310547,20469300
2021-01-26,116.1345443725586,126.6500015258789,129.32000732421875,126.25,129.0500030517578,17084600
2021-01-27,111.63218688964844,121.73999786376953,125.0999984741211,121.5,124.94999694824219,16732700
2021-01-28,115.38262176513672,125.83000183105469,127.58000183105469,123.58000183105469,124.5,14148100
2021-01-29,111.43046569824219,121.5199966430664,124.36000061035156,120.55000305175781,124.0,15169200
2021-02-01,116.14369201660156,126.66000366210938,126.8499984741211,123.37999725341797,124.54000091552734,10179900
2021-02-02,117.77590942382812,128.44000244140625,130.25,127.44999694824219,129.47000122070312,9302400
2021-02-03,116.91395568847656,127.5,129.13999938964844,126.05999755859375,129.0,9676600
2021-02-04,117.5099868774414,128.14999389648438,128.1999969482422,125.97000122070312,127.5,7445100
2021-02-05,117.17071533203125,127.77999877929688,128.8800048828125,126.69999694824219,128.7899932861328,6226800
2021-02-08,121.54466247558594,132.5500030517578,133.25,128.6999969482422,128.6999969482422,11160000
2021-02-09,121.66386413574219,132.67999267578125,134.41000366210938,131.75,133.97999572753906,7929100
2021-02-10,122.59003448486328,133.69000244140625,136.0,132.50999450683594,134.1199951171875,12196300
2021-02-11,127.6058578491211,139.16000366210938,139.22999572753906,134.05999755859375,135.39999389648438,12347900
2021-02-12,126.59721374511719,138.05999755859375,139.80999755859375,137.16000366210938,138.9199981689453,11114100
2021-02-16,128.4219512939453,140.0500030517578,142.1999969482422,139.4199981689453,141.61000061035156,11833600
2021-02-17,124.95580291748047,136.27000427246094,139.63999938964844,136.10000610351562,139.2100067138672,12311200
2021-02-18,123.45198059082031,134.6300048828125,135.8800048828125,133.39999389648438,134.85000610351562,11614600
2021-02-19,125.31342315673828,136.66000366210938,137.9499969482422,135.72000122070312,136.14999389648438,10771900
2021-02-22,122.47998809814453,133.57000732421875,135.27999877929688,133.17999267578125,133.58999633789062,10363800
2021-02-23,118.381103515625,129.10000610351562,131.74000549316406,125.37999725341797,129.10000610351562,18444700
2021-02-24,121.3154296875,132.3000030517578,132.3800048828125,127.68000030517578,129.50999450683594,12782900
2021-02-25,115.53849029541016,126.0,131.5399932861328,125.72000122070312,131.52000427246094,13581200
2021-02-26,115.48348236083984,125.94000244140625,127.38999938964844,122.83000183105469,125.43000030517578,17281000
2021-03-01,118.40860748291016,129.1300048828125,130.3000030517578,127.23999786376953,129.6300048828125,9714900
2021-03-02,115.53849029541016,126.0,128.52000427246094,126.0,128.42999267578125,8274500
2021-03-03,112.68672180175781,122.88999938964844,127.76000213623047,122.70999908447266,126.72000122070312,10660300
2021-03-04,105.9928207397461,115.58999633789062,123.1500015258789,113.48999786376953,121.94999694824219,24454200
2021-03-05,110.77025604248047,120.80000305175781,121.30000305175781,115.37999725341797,120.9000015258789,17448700
2021-03-08,104.47064971923828,113.93000030517578,121.0,113.69999694824219,120.54000091552734,17246900
2021-03-09,106.71722412109375,116.37999725341797,118.4000015258789,115.33000183105469,117.06999969482422,17717100
2021-03-10,104.37893676757812,113.83000183105469,118.02999877929688,113.41000366210938,117.80000305175781,15240300
2021-03-11,110.5685043334961,120.58000183105469,120.80000305175781,117.06999969482422,118.23999786376953,15091600
2021-03-12,108.47781372070312,118.30000305175781,119.0,117.27999877929688,119.0,8171000
2021-03-15,109.19306945800781,119.08000183105469,119.11000061035156,116.70999908447266,118.6500015258789,8935000
2021-03-16,109.44062805175781,119.3499984741211,121.25,118.0999984741211,119.72000122070312,10793400
2021-03-17,109.30992126464844,118.76000213623047,119.5199966430664,115.38999938964844,117.75,9890400
2021-03-18,105.38890838623047,114.5,118.33000183105469,114.0999984741211,118.0,10283800
2021-03-19,104.58814239501953,113.62999725341797,114.88999938964844,113.20999908447266,114.37999725341797,11536000
2021-03-22,107.85566711425781,117.18000030517578,118.33000183105469,114.79000091552734,114.79000091552734,9376400
2021-03-23,105.74788665771484,114.88999938964844,116.75,114.62000274658203,116.0999984741211,8977400
2021-03-24,100.28974151611328,108.95999908447266,114.69000244140625,108.8499984741211,112.47000122070312,24196100
2021-03-25,101.66117858886719,110.44999694824219,112.75,107.88999938964844,108.0,16772400
2021-03-26,107.28498840332031,116.55999755859375,116.69999694824219,111.19999694824219,112.0,12910900
2021-03-29,105.28766632080078,114.38999938964844,116.76000213623047,112.38999938964844,116.55000305175781,10863600
2021-03-30,105.91353607177734,115.06999969482422,116.08999633789062,114.29000091552734,115.27999877929688,8206200
2021-03-31,108.86811065673828,118.27999877929688,118.36000061035156,115.55999755859375,115.79000091552734,9806500
2021-04-01,114.86930084228516,124.80000305175781,124.87999725341797,121.63999938964844,122.80999755859375,17904000
2021-04-05,114.59317779541016,124.5,127.4000015258789,122.68000030517578,127.06999969482422,14113900
2021-04-06,112.69709014892578,122.44000244140625,124.01000213623047,121.54000091552734,124.0,13042300
2021-04-07,110.34999084472656,119.88999938964844,122.61000061035156,119.83999633789062,122.44000244140625,11193200
2021-04-08,113.60833740234375,123.43000030517578,123.81999969482422,121.37999725341797,121.37999725341797,10226700
2021-04-09,113.02845764160156,122.80000305175781,123.44000244140625,121.69999694824219,122.75,8315200
2021-04-12,111.27965545654297,120.9000015258789,122.45999908447266,119.23999786376953,122.20999908447266,9868400
2021-04-13,111.62020111083984,121.2699966430664,122.9000015258789,120.3499984741211,122.4000015258789,8384800
2021-04-14,111.22440338134766,120.83999633789062,122.43000030517578,120.5,121.98999786376953,9521900
2021-04-15,108.93257141113281,118.3499984741211,122.0,116.55999755859375,121.69999694824219,18709100
2021-04-16,109.38355255126953,118.83999633789062,120.5999984741211,117.8499984741211,119.19000244140625,9512100
2021-04-19,106.21728515625,115.4000015258789,118.87999725341797,115.19999694824219,118.0,12630300
2021-04-20,105.80308532714844,114.94999694824219,116.77999877929688,114.55000305175781,116.05000305175781,9299200
2021-04-21,108.05815887451172,117.4000015258789,117.48999786376953,113.7699966430664,114.5,8472200
2021-04-22,106.14366149902344,115.31999969482422,117.5,114.41000366210938,117.5,7411800
2021-04-23,109.19947052001953,118.63999938964844,118.72000122070312,115.93000030517578,116.58000183105469,8380300
2021-04-26,111.85031127929688,121.5199966430664,121.54000091552734,119.4000015258789,120.0,8444000
2021-04-27,111.62020111083984,121.2699966430664,121.6500015258789,119.88999938964844,121.5,5491800
2021-04-28,110.13832092285156,119.66000366210938,120.41999816894531,118.7300033569336,120.0,6476500
2021-04-29,109.62288665771484,119.0999984741211,120.83000183105469,117.61000061035156,120.72000122070312,8831800
2021-04-30,107.45067596435547,116.73999786376953,118.18000030517578,116.6500015258789,118.01000213623047,7950700
2021-05-03,106.7143325805664,115.94000244140625,117.55000305175781,115.7300033569336,117.47000122070312,10229500
2021-05-04,106.18048095703125,115.36000061035156,115.81999969482422,113.73999786376953,115.0,9638300
2021-05-05,106.19888305664062,115.37999725341797,116.48999786376953,114.8499984741211,116.0,7059000
2021-05-06,107.68999481201172,117.0,117.63999938964844,114.45999908447266,115.30000305175781,8581700
2021-05-07,107.53350067138672,116.83000183105469,119.41999816894531,116.05000305175781,118.4000015258789,9614300
2021-05-10,103.37317657470703,112.30999755859375,115.37999725341797,112.2300033569336,114.9800033569336,12281200
2021-05-11,103.87020874023438,112.8499984741211,112.98999786376953,109.12999725341797,109.7300033569336,10007700
2021-05-12,99.59942626953125,108.20999908447266,110.08999633789062,108.05999755859375,109.3499984741211,15058900
2021-05-13,100.09646606445312,108.75,111.43000030517578,107.9000015258789,109.36000061035156,10552000
2021-05-14,103.51124572753906,112.45999908447266,112.83000183105469,110.23999786376953,110.61000061035156,8425200
2021-05-17,101.06291961669922,109.80000305175781,110.02999877929688,107.87000274658203,109.06999969482422,10688600
2021-05-18,102.02015686035156,110.83999633789062,113.4800033569336,110.73999786376953,113.0,7476600
2021-05-19,103.45600128173828,112.4000015258789,112.48999786376953,108.0,108.5,7280500
2021-05-20,104.2659912109375,113.27999877929688,113.72000122070312,112.0999984741211,112.38999938964844,6442500
2021-05-21,102.94978332519531,111.8499984741211,114.0,111.69000244140625,114.0,5979400
2021-05-24,104.58814239501953,113.62999725341797,114.54000091552734,112.12000274658203,112.26000213623047,6653600
2021-05-25,105.18640899658203,114.27999877929688,114.94000244140625,113.5999984741211,114.8499984741211,5331700
2021-05-26,106.76953887939453,116.0,116.0,114.0,114.0,6605100
2021-05-27,106.55784606933594,115.7699966430664,116.52999877929688,115.0,116.0,6513700
2021-05-28,108.02130889892578,117.36000061035156,117.83999633789062,115.94999694824219,116.30000305175781,5386500
2021-06-01,109.07982635498047,118.51000213623047,120.04000091552734,117.43000030517578,119.70999908447266,7596100
2021-06-02,109.48480987548828,118.94999694824219,119.44999694824219,117.91999816894531,118.9000015258789,5383400
2021-06-03,107.5243148803711,116.81999969482422,118.26000213623047,116.45999908447266,118.05000305175781,4912200
2021-06-04,110.000244140625,119.51000213623047,119.8499984741211,118.05000305175781,118.2300033569336,5352100
2021-06-07,108.8128890991211,118.22000122070312,118.75,117.56999969482422,118.13999938964844,6266000
2021-06-08,106.69591522216797,115.91999816894531,117.68000030517578,115.05999755859375,117.55000305175781,11564800
2021-06-09,107.80963897705078,117.12999725341797,117.6500015258789,115.97000122070312,116.0,6401600
2021-06-10,108.8313217163086,118.23999786376953,118.8499984741211,116.62999725341797,117.04000091552734,8566600
2021-06-11,108.84051513671875,118.25,118.41999816894531,117.16000366210938,118.29000091552734,6036600
2021-06-14,111.36247253417969,120.98999786376953,121.0,118.45999908447266,118.55000305175781,7610300
2021-06-15,109.94502258300781,119.44999694824219,122.0,119.2699966430664,120.3499984741211,8196900
2021-06-16,108.62879943847656,118.0199966430664,119.9000015258789,117.5,119.55000305175781,8059400
2021-06-17,110.0618667602539,119.12000274658203,120.23999786376953,117.58999633789062,117.68000030517578,7608100
2021-06-18,106.985107421875,115.79000091552734,117.88999938964844,115.20999908447266,117.51000213623047,12532800
2021-06-21,105.46056365966797,114.13999938964844,115.4000015258789,113.0199966430664,115.37999725341797,11116200
2021-06-22,105.6361083984375,114.33000183105469,114.48999786376953,112.01000213623047,113.5,11792400
2021-06-23,107.22533416748047,116.05000305175781,117.41999816894531,115.80999755859375,116.19999694824219,8913700
2021-06-24,108.32483673095703,117.23999786376953,117.66999816894531,116.2699966430664,116.72000122070312,6772200
2021-06-25,107.66881561279297,116.52999877929688,117.93000030517578,116.52999877929688,117.44999694824219,6712800
2021-06-28,110.51460266113281,119.61000061035156,119.94999694824219,117.18000030517578,117.29000091552734,11026600
2021-06-29,111.08747863769531,120.2300033569336,120.29000091552734,118.41999816894531,119.4000015258789,7874900
2021-06-30,111.02279663085938,120.16000366210938,120.76000213623047,119.01000213623047,120.16000366210938,7936400
2021-07-01,109.41509246826172,118.41999816894531,120.20999908447266,118.02999877929688,120.0999984741211,8295600
2021-07-02,109.86785888671875,118.91000366210938,119.18000030517578,118.41000366210938,118.75,5144300
2021-07-06,110.921142578125,120.05000305175781,120.95999908447266,118.22000122070312,119.8499984741211,7181500
2021-07-07,109.25802612304688,118.25,121.05000305175781,118.20999908447266,120.63999938964844,7391800
2021-07-08,108.90692138671875,117.87000274658203,118.27999877929688,115.37999725341797,115.87000274658203,7565400
2021-07-09,111.39236450195312,120.55999755859375,120.79000091552734,117.62000274658203,118.0,8374200
2021-07-12,113.3049545288086,122.62999725341797,122.7300033569336,119.5199966430664,121.19000244140625,10668700
2021-07-13,114.4783935546875,123.9000015258789,125.4800033569336,122.12999725341797,123.19000244140625,13460200
2021-07-14,114.93112182617188,124.38999938964844,125.77999877929688,124.06999969482422,125.1500015258789,10587700
2021-07-15,108.5927734375,117.52999877929688,120.69999694824219,116.87000274658203,120.12000274658203,23734500
2021-07-16,106.93888854980469,115.73999786376953,118.98999786376953,115.16999816894531,118.75,12110000
2021-07-19,106.57855224609375,115.3499984741211,115.62000274658203,113.2300033569336,114.0,9230200
2021-07-20,107.5487060546875,116.4000015258789,116.87000274658203,114.43000030517578,115.87999725341797,7108000
2021-07-21,108.90692138671875,117.87000274658203,117.87000274658203,115.93000030517578,116.2300033569336,5564700
2021-07-22,107.69652557373047,116.55999755859375,118.08999633789062,116.20999908447266,118.08999633789062,5746500
2021-07-23,107.90904998779297,116.79000091552734,117.6500015258789,115.33000183105469,117.6500015258789,5773900
2021-07-26,106.85574340820312,115.6500015258789,116.0999984741211,114.87000274658203,115.79000091552734,6440600
2021-07-27,104.90618896484375,113.54000091552734,115.4000015258789,112.05000305175781,115.31999969482422,11127500
2021-07-28,106.31981658935547,115.06999969482422,115.51000213623047,113.87999725341797,113.94000244140625,6819700
2021-07-29,107.31771850585938,116.1500015258789,117.11000061035156,115.61000061035156,116.0,7162000
2021-07-30,107.77045440673828,116.63999938964844,117.41999816894531,115.19000244140625,115.5,6482600
2021-08-02,107.9737319946289,116.86000061035156,118.37999725341797,116.66000366210938,117.5,6028800
2021-08-03,109.40584564208984,118.41000366210938,118.63999938964844,116.83999633789062,117.30999755859375,5874700
2021-08-04,109.71077728271484,118.73999786376953,119.55000305175781,118.27999877929688,118.43000030517578,4254000
2021-08-05,110.15426635742188,119.22000122070312,119.23999786376953,118.23999786376953,119.06999969482422,4452300
2021-08-06,109.22107696533203,118.20999908447266,118.5999984741211,117.44999694824219,118.37000274658203,4338100
2021-08-09,109.23030853271484,118.22000122070312,118.79000091552734,117.31999969482422,118.41999816894531,4280200
2021-08-10,107.5117416381836,116.36000061035156,119.05000305175781,114.08000183105469,118.5,5132800
2021-08-11,107.16989135742188,115.98999786376953,117.29000091552734,115.19999694824219,116.5,4490400
2021-08-12,106.90190887451172,115.69999694824219,115.94999694824219,114.44000244140625,115.55000305175781,6338400
2021-08-13,106.71714782714844,115.5,115.5199966430664,114.48999786376953,115.06999969482422,4593200
2021-08-16,105.91329956054688,114.62999725341797,115.4800033569336,114.0999984741211,115.0999984741211,5435900
2021-08-17,102.66095733642578,111.11000061035156,113.8499984741211,110.75,113.7300033569336,13398800
2021-08-18,102.05113983154297,110.44999694824219,113.0,110.37999725341797,111.73999786376953,9167300
2021-08-19,102.1158218383789,110.5199966430664,110.97000122070312,107.68000030517578,109.0,12146900
2021-08-20,99.89836120605469,108.12000274658203,109.70999908447266,107.7300033569336,109.13999938964844,13042000
2021-08-23,102.52237701416016,110.95999908447266,111.33000183105469,109.2699966430664,110.08000183105469,9533500
2021-08-24,103.58492279052734,112.11000061035156,113.06999969482422,111.80000305175781,111.81999969482422,6719800
2021-08-25,108.13081359863281,117.02999877929688,119.18000030517578,115.61000061035156,115.70999908447266,22106800
2021-08-26,109.11944580078125,118.0999984741211,118.45999908447266,116.3499984741211,117.9800033569336,9892100
2021-08-27,109.47978210449219,118.48999786376953,119.30000305175781,117.69000244140625,118.33000183105469,6827700
2021-08-30,109.94175720214844,118.98999786376953,119.5,118.47000122070312,118.87999725341797,6434200
2021-08-31,109.96023559570312,119.01000213623047,120.80000305175781,118.69999694824219,120.01000213623047,8424900
2021-09-01,111.29997253417969,120.45999908447266,121.36000061035156,119.55999755859375,120.22000122070312,8603900
2021-09-02,111.6048812866211,120.79000091552734,121.38999938964844,120.45999908447266,120.94000244140625,6866400
2021-09-03,114.54307556152344,123.97000122070312,124.4800033569336,121.26000213623047,121.58000183105469,10361400
2021-09-07,115.21755981445312,124.69999694824219,125.27999877929688,123.88999938964844,124.62000274658203,9739900
2021-09-08,112.62122344970703,121.88999938964844,123.13999938964844,121.2300033569336,122.97000122070312,7983300
2021-09-09,113.35113525390625,122.68000030517578,123.48999786376953,121.87999725341797,122.19000244140625,5101300
2021-09-10,113.61910247802734,122.97000122070312,124.33999633789062,122.88999938964844,123.0199966430664,5163900
2021-09-13,114.21968841552734,123.62000274658203,124.0999984741211,122.19999694824219,122.94000244140625,6622800
2021-09-14,113.72998046875,123.08999633789062,123.62999725341797,122.4000015258789,123.62999725341797,5110500
2021-09-15,112.26091003417969,121.5,122.5,120.87999725341797,122.41000366210938,5566500
2021-09-16,112.06329345703125,120.79000091552734,121.12999725341797,119.3499984741211,120.0,7301400
2021-09-17,109.24291229248047,117.75,120.47000122070312,117.69000244140625,120.19000244140625,10722700
2021-09-20,106.41326904296875,114.69999694824219,116.01000213623047,113.55000305175781,115.19999694824219,8991000
2021-09-21,106.65447998046875,114.95999908447266,115.87000274658203,114.55000305175781,115.6500015258789,8182200
2021-09-22,107.49873352050781,115.87000274658203,116.23999786376953,114.91000366210938,115.2300033569336,5345600
2021-09-23,107.79562377929688,116.19000244140625,116.97000122070312,115.58999633789062,116.97000122070312,5484700
2021-09-24,107.28535461425781,115.63999938964844,116.55999755859375,115.52999877929688,116.0,4455900
2021-09-27,107.75851440429688,116.1500015258789,116.56999969482422,115.01000213623047,115.69999694824219,5198800
2021-09-28,103.8155746459961,111.9000015258789,115.04000091552734,111.8499984741211,114.33000183105469,9792300
2021-09-29,103.55577850341797,111.62000274658203,112.8499984741211,111.0199966430664,112.30000305175781,6522400
2021-09-30,103.58362579345703,111.6500015258789,113.3499984741211,111.6500015258789,112.43000030517578,6433400
2021-10-01,103.5001220703125,111.55999755859375,112.30000305175781,110.30000305175781,112.0,5315200
2021-10-04,101.14361572265625,109.0199966430664,111.43000030517578,108.5199966430664,111.0,8514500
2021-10-05,101.36629486083984,109.26000213623047,110.3499984741211,109.22000122070312,109.80000305175781,8039600
2021-10-06,101.44050598144531,109.33999633789062,109.5199966430664,107.58000183105469,108.44000244140625,7553600
2021-10-07,102.82286071777344,110.83000183105469,111.70999908447266,110.48999786376953,111.0,7821900
2021-10-08,102.08993530273438,110.04000091552734,111.06999969482422,109.51000213623047,110.9800033569336,5143400
2021-10-11,102.29405212402344,110.26000213623047,111.70999908447266,109.9000015258789,110.08000183105469,5318500
2021-10-12,101.31062316894531,109.19999694824219,111.02999877929688,108.55999755859375,110.47000122070312,9294600
2021-10-13,102.03428649902344,109.9800033569336,110.05000305175781,108.94999694824219,109.31999969482422,7845100
2021-10-14,104.4278793334961,112.55999755859375,114.73999786376953,111.16000366210938,114.13999938964844,16930500
2021-10-15,106.56171417236328,114.86000061035156,114.94999694824219,112.95999908447266,114.77999877929688,11558800
2021-10-18,107.00701141357422,115.33999633789062,115.3499984741211,113.41999816894531,113.41999816894531,6773800
2021-10-19,108.50999450683594,116.95999908447266,116.9800033569336,115.62999725341797,115.80000305175781,5406100
2021-10-20,107.23896789550781,115.58999633789062,117.02999877929688,115.55000305175781,116.87999725341797,8205800
2021-10-21,107.88839721679688,116.29000091552734,116.3499984741211,114.61000061035156,115.01000213623047,4640300
2021-10-22,105.97723388671875,114.2300033569336,117.1500015258789,114.2300033569336,116.23999786376953,6283000
2021-10-25,105.4298324584961,113.63999938964844,114.55000305175781,113.11000061035156,114.4000015258789,6667700
2021-10-26,105.93083190917969,114.18000030517578,115.30000305175781,113.72000122070312,114.94000244140625,4852300
2021-10-27,105.53190612792969,113.75,115.05999755859375,113.70999908447266,114.02999877929688,5394500
2021-10-28,107.62863159179688,116.01000213623047,116.0199966430664,113.54000091552734,113.66000366210938,5714300
2021-10-29,105.4854965209961,113.69999694824219,114.19000244140625,113.22000122070312,114.06999969482422,7118900
2021-11-01,105.87518310546875,114.12000274658203,114.33999633789062,113.3499984741211,113.58000183105469,4955700
2021-11-02,105.86589813232422,114.11000061035156,114.80000305175781,113.54000091552734,113.58999633789062,4479700
2021-11-03,105.77312469482422,114.01000213623047,114.0999984741211,112.7300033569336,113.44000244140625,6073000
2021-11-04,109.28002166748047,117.79000091552734,117.8499984741211,112.41000366210938,113.37000274658203,14682800
2021-11-05,109.289306640625,117.80000305175781,119.52999877929688,116.25,118.16999816894531,8668100
2021-11-08,112.17461395263672,120.91000366210938,122.25,117.05000305175781,118.38999938964844,15776300
2021-11-09,112.98175048828125,121.77999877929688,123.2699966430664,120.16999816894531,121.25,10874100
2021-11-10,109.660400390625,118.19999694824219,120.80000305175781,117.68000030517578,119.5999984741211,9046100
2021-11-11,109.65113067626953,118.19000244140625,120.47000122070312,117.80000305175781,119.26000213623047,6994000
2021-11-12,110.11500549316406,118.69000244140625,118.81999969482422,117.2699966430664,118.38999938964844,6947200
2021-11-15,109.586181640625,118.12000274658203,119.63999938964844,117.51000213623047,119.31999969482422,5157000
2021-11-16,109.549072265625,118.08000183105469,118.37999725341797,117.16000366210938,117.69000244140625,5555100
2021-11-17,110.4582748413086,119.05999755859375,119.55000305175781,117.51000213623047,118.0,6391400
2021-11-18,114.4754409790039,123.38999938964844,123.55999755859375,119.80000305175781,119.97000122070312,13229700
2021-11-19,115.2825927734375,124.26000213623047,124.80000305175781,122.0199966430664,122.02999877929688,9071800
2021-11-22,115.7371826171875,124.75,128.08999633789062,123.20999908447266,123.5,16076100
2021-11-23,112.59209442138672,121.36000061035156,123.19999694824219,119.5199966430664,122.72000122070312,10984000
2021-11-24,111.98905944824219,120.70999908447266,120.87000274658203,118.4000015258789,120.0,6992600
2021-11-26,108.63058471679688,117.08999633789062,119.04000091552734,116.5199966430664,117.5,6766900
2021-11-29,110.66238403320312,119.27999877929688,119.87999725341797,117.9000015258789,118.36000061035156,7634000
2021-11-30,108.68627166748047,117.1500015258789,120.16999816894531,115.76000213623047,118.0999984741211,10561800
2021-12-01,111.91484832763672,120.62999725341797,123.51000213623047,119.22000122070312,119.22000122070312,12924400
2021-12-02,112.90752410888672,121.69999694824219,123.4000015258789,120.0199966430664,120.3499984741211,8425500
2021-12-03,110.7087631225586,119.33000183105469,121.8499984741211,117.9800033569336,121.0,7809000
2021-12-06,110.5324935913086,119.13999938964844,119.5,116.58000183105469,118.88999938964844,5681200
2021-12-07,113.48274230957031,122.31999969482422,122.58000183105469,120.26000213623047,120.54000091552734,7459200
2021-12-08,113.00031280517578,121.80000305175781,122.22000122070312,120.11000061035156,121.62999725341797,5795700
2021-12-09,110.86648559570312,119.5,122.08999633789062,119.48999786376953,121.18000030517578,6103900
2021-12-10,110.5232162475586,119.12999725341797,120.79000091552734,118.23999786376953,120.0,5973900
2021-12-13,108.00900268554688,116.41999816894531,119.02999877929688,116.38999938964844,118.86000061035156,5854300
2021-12-14,107.88839721679688,116.29000091552734,116.9800033569336,115.25,115.44000244140625,6267300
2021-12-15,111.70145416259766,120.4000015258789,120.51000213623047,116.4800033569336,116.79000091552734,6700700
2021-12-16,108.59552764892578,116.56999969482422,120.75,116.13999938964844,120.33999633789062,9116100
2021-12-17,108.3626480102539,116.31999969482422,117.48999786376953,115.93000030517578,116.29000091552734,11725600
2021-12-20,107.0770492553711,114.94000244140625,116.62000274658203,113.91000366210938,115.91999816894531,6980800
2021-12-21,109.40602111816406,117.44000244140625,117.5,115.08000183105469,116.06999969482422,6122900
2021-12-22,113.00196838378906,121.30000305175781,121.44000244140625,116.83000183105469,116.91999816894531,9300100
2021-12-23,112.42436218261719,120.68000030517578,121.79000091552734,119.83999633789062,120.95999908447266,6512500
2021-12-27,114.30619049072266,122.69999694824219,123.26000213623047,121.19999694824219,121.22000122070312,6309900
2021-12-28,113.70996856689453,122.05999755859375,123.66000366210938,121.87000274658203,123.37999725341797,6321000
2021-12-29,113.10442352294922,121.41000366210938,123.1500015258789,120.97000122070312,121.80000305175781,5847700
2021-12-30,112.18215942382812,120.41999816894531,121.55000305175781,120.19000244140625,121.0,4187800
2021-12-31,112.07966613769531,120.30999755859375,121.75,120.22000122070312,121.3499984741211,3888200
2022-01-03,119.98889923095703,128.8000030517578,129.58999633789062,124.0,124.12999725341797,18592000
2022-01-04,124.27420043945312,133.39999389648438,135.5,130.3000030517578,130.8699951171875,25554900
2022-01-05,118.36791229248047,127.05999755859375,130.8800048828125,126.87999725341797,130.7100067138672,17891200
2022-01-06,119.68147277832031,128.47000122070312,129.0,124.80999755859375,127.0,16249000
2022-01-07,115.05144500732422,123.5,127.13999938964844,123.30999755859375,126.55000305175781,21248100
2022-01-10,116.45817565917969,125.01000213623047,125.87000274658203,123.26000213623047,125.11000061035156,11857700
2022-01-11,120.33358001708984,129.1699981689453,129.5500030517578,125.5,126.54000091552734,12113100
2022-01-12,123.18424224853516,132.22999572753906,132.9199981689453,130.22000122070312,130.5,16389200
2022-01-13,129.66812133789062,139.19000244140625,145.0,138.9199981689453,140.75,52020000
2022-01-14,131.03753662109375,140.66000366210938,143.8800048828125,136.08999633789062,136.08999633789062,28255300
2022-01-18,124.6747817993164,133.8300018310547,137.17999267578125,133.2899932861328,136.75,15191400
2022-01-19,122.04768371582031,131.00999450683594,135.89999389648438,130.94000244140625,134.6199951171875,11155100
2022-01-20,119.55104064941406,128.3300018310547,132.75,128.1999969482422,131.9199981689453,11421900
2022-01-21,116.01099395751953,124.52999877929688,127.9800033569336,124.2699966430664,127.08000183105469,15573700
2022-01-24,117.34317016601562,125.95999908447266,126.06999969482422,120.12999725341797,123.7699966430664,17083400
2022-01-25,114.10123443603516,122.4800033569336,125.81999969482422,121.69999694824219,125.48999786376953,11370500
2022-01-26,114.66019439697266,123.08000183105469,126.66999816894531,121.88999938964844,125.37999725341797,13592100
2022-01-27,108.41851806640625,116.37999725341797,124.13999938964844,116.02999877929688,124.0,18599800
2022-01-28,109.56439208984375,117.61000061035156,119.5999984741211,114.19000244140625,118.70999908447266,14005900
2022-01-31,114.24095916748047,122.62999725341797,122.7699966430664,118.80999755859375,119.5199966430664,10189100
2022-02-01,114.63224029541016,123.05000305175781,123.23999786376953,120.0999984741211,122.9000015258789,6956300
2022-02-02,115.65699768066406,124.1500015258789,126.47000122070312,122.55000305175781,126.2300033569336,8562900
2022-02-03,111.64183044433594,119.83999633789062,123.87999725341797,119.25,121.44999694824219,9926800
2022-02-04,112.74110412597656,121.0199966430664,121.83000183105469,119.38999938964844,120.44000244140625,5743200
2022-02-07,113.94285583496094,122.30999755859375,124.0999984741211,121.87999725341797,122.55999755859375,6562900
2022-02-08,115.24707794189453,123.70999908447266,123.86000061035156,121.61000061035156,122.0,7036200
2022-02-09,116.93326568603516,125.5199966430664,125.55000305175781,122.76000213623047,124.87999725341797,10979700
2022-02-10,116.1786880493164,124.70999908447266,128.66000366210938,124.36000061035156,124.80000305175781,10474900
2022-02-11,112.73179626464844,121.01000213623047,126.58000183105469,120.44999694824219,125.5,9845700
2022-02-14,111.57660675048828,119.7699966430664,121.55000305175781,118.0,119.94999694824219,8081800
2022-02-15,116.00167083740234,124.5199966430664,124.61000061035156,121.45999908447266,122.0199966430664,9248700
2022-02-16,115.14461517333984,123.5999984741211,124.29000091552734,121.56999969482422,123.13999938964844,5749500
2022-02-17,111.56731414794922,119.76000213623047,122.75,119.6500015258789,122.48999786376953,7976700
2022-02-18,111.14808654785156,119.30999755859375,120.69000244140625,118.44999694824219,120.5199966430664,8389000
2022-02-22,108.91226959228516,116.91000366210938,119.36000061035156,115.72000122070312,117.5,9793500
2022-02-23,107.97137451171875,115.9000015258789,119.43000030517578,115.76000213623047,118.55000305175781,8114700
2022-02-24,104.22637939453125,111.87999725341797,111.9800033569336,104.37999725341797,108.0,27539100
2022-02-25,103.62081909179688,111.2300033569336,113.0,109.36000061035156,112.29000091552734,14258900
2022-02-28,99.68952941894531,107.01000213623047,109.7699966430664,105.0,109.37000274658203,26390800
2022-03-01,100.65838623046875,108.05000305175781,111.11000061035156,107.05000305175781,110.0,20377900
2022-03-02,102.11165618896484,109.61000061035156,109.97000122070312,107.86000061035156,108.4000015258789,13342400
2022-03-03,101.34774780273438,108.79000091552734,110.0,107.5999984741211,109.91000366210938,10841700
2022-03-04,97.87291717529297,105.05999755859375,108.12000274658203,103.80999755859375,107.0,22372100
2022-03-07,92.49763488769531,99.29000091552734,104.08999633789062,99.05999755859375,103.29000091552734,29422900
2022-03-08,93.15906524658203,100.0,103.11000061035156,98.62000274658203,100.20999908447266,25650000
2022-03-09,97.77044677734375,104.94999694824219,105.72000122070312,102.76000213623047,104.51000213623047,14348400
2022-03-10,96.8481674194336,103.95999908447266,105.52999877929688,102.5199966430664,104.19000244140625,11811000
2022-03-11,94.47264099121094,101.41000366210938,105.36000061035156,101.30000305175781,105.36000061035156,18116400
2022-03-14,92.50695037841797,99.30000305175781,101.86000061035156,99.06999969482422,101.5199966430664,17959400
2022-03-15,95.10609436035156,102.08999633789062,102.13999938964844,97.62000274658203,98.02999877929688,13415600
2022-03-16,98.93468475341797,105.69000244140625,105.79000091552734,102.80999755859375,102.98999786376953,20347100
2022-03-17,99.68354797363281,106.48999786376953,106.52999877929688,104.75,105.75,8042000
2022-03-18,99.8988265991211,106.72000122070312,107.04000091552734,104.88999938964844,105.70999908447266,10218200
2022-03-21,100.08606719970703,106.91999816894531,107.22000122070312,105.12999725341797,106.72000122070312,10366100
2022-03-22,100.1983871459961,107.04000091552734,107.95999908447266,106.2300033569336,106.38999938964844,10401200
2022-03-23,98.61641693115234,105.3499984741211,108.19000244140625,105.3499984741211,106.5,12905300
2022-03-24,101.02214813232422,107.91999816894531,107.9800033569336,105.83000183105469,106.77999877929688,10834000
2022-03-25,99.90821838378906,106.7300033569336,107.9800033569336,105.83999633789062,107.69000244140625,7432100
2022-03-28,99.53377532958984,106.33000183105469,106.72000122070312,104.61000061035156,105.62000274658203,8151200
2022-03-29,102.26713562011719,109.25,109.76000213623047,106.79000091552734,107.91999816894531,14076200
2022-03-30,99.90821838378906,106.7300033569336,109.33999633789062,106.51000213623047,107.79000091552734,15456300
2022-03-31,97.59608459472656,104.26000213623047,107.1500015258789,104.19000244140625,106.95999908447266,13021600
2022-04-01,96.22004699707031,102.79000091552734,105.94999694824219,102.20999908447266,105.7699966430664,12085100
2022-04-04,98.09220123291016,104.79000091552734,105.56999969482422,103.27999877929688,104.0199966430664,9077200
2022-04-05,95.94857025146484,102.5,104.5999984741211,102.11000061035156,104.4800033569336,12291000
2022-04-06,94.71294403076172,101.18000030517578,102.13999938964844,99.72000122070312,100.41999816894531,14902600
2022-04-07,94.0951156616211,100.5199966430664,101.2300033569336,99.6500015258789,100.41999816894531,12431000
2022-04-08,92.94373321533203,99.29000091552734,100.69999694824219,99.12000274658203,100.62000274658203,11796200
2022-04-11,91.33367919921875,97.56999969482422,98.37999725341797,96.91000366210938,98.22000122070312,12480500
2022-04-12,91.21199035644531,97.44000244140625,100.1500015258789,97.44000244140625,100.0,13291500
2022-04-13,95.0124740600586,101.5,102.22000122070312,99.5,99.80000305175781,15776800
2022-04-14,92.07318878173828,98.36000061035156,104.5,98.33000183105469,104.0,17828500
2022-04-18,92.45697784423828,98.7699966430664,99.83999633789062,97.47000122070312,97.94999694824219,10277400
2022-04-19,93.09352111816406,99.44999694824219,99.44999694824219,97.70999908447266,98.44000244140625,10103000
2022-04-20,92.681640625,99.01000213623047,101.0,98.9000015258789,100.4000015258789,8596900
2022-04-21,91.4179458618164,97.66000366210938,100.6500015258789,97.41000366210938,99.75,13038500
2022-04-22,89.5644760131836,95.68000030517578,97.79000091552734,95.36000061035156,97.02999877929688,11650100
2022-04-25,90.08867645263672,96.23999786376953,96.27999877929688,94.44999694824219,95.05000305175781,10654400
2022-04-26,86.84048461914062,92.7699966430664,95.0199966430664,92.7699966430664,94.94000244140625,14176000
2022-04-27,84.49089813232422,90.26000213623047,92.69000244140625,90.22000122070312,91.83999633789062,15846300
2022-04-28,89.13389587402344,95.22000122070312,96.19999694824219,91.77999877929688,92.16000366210938,15176200
2022-04-29,86.99024963378906,92.93000030517578,95.58999633789062,92.7699966430664,93.18000030517578,10629300
2022-05-02,87.7671890258789,93.76000213623047,94.2699966430664,91.23999786376953,92.5,8251900
2022-05-03,87.64550018310547,93.62999725341797,94.05000305175781,92.51000213623047,92.77999877929688,9511900
2022-05-04,89.85466766357422,95.98999786376953,96.06999969482422,91.91999816894531,93.91000366210938,9082500
2022-05-05,86.26009368896484,92.1500015258789,94.37999725341797,91.22000122070312,94.04000091552734,11517200
2022-05-06,85.77333068847656,91.62999725341797,92.87999725341797,90.2699966430664,91.4000015258789,7944900
2022-05-09,81.7200927734375,87.30000305175781,90.19000244140625,87.01000213623047,89.94000244140625,11428600
2022-05-10,83.14293670654297,88.81999969482422,90.29000091552734,88.08999633789062,90.0199966430664,11690400
2022-05-11,82.21622467041016,87.83000183105469,90.56999969482422,87.80000305175781,88.87000274658203,11531300
2022-05-12,82.08517456054688,87.69000244140625,88.20999908447266,85.38999938964844,86.22000122070312,11592900
2022-05-13,85.14616394042969,90.95999908447266,91.36000061035156,88.16000366210938,88.87000274658203,11180600
2022-05-16,84.63133239746094,90.41000366210938,91.37000274658203,89.5,89.87000274658203,6729100
2022-05-17,87.35533142089844,93.31999969482422,93.48999786376953,92.37000274658203,93.30000305175781,7668800
2022-05-18,84.74365234375,90.52999877929688,93.2300033569336,90.37000274658203,92.06999969482422,9610900
2022-05-19,84.44410705566406,90.20999908447266,92.0999984741211,89.55999755859375,89.83999633789062,7739000
2022-05-20,84.97766876220703,90.77999877929688,93.04000091552734,88.83000183105469,93.04000091552734,10469900
2022-05-23,85.65165710449219,91.5,91.91000366210938,90.6500015258789,91.0199966430664,6920500
2022-05-24,83.04935455322266,88.72000122070312,89.80000305175781,88.5199966430664,89.5199966430664,8788600
2022-05-25,84.63133239746094,90.41000366210938,90.91999816894531,89.04000091552734,89.33000183105469,9113500
2022-05-26,85.18360900878906,91.0,91.37000274658203,89.04000091552734,89.41000366210938,9762700
2022-05-27,87.77655792236328,93.7699966430664,93.81999969482422,92.52999877929688,92.62000274658203,6279000
2022-05-31,89.20877838134766,95.30000305175781,96.29000091552734,94.51000213623047,95.54000091552734,9621700
2022-06-01,88.69391632080078,94.75,96.36000061035156,93.83000183105469,95.5999984741211,6152400
2022-06-02,90.18228912353516,96.33999633789062,96.37000274658203,93.62000274658203,93.98999786376953,6335000
2022-06-03,87.77655792236328,93.7699966430664,94.58000183105469,92.9000015258789,94.36000061035156,9137100
2022-06-06,87.15874481201172,93.11000061035156,95.54000091552734,92.87000274658203,95.0,9440200
2022-06-07,87.84210205078125,93.83999633789062,93.86000061035156,91.7699966430664,92.66999816894531,7360200
2022-06-08,87.49573516845703,93.47000122070312,94.93000030517578,93.13999938964844,94.0,6446300
2022-06-09,85.04320526123047,90.8499984741211,93.5,90.80000305175781,93.0,8086700
2022-06-10,83.01189422607422,88.68000030517578,90.72000122070312,88.62999725341797,90.54000091552734,10460400
2022-06-13,80.08196258544922,85.55000305175781,86.83000183105469,85.0199966430664,86.05999755859375,14603700
2022-06-14,81.61713409423828,87.19000244140625,87.87999725341797,86.29000091552734,86.73999786376953,10449600
2022-06-15,83.4331283569336,89.12999725341797,89.80999755859375,87.37000274658203,87.51000213623047,11742500
2022-06-16,79.53451538085938,84.5199966430664,85.93000030517578,83.98999786376953,85.22000122070312,10505200
2022-06-17,79.9861831665039,85.0,85.5999984741211,83.94999694824219,85.0,9735500
2022-06-21,81.82117462158203,86.94999694824219,87.75,86.0,86.0,9604000
2022-06-22,79.9014892578125,84.91000366210938,86.18000030517578,84.55000305175781,84.63999938964844,7868700
2022-06-23,79.15811157226562,84.12000274658203,84.2300033569336,82.76000213623047,84.12999725341797,10370300
2022-06-24,80.85193634033203,85.91999816894531,86.55000305175781,84.1500015258789,84.1500015258789,10670100
2022-06-27,80.79546356201172,85.86000061035156,87.0,85.58000183105469,86.91999816894531,7358000
2022-06-28,79.36512756347656,84.33999633789062,86.80999755859375,84.33999633789062,86.1500015258789,8289200
2022-06-29,78.71582794189453,83.6500015258789,84.61000061035156,83.33000183105469,84.43000030517578,7981300
2022-06-30,76.92788696289062,81.75,82.22000122070312,80.12000274658203,81.45999908447266,14201600
2022-07-01,72.45809936523438,77.0,79.22000122070312,76.18000030517578,79.04000091552734,19531700
2022-07-05,71.62059020996094,76.11000061035156,76.1500015258789,73.73999786376953,74.55000305175781,22253100
2022-07-06,71.10301971435547,75.55999755859375,76.30000305175781,73.77999877929688,74.29000091552734,11530500
2022-07-07,75.8927993774414,80.6500015258789,80.95999908447266,78.33999633789062,78.5999984741211,15847800
2022-07-08,76.70207214355469,81.51000213623047,82.16000366210938,79.76000213623047,79.91999816894531,10004200
2022-07-11,74.44364166259766,79.11000061035156,80.2699966430664,78.81999969482422,79.7699966430664,9519600
2022-07-12,74.43421936035156,79.0999984741211,81.4800033569336,78.93000030517578,81.16000366210938,10363700
2022-07-13,76.4950180053711,81.29000091552734,81.72000122070312,78.9000015258789,79.27999877929688,14706500
2022-07-14,78.73464965820312,83.66999816894531,84.04000091552734,80.51000213623047,82.94999694824219,23377000
2022-07-15,80.57903289794922,85.62999725341797,86.04000091552734,83.97000122070312,85.58000183105469,14061000
2022-07-18,78.64997100830078,83.58000183105469,86.08000183105469,83.37000274658203,86.05999755859375,11352500
2022-07-19,81.06837463378906,86.1500015258789,86.47000122070312,84.55999755859375,85.0,10673100
2022-07-20,81.45418548583984,86.55999755859375,86.75,85.11000061035156,85.18000030517578,11664800
2022-07-21,82.61162567138672,87.79000091552734,87.80000305175781,86.4000015258789,86.68000030517578,7135000
2022-07-22,81.22833251953125,86.31999969482422,87.7300033569336,85.80000305175781,87.41000366210938,8612100
2022-07-25,81.20951843261719,86.30000305175781,86.69999694824219,85.62999725341797,86.30000305175781,5960900
2022-07-26,79.44042205810547,84.41999816894531,85.19999694824219,83.8499984741211,84.76000213623047,6977700
2022-07-27,82.4610595703125,87.62999725341797,87.9000015258789,85.30999755859375,85.30999755859375,9399500
2022-07-28,83.3832778930664,88.61000061035156,88.62000274658203,86.44999694824219,87.12999725341797,10668200
2022-07-29,83.26094055175781,88.4800033569336,89.20999908447266,87.79000091552734,87.81999969482422,10366200
2022-08-01,81.21891784667969,86.30999755859375,86.88999938964844,84.30000305175781,85.30000305175781,20102600
2022-08-02,80.97427368164062,86.05000305175781,87.51000213623047,84.16999816894531,84.5199966430664,15541600
2022-08-03,81.40713500976562,86.51000213623047,86.7699966430664,84.55999755859375,85.95999908447266,20779400
2022-08-04,83.20447540283203,88.41999816894531,88.41999816894531,86.62000274658203,87.0,13472500
2022-08-05,84.47482299804688,89.7699966430664,90.9800033569336,88.01000213623047,88.02999877929688,13293500
2022-08-08,82.75277709960938,87.94000244140625,89.0999984741211,86.91000366210938,88.9800033569336,12120300
2022-08-09,80.1838150024414,85.20999908447266,87.13999938964844,84.44000244140625,86.94000244140625,13075000
2022-08-10,83.43971252441406,88.66999816894531,88.66999816894531,86.30999755859375,86.80999755859375,10704600
2022-08-11,84.23958587646484,89.5199966430664,91.0,89.30999755859375,89.95999908447266,11158800
2022-08-12,85.50054168701172,90.86000061035156,91.3499984741211,89.63999938964844,89.68000030517578,12098800
2022-08-15,86.16867065429688,91.56999969482422,91.94000244140625,90.0,90.01000213623047,15949500
2022-08-16,84.64421844482422,89.94999694824219,91.3499984741211,88.56999969482422,91.13999938964844,10566100
2022-08-17,83.9384536743164,89.19999694824219,89.7699966430664,88.4800033569336,89.0,9093100
2022-08-18,84.00431060791016,89.2699966430664,89.66999816894531,88.41999816894531,88.70999908447266,10947700
2022-08-19,82.05642700195312,87.19999694824219,88.58999633789062,87.0199966430664,88.5,9602800
2022-08-22,80.21205139160156,85.23999786376953,86.02999877929688,84.94000244140625,85.41000366210938,8054000
2022-08-23,80.95543670654297,86.02999877929688,86.5999984741211,84.98999786376953,85.16000366210938,8462500
2022-08-24,80.51316833496094,85.55999755859375,86.12999725341797,85.19999694824219,85.80000305175781,7085800
2022-08-25,82.40460968017578,87.56999969482422,87.58999633789062,86.01000213623047,86.33000183105469,6602100
2022-08-26,79.74153137207031,84.73999786376953,87.79000091552734,84.6500015258789,87.5,9381500
2022-08-29,77.96302032470703,82.8499984741211,84.31999969482422,82.77999877929688,83.91000366210938,9639700
2022-08-30,77.90654754638672,82.79000091552734,83.9800033569336,81.7300033569336,83.77999877929688,8392300
2022-08-31,78.43351745605469,83.3499984741211,84.87000274658203,83.05999755859375,84.11000061035156,8887100
2022-09-01,76.82439422607422,81.63999938964844,81.83000183105469,80.12000274658203,81.44999694824219,11566000
2022-09-02,76.1280517578125,80.9000015258789,82.9800033569336,80.61000061035156,81.55000305175781,8850100
2022-09-06,75.30935668945312,80.02999877929688,81.02999877929688,79.5199966430664,81.02999877929688,12704400
2022-09-07,75.23408508300781,79.94999694824219,80.18000030517578,78.2300033569336,78.38999938964844,9843500
2022-09-08,75.50697326660156,80.23999786376953,80.73999786376953,78.7699966430664,79.01000213623047,8181700
2022-09-09,76.72088623046875,81.52999877929688,81.66000366210938,80.73999786376953,80.83000183105469,7084700
2022-09-12,77.30430603027344,82.1500015258789,82.5,81.76000213623047,81.97000122070312,7903000
2022-09-13,74.16133117675781,78.80999755859375,81.13999938964844,78.5199966430664,80.41999816894531,12835100
2022-09-14,74.961181640625,79.66000366210938,80.16000366210938,78.9800033569336,79.73999786376953,8849600
2022-09-15,73.79529571533203,77.9800033569336,79.25,77.66999816894531,78.58000183105469,10533100
2022-09-16,73.71011352539062,77.88999938964844,78.0,76.91999816894531,77.11000061035156,10604500
2022-09-19,74.0318832397461,78.2300033569336,78.2300033569336,76.55000305175781,76.55000305175781,10378600
2022-09-20,73.95616912841797,78.1500015258789,78.44000244140625,77.51000213623047,77.54000091552734,8202800
2022-09-21,73.0003662109375,77.13999938964844,79.30999755859375,77.13999938964844,77.58000183105469,10869000
2022-09-22,71.57140350341797,75.62999725341797,76.75,75.36000061035156,76.44999694824219,10817900
2022-09-23,69.90585327148438,73.87000274658203,74.38999938964844,73.08999633789062,74.30000305175781,12685500
2022-09-26,69.09200286865234,73.01000213623047,74.19000244140625,72.91999816894531,73.47000122070312,13441500
2022-09-27,69.11093139648438,73.02999877929688,74.04000091552734,72.3499984741211,73.51000213623047,12430600
2022-09-28,68.25922393798828,72.12999725341797,72.29000091552734,70.69999694824219,71.11000061035156,12943600
2022-09-29,65.5621566772461,69.27999877929688,70.68000030517578,68.4800033569336,70.5199966430664,16120300
2022-09-30,64.88081359863281,68.55999755859375,69.6500015258789,67.73999786376953,67.80999755859375,10472400
2022-10-03,65.53377532958984,69.25,69.56999969482422,67.6500015258789,68.08000183105469,11945100
2022-10-04,68.9027328491211,72.80999755859375,72.93000030517578,70.72000122070312,70.80000305175781,14900700
2022-10-05,70.48312377929688,74.4800033569336,74.91000366210938,72.58000183105469,72.91999816894531,14037100
2022-10-06,70.3600845336914,74.3499984741211,74.91999816894531,73.86000061035156,73.97000122070312,11796800
2022-10-07,66.00695037841797,69.75,72.02999877929688,69.75,71.80999755859375,14758600
2022-10-10,63.8209114074707,67.44000244140625,69.87999725341797,67.01000213623047,69.8499984741211,16042200
2022-10-11,60.04502868652344,63.45000076293945,64.91000366210938,62.619998931884766,64.19999694824219,28699300
2022-10-12,60.669612884521484,64.11000061035156,64.2300033569336,63.369998931884766,63.599998474121094,16468700
2022-10-13,63.04491424560547,66.62000274658203,70.19999694824219,62.31999969482422,63.060001373291016,36639300
2022-10-14,60.48981475830078,63.91999816894531,67.44999694824219,63.779998779296875,67.26000213623047,19440900
2022-10-17,61.407752990722656,64.88999938964844,65.3499984741211,64.04000091552734,64.9800033569336,11280100
2022-10-18,60.291072845458984,63.709999084472656,66.11000061035156,62.779998779296875,65.9000015258789,16656100
2022-10-19,60.2437629699707,63.65999984741211,64.11000061035156,62.16999816894531,62.7400016784668,12385200
2022-10-20,60.16805648803711,63.58000183105469,65.27999877929688,63.380001068115234,63.75,11300900
2022-10-21,60.32893371582031,63.75,63.779998779296875,62.02000045776367,62.02000045776367,13699000
2022-10-24,58.00094985961914,61.290000915527344,61.619998931884766,59.68000030517578,60.58000183105469,25010800
2022-10-25,57.8589973449707,61.13999938964844,61.36000061035156,59.5099983215332,59.959999084472656,21700600
2022-10-26,57.57509231567383,60.84000015258789,61.97999954223633,60.43000030517578,60.86000061035156,14006000
2022-10-27,57.6791877746582,60.95000076293945,62.45000076293945,60.90999984741211,61.849998474121094,12937600
2022-10-28,58.682308197021484,62.0099983215332,62.029998779296875,60.06999969482422,60.77000045776367,11972300
2022-10-31,58.24699020385742,61.54999923706055,62.27000045776367,61.06999969482422,61.59000015258789,10802800
2022-11-01,58.275386810302734,61.58000183105469,63.43000030517578,61.58000183105469,63.2599983215332,11561900
2022-11-02,57.27226257324219,60.52000045776367,62.88999938964844,60.52000045776367,62.5,16547200
2022-11-03,57.045143127441406,60.279998779296875,60.88999938964844,59.43000030517578,60.0,11040900
2022-11-04,59.1270866394043,62.47999954223633,62.5,61.02000045776367,61.5099983215332,14662800
2022-11-07,59.392051696777344,62.7599983215332,62.93000030517578,61.970001220703125,62.619998931884766,8507100
2022-11-08,61.53076934814453,65.0199966430664,65.75,64.22000122070312,64.37000274658203,14102800
2022-11-09,61.51185607910156,65.0,66.5999984741211,64.94999694824219,66.52999877929688,15086800
2022-11-10,67.0384521484375,70.83999633789062,70.87000274658203,67.31999969482422,67.73999786376953,21367900
2022-11-11,69.86799621582031,73.83000183105469,74.5999984741211,72.37999725341797,72.73999786376953,15524700
2022-11-14,68.8932876586914,72.80000305175781,73.68000030517578,72.23999786376953,73.23999786376953,11575300
2022-11-15,76.14221954345703,80.45999908447266,82.93000030517578,80.01000213623047,81.91999816894531,48742400
2022-11-16,75.18641662597656,79.44999694824219,80.56999969482422,78.9000015258789,80.55999755859375,24006600
2022-11-17,77.10749053955078,81.4800033569336,82.94000244140625,78.69000244140625,79.30000305175781,24278400
2022-11-18,77.85508728027344,82.2699966430664,82.83999633789062,81.0,82.77999877929688,18578400
2022-11-21,75.64064025878906,79.93000030517578,81.02999877929688,79.47000122070312,80.80999755859375,18659700
2022-11-22,78.11060333251953,82.54000091552734,83.19000244140625,81.2300033569336,81.3499984741211,16504700
2022-11-23,77.5711898803711,81.97000122070312,82.94999694824219,81.7300033569336,82.44000244140625,14683800
2022-11-25,77.03176879882812,81.4000015258789,82.37000274658203,81.4000015258789,82.13999938964844,5908300
2022-11-28,74.96876525878906,79.22000122070312,81.08000183105469,78.88999938964844,80.2699966430664,13214200
2022-11-29,75.07284545898438,79.33000183105469,80.20999908447266,78.95999908447266,79.91000366210938,11502300
2022-11-30,78.5269775390625,82.9800033569336,83.43000030517578,80.47000122070312,80.62999725341797,21667300
2022-12-01,78.24307250976562,82.68000030517578,83.62999725341797,81.13999938964844,83.04000091552734,15975100
2022-12-02,77.12639617919922,81.5,82.16000366210938,81.1500015258789,81.80999755859375,10519800
2022-12-05,77.2399673461914,81.62000274658203,82.18000030517578,80.94999694824219,81.94000244140625,11523300
2022-12-06,75.29051208496094,79.55999755859375,81.44000244140625,79.16000366210938,81.4000015258789,13992100
2022-12-07,74.98767852783203,79.23999786376953,79.70999908447266,78.58999633789062,79.0,14925300
2022-12-08,76.46398162841797,80.80000305175781,80.97000122070312,79.0999984741211,79.44999694824219,11197500
2022-12-09,76.35986328125,80.69000244140625,82.19000244140625,80.69000244140625,80.8499984741211,13787900
2022-12-12,76.11382293701172,80.43000030517578,80.43000030517578,78.80000305175781,79.79000091552734,11516600
2022-12-13,76.18952941894531,80.51000213623047,82.08999633789062,79.62999725341797,82.08999633789062,16938000
2022-12-14,75.72581481933594,80.0199966430664,81.51000213623047,79.5199966430664,80.81999969482422,17910000
2022-12-15,73.86144256591797,77.61000061035156,79.20999908447266,77.38999938964844,79.20999908447266,17080200
2022-12-16,72.61473083496094,76.30000305175781,78.05999755859375,76.2300033569336,77.61000061035156,11929100
2022-12-19,72.42436981201172,76.0999984741211,77.12000274658203,75.76000213623047,76.91999816894531,12561300
2022-12-20,71.9675521850586,75.62000274658203,76.19999694824219,74.9000015258789,75.11000061035156,12080600
2022-12-21,73.41413879394531,77.13999938964844,77.41999816894531,75.7699966430664,75.86000061035156,10806100
2022-12-22,71.64398193359375,75.27999877929688,76.43000030517578,74.0199966430664,76.27999877929688,13019700
2022-12-23,71.27281951904297,74.88999938964844,75.3499984741211,74.16999816894531,74.88999938964844,7452600
2022-12-27,70.7303466796875,74.31999969482422,74.73999786376953,74.16000366210938,74.33000183105469,8974800
2022-12-28,69.53120422363281,73.05999755859375,74.55000305175781,72.83999633789062,74.19000244140625,10275700
2022-12-29,72.32921600341797,76.0,76.04000091552734,74.1500015258789,74.3499984741211,11142500
2022-12-30,70.89213562011719,74.48999786376953,74.56999969482422,73.6500015258789,74.29000091552734,7784100
2023-01-03,70.454345703125,74.02999877929688,75.97000122070312,73.7699966430664,75.8499984741211,9276200
2023-01-04,72.63375091552734,76.31999969482422,76.61000061035156,74.47000122070312,74.98999786376953,12316400
2023-01-05,72.07225799560547,75.7300033569336,76.44000244140625,75.33999633789062,76.0,10039200
2023-01-06,74.29922485351562,78.06999969482422,78.73999786376953,76.1500015258789,76.5,13744100
2023-01-09,76.4310302734375,80.30999755859375,81.22000122070312,80.05999755859375,80.55999755859375,22247600
2023-01-10,77.34466552734375,81.2699966430664,81.58000183105469,80.45999908447266,80.51000213623047,10269000
2023-01-11,77.83001708984375,81.77999877929688,81.88999938964844,80.62999725341797,81.56999969482422,11771400
2023-01-12,82.79792022705078,87.0,88.83000183105469,84.41999816894531,84.95999908447266,36086800
2023-01-13,82.60757446289062,86.80000305175781,87.0999984741211,84.9000015258789,85.41000366210938,18719900
2023-01-17,84.69178771972656,88.98999786376953,89.7300033569336,86.16000366210938,86.22000122070312,21850000
2023-01-18,85.14860534667969,89.47000122070312,91.22000122070312,89.36000061035156,90.4800033569336,19209800
2023-01-19,84.13027954101562,88.4000015258789,90.01000213623047,88.26000213623047,89.02999877929688,13651100
2023-01-20,86.63325500488281,91.02999877929688,91.02999877929688,89.19999694824219,90.0,14287200
2023-01-23,91.03962707519531,95.66000366210938,95.7300033569336,91.72000122070312,91.76000213623047,22875100
2023-01-24,89.99275970458984,94.55999755859375,98.0,91.55000305175781,95.79000091552734,11370500
2023-01-25,87.94661712646484,92.41000366210938,93.0,91.12000274658203,92.68000030517578,14147300
2023-01-26,88.93635559082031,93.44999694824219,94.27999877929688,92.63999938964844,93.88999938964844,15759400
2023-01-27,88.79362487792969,93.30000305175781,94.12000274658203,92.23999786376953,92.81999969482422,13646600
2023-01-30,88.6318130493164,93.12999725341797,94.25,92.58000183105469,92.8499984741211,14079800
2023-01-31,88.25115966796875,92.7300033569336,92.76000213623047,90.0,91.0,13342100
2023-02-01,90.16405487060547,94.73999786376953,95.7699966430664,92.56999969482422,93.0,16788500
2023-02-02,91.98181915283203,96.6500015258789,97.5,95.83999633789062,96.5999984741211,14925300
2023-02-03,90.08792877197266,94.66000366210938,96.94999694824219,94.30999755859375,95.04000091552734,12242200
2023-02-06,87.39460754394531,91.83000183105469,92.05000305175781,90.73999786376953,91.80000305175781,12425200
2023-02-07,89.98324584960938,94.55000305175781,94.69999694824219,91.68000030517578,91.77999877929688,15258900
2023-02-08,89.72626495361328,94.27999877929688,95.94000244140625,94.2300033569336,95.0199966430664,12899700
2023-02-09,92.0198745727539,96.69000244140625,98.56999969482422,95.62000274658203,96.0,16997400
2023-02-10,90.76364135742188,95.37000274658203,96.5,94.25,95.94999694824219,11511400
2023-02-13,91.4678955078125,96.11000061035156,96.38999938964844,94.91000366210938,95.47000122070312,7803500
2023-02-14,93.2285385131836,97.95999908447266,98.98999786376953,95.22000122070312,95.81999969482422,15345100
2023-02-15,88.27971649169922,92.76000213623047,93.68000030517578,90.7699966430664,92.33000183105469,30208300
2023-02-16,86.43339538574219,90.81999969482422,91.79000091552734,89.87999725341797,90.9800033569336,15568400
2023-02-17,85.74818420410156,90.0999984741211,90.30000305175781,88.94000244140625,89.97000122070312,11235300
2023-02-21,83.40699005126953,87.63999938964844,89.41999816894531,87.4800033569336,88.37999725341797,14007600
2023-02-22,82.63612365722656,86.83000183105469,88.08999633789062,86.66000366210938,87.75,10106400
2023-02-23,85.7291488647461,90.08000183105469,91.98999786376953,89.45999908447266,90.30000305175781,15468300
2023-02-24,83.85429382324219,88.11000061035156,88.1500015258789,87.23999786376953,88.08999633789062,8817600
2023-02-27,83.08342742919922,87.30000305175781,88.8499984741211,87.23999786376953,88.69999694824219,10609400
2023-02-28,82.86451721191406,87.06999969482422,88.1500015258789,86.9000015258789,87.13999938964844,7520400
2023-03-01,84.1493148803711,88.41999816894531,90.04000091552734,88.2699966430664,89.04000091552734,8176700
2023-03-02,84.72985076904297,89.02999877929688,89.33999633789062,87.12000274658203,87.63999938964844,9761600
2023-03-03,85.4531478881836,89.79000091552734,89.8499984741211,87.87999725341797,88.66999816894531,10844000
2023-03-06,85.25328826904297,89.58000183105469,91.33000183105469,89.51000213623047,90.08000183105469,9960000
2023-03-07,84.55854797363281,88.8499984741211,90.23999786376953,88.30000305175781,89.94999694824219,8761100
2023-03-08,86.44292449951172,90.83000183105469,90.83999633789062,88.13999938964844,88.3499984741211,8813000
2023-03-09,84.58709716796875,88.87999725341797,90.69000244140625,88.56999969482422,89.70999908447266,10354700
2023-03-10,83.03582000732422,87.25,89.16999816894531,87.19999694824219,88.02999877929688,11928800
2023-03-13,83.50215911865234,87.73999786376953,89.0,86.30999755859375,86.37999725341797,11847600
2023-03-14,84.977294921875,89.29000091552734,89.62999725341797,87.70999908447266,88.02999877929688,11100100
2023-03-15,82.51241302490234,86.69999694824219,87.23999786376953,85.44000244140625,87.19999694824219,12171500
2023-03-16,85.4292221069336,89.30000305175781,89.47000122070312,85.81999969482422,85.94999694824219,13184600
2023-03-17,85.59186553955078,89.47000122070312,90.02999877929688,89.0,89.05999755859375,13287700
2023-03-20,86.13715362548828,90.04000091552734,90.37000274658203,88.66000366210938,89.20999908447266,8217500
2023-03-21,88.49053192138672,92.5,93.0,90.80000305175781,91.0,12299700
2023-03-22,88.6053237915039,92.62000274658203,95.02999877929688,92.54000091552734,93.5,12812400
2023-03-23,90.48993682861328,94.58999633789062,95.81999969482422,93.43000030517578,94.48999786376953,11169700
2023-03-24,88.7679672241211,92.79000091552734,94.18000030517578,92.08999633789062,93.94999694824219,7653700
2023-03-27,86.73027801513672,90.66000366210938,92.18000030517578,90.55000305175781,92.04000091552734,9349800
2023-03-28,86.87377166748047,90.80999755859375,90.87000274658203,89.91999816894531,90.66000366210938,7521300
2023-03-29,88.73927307128906,92.76000213623047,93.22000122070312,91.44999694824219,91.76000213623047,9264000
2023-03-30,88.46183013916016,92.47000122070312,93.5199966430664,92.02999877929688,93.3499984741211,10232800
2023-03-31,88.98798370361328,93.0199966430664,93.26000213623047,91.12999725341797,91.23999786376953,8701800
2023-04-03,88.81578826904297,92.83999633789062,93.5999984741211,91.70999908447266,93.01000213623047,6863600
2023-04-04,88.17481994628906,92.16999816894531,93.27999877929688,91.72000122070312,93.04000091552734,6338400
2023-04-05,86.29020690917969,90.19999694824219,92.18000030517578,89.05000305175781,91.5999984741211,9171800
2023-04-06,86.32847595214844,90.23999786376953,90.91000366210938,89.4000015258789,89.66000366210938,5874500
2023-04-10,85.16136932373047,89.0199966430664,89.02999877929688,86.47000122070312,88.41999816894531,12232900
2023-04-11,85.37183380126953,89.23999786376953,89.83999633789062,88.47000122070312,88.63999938964844,11079200
2023-04-12,83.10455322265625,86.87000274658203,89.5,86.86000061035156,88.91000366210938,11299100
2023-04-13,83.2767562866211,87.05000305175781,87.62999725341797,85.97000122070312,86.55999755859375,7910500
2023-04-14,83.42024230957031,87.19999694824219,88.37000274658203,86.54000091552734,87.94999694824219,7656400
2023-04-17,84.17601013183594,87.98999786376953,88.05000305175781,87.16000366210938,87.75,8163600
2023-04-18,84.31951904296875,88.13999938964844,88.4000015258789,87.5,88.19999694824219,8468200
2023-04-19,83.44895935058594,87.2300033569336,87.37999725341797,86.04000091552734,86.2300033569336,11191300
2023-04-20,85.41966247558594,89.29000091552734,91.87999725341797,88.0999984741211,88.31999969482422,19206300
2023-04-21,81.66958618164062,85.37000274658203,87.91000366210938,85.27999877929688,87.77999877929688,13175400
2023-04-24,80.97122955322266,84.63999938964844,85.95999908447266,83.98999786376953,85.4000015258789,10567600
2023-04-25,78.72306823730469,82.29000091552734,83.4000015258789,82.26000213623047,83.2699966430664,13423700
2023-04-26,78.68482971191406,82.25,82.37999725341797,81.20999908447266,82.23999786376953,11583500
2023-04-27,80.04326629638672,83.66999816894531,83.86000061035156,82.16000366210938,82.9000015258789,10013700
2023-04-28,80.6459732055664,84.30000305175781,84.51000213623047,83.72000122070312,84.4800033569336,8262600
2023-05-01,80.33983612060547,83.9800033569336,84.69000244140625,83.9000015258789,84.30000305175781,4931100
2023-05-02,79.36404418945312,82.95999908447266,84.05000305175781,82.55000305175781,83.5,6875000
2023-05-03,79.11530303955078,82.69999694824219,83.76000213623047,82.44000244140625,82.62000274658203,7151600
2023-05-04,79.8710708618164,83.48999786376953,83.76000213623047,82.63999938964844,83.0,7290600
2023-05-05,81.28691864013672,84.97000122070312,85.56999969482422,83.75,84.30000305175781,6865000
2023-05-08,81.83221435546875,85.54000091552734,85.54000091552734,84.41000366210938,84.5,6746600
2023-05-09,81.37301635742188,85.05999755859375,85.4800033569336,84.30000305175781,85.25,7287800
2023-05-10,81.21996307373047,84.9000015258789,85.1500015258789,84.16999816894531,84.51000213623047,7442300
2023-05-11,79.81366729736328,83.43000030517578,84.13999938964844,82.52999877929688,84.13999938964844,8730900
2023-05-12,79.81366729736328,83.43000030517578,83.93000030517578,82.94999694824219,83.37999725341797,5069800
2023-05-15,81.94700622558594,85.66000366210938,85.66999816894531,83.2300033569336,83.33000183105469,8707300
2023-05-16,82.15746307373047,85.87999725341797,86.75,85.58999633789062,85.69000244140625,11283200
2023-05-17,86.94075012207031,90.87999725341797,91.80000305175781,88.05999755859375,88.30000305175781,23215600
2023-05-18,88.63402557373047,92.6500015258789,93.4000015258789,91.06999969482422,91.25,14879000
2023-05-19,88.56704711914062,92.58000183105469,92.79000091552734,91.55999755859375,92.12999725341797,9295200
2023-05-22,87.74431610107422,91.72000122070312,92.44000244140625,91.19999694824219,92.06999969482422,9259800
2023-05-23,86.51981353759766,90.44000244140625,91.33999633789062,90.33000183105469,91.0,7656700
2023-05-24,86.2232437133789,90.12999725341797,90.1500015258789,89.18000030517578,89.27999877929688,9443900
2023-05-25,96.57425689697266,100.94999694824219,102.37000274658203,96.9800033569336,97.05999755859375,60793200
2023-05-26,98.73628997802734,103.20999908447266,104.44000244140625,100.7300033569336,100.8499984741211,26135800
2023-05-30,97.55961608886719,101.9800033569336,105.23999786376953,101.52999877929688,103.79000091552734,25248000
2023-05-31,94.31654357910156,98.58999633789062,99.9800033569336,98.05999755859375,99.7300033569336,22206700
2023-06-01,94.55571746826172,98.83999633789062,100.58999633789062,98.5999984741211,98.68000030517578,14998500
2023-06-02,94.65137481689453,98.94000244140625,101.30000305175781,98.62000274658203,101.25,13085100
2023-06-05,93.79997253417969,98.05000305175781,98.80999755859375,94.25,98.01000213623047,10568500
2023-06-06,95.49322509765625,99.81999969482422,100.5999984741211,97.41999816894531,97.61000061035156,13827600
2023-06-07,95.94286346435547,100.29000091552734,103.0199966430664,99.54000091552734,101.37999725341797,14367500
2023-06-08,95.60803985595703,99.94000244140625,100.69999694824219,98.62999725341797,98.98999786376953,9074200
2023-06-09,98.34407043457031,102.80000305175781,104.68000030517578,102.25,102.69999694824219,14902400
2023-06-12,102.4194107055664,107.05999755859375,107.38999938964844,104.30999755859375,104.33999633789062,20568100
2023-06-13,102.17068481445312,106.80000305175781,110.69000244140625,106.73999786376953,110.0,17858600
2023-06-14,102.7542495727539,107.41000366210938,107.69999694824219,105.22000122070312,106.02999877929688,12862600
2023-06-15,101.04234313964844,105.18000030517578,106.66000366210938,105.06999969482422,106.2699966430664,11987900
2023-06-16,100.45634460449219,104.56999969482422,105.75,104.3499984741211,105.43000030517578,11430800
2023-06-20,99.88955688476562,103.9800033569336,104.87999725341797,103.06999969482422,104.18000030517578,9295500
2023-06-21,97.6416015625,101.63999938964844,103.7300033569336,101.62000274658203,103.1500015258789,9340400
2023-06-22,99.07299041748047,103.12999725341797,103.43000030517578,101.33000183105469,101.41999816894531,8575900
2023-06-23,97.90099334716797,101.91000366210938,102.19000244140625,101.01000213623047,101.5199966430664,8919000
2023-06-26,96.17179870605469,100.11000061035156,103.04000091552734,100.08999633789062,102.0199966430664,8560000
2023-06-27,98.06429290771484,102.08000183105469,102.79000091552734,100.0199966430664,101.1500015258789,9732000
2023-06-28,96.9499282836914,100.91999816894531,101.87999725341797,100.22000122070312,100.5,8160900
2023-06-29,96.68094635009766,100.63999938964844,101.5199966430664,100.0199966430664,101.33999633789062,7383900
2023-06-30,96.9499282836914,100.91999816894531,101.88999938964844,100.41000366210938,101.4000015258789,11704600
2023-07-03,99.09220886230469,103.1500015258789,103.68000030517578,102.06999969482422,102.25,5638400
2023-07-05,97.01716613769531,100.98999786376953,103.08999633789062,100.95999908447266,101.4000015258789,9010800
2023-07-06,95.49932861328125,99.41000366210938,99.55999755859375,98.5999984741211,99.0999984741211,9140800
2023-07-07,96.28707122802734,100.2300033569336,101.94000244140625,99.0,99.08000183105469,8036600
2023-07-10,95.84516906738281,99.7699966430664,100.75,99.4000015258789,100.25,8041600
2023-07-11,97.27654266357422,101.26000213623047,102.33000183105469,100.13999938964844,102.33000183105469,7677800
2023-07-12,99.8127212524414,103.9000015258789,104.43000030517578,102.76000213623047,102.83000183105469,10202000
2023-07-13,101.41699981689453,105.56999969482422,105.6500015258789,102.5199966430664,105.0,9265900
2023-07-14,101.00392150878906,105.13999938964844,107.30000305175781,104.86000061035156,106.0,9518300
2023-07-17,100.66767883300781,104.79000091552734,105.02999877929688,102.58999633789062,104.68000030517578,10722600
2023-07-18,99.09220886230469,103.1500015258789,103.7300033569336,102.01000213623047,103.69000244140625,10343600
2023-07-19,99.0057373046875,103.05999755859375,104.79000091552734,102.56999969482422,103.9000015258789,11204800
2023-07-20,94.01029968261719,97.86000061035156,100.44999694824219,97.05000305175781,98.55000305175781,22810200
2023-07-21,93.42430114746094,97.25,97.98999786376953,96.33000183105469,97.87999725341797,15381200
2023-07-24,94.38497161865234,98.25,98.2699966430664,96.77999877929688,97.2699966430664,9054900
2023-07-25,96.37354278564453,100.31999969482422,100.88999938964844,99.11000061035156,99.5199966430664,9202200
2023-07-26,95.49932861328125,99.41000366210938,100.12999725341797,98.56999969482422,99.48999786376953,8993500
2023-07-27,95.44169616699219,99.3499984741211,101.76000213623047,98.91000366210938,101.5,8049800
2023-07-28,96.89229583740234,100.86000061035156,100.98999786376953,99.77999877929688,100.11000061035156,6758700
2023-07-31,95.24957275390625,99.1500015258789,99.77999877929688,98.41999816894531,99.18000030517578,8647900
2023-08-01,94.52906799316406,98.4000015258789,99.19000244140625,98.08999633789062,99.13999938964844,6428500
2023-08-02,91.9352798461914,95.69999694824219,97.5,95.20999908447266,97.5,9820900
2023-08-03,91.24361419677734,94.9800033569336,95.80999755859375,94.58000183105469,94.83999633789062,8571700
2023-08-04,92.37718963623047,96.16000366210938,97.58000183105469,95.12999725341797,95.27999877929688,7562600
2023-08-07,92.5596923828125,96.3499984741211,96.94000244140625,95.2300033569336,96.7300033569336,6601400
2023-08-08,90.77287292480469,94.48999786376953,94.9000015258789,93.66999816894531,94.87999725341797,7659000
2023-08-09,90.28294372558594,93.9800033569336,95.8499984741211,93.70999908447266,95.83000183105469,6426900
2023-08-10,91.07069396972656,94.80000305175781,95.97000122070312,94.27999877929688,95.44999694824219,7459600
2023-08-11,88.37122344970703,91.98999786376953,93.5,91.97000122070312,93.5,10658400
2023-08-14,89.40874481201172,93.06999969482422,93.29000091552734,91.30000305175781,91.69000244140625,7489700
2023-08-15,88.07341766357422,91.68000030517578,92.70999908447266,91.48999786376953,92.5199966430664,6069500
2023-08-16,88.16948699951172,91.77999877929688,92.72000122070312,91.31999969482422,91.44000244140625,7439500
2023-08-17,88.03498840332031,91.63999938964844,92.91999816894531,91.3499984741211,92.91999816894531,7712500
2023-08-18,87.5162353515625,91.0999984741211,91.33000183105469,89.55999755859375,90.06999969482422,9066200
2023-08-21,88.9188003540039,92.55999755859375,92.91000366210938,90.5,90.5,8618300
2023-08-22,88.61138916015625,92.23999786376953,93.48999786376953,91.80999755859375,93.3499984741211,7059000
2023-08-23,90.51349639892578,94.22000122070312,95.0999984741211,93.23999786376953,93.79000091552734,10362600
2023-08-24,88.88996887207031,92.52999877929688,96.77999877929688,92.47000122070312,96.52999877929688,12254400
2023-08-25,89.43754577636719,93.0999984741211,93.41000366210938,91.41000366210938,92.25,10356000
2023-08-28,90.30215454101562,94.0,94.1500015258789,93.25,93.81999969482422,5174800
2023-08-29,91.33966827392578,95.08000183105469,95.62000274658203,93.51000213623047,93.7699966430664,8910300
2023-08-30,91.05146789550781,94.77999877929688,95.91999816894531,94.62999725341797,95.44999694824219,6073400
2023-08-31,89.88906860351562,93.56999969482422,94.4000015258789,93.2699966430664,93.33999633789062,8661200
2023-09-01,89.5240249633789,93.19000244140625,94.58000183105469,93.08999633789062,94.30000305175781,7094600
2023-09-05,90.87854766845703,94.5999984741211,95.05000305175781,92.87000274658203,93.4000015258789,6396500
2023-09-06,88.6305923461914,92.26000213623047,93.95999908447266,91.58999633789062,93.8499984741211,7933700
2023-09-07,86.5075454711914,90.05000305175781,90.29000091552734,88.43000030517578,90.06999969482422,14684400
2023-09-08,86.11366271972656,89.63999938964844,91.06999969482422,89.31999969482422,90.75,5820800
2023-09-11,86.07523345947266,89.5999984741211,90.38999938964844,89.16000366210938,90.0999984741211,7268600
2023-09-12,86.9206314086914,90.4800033569336,91.56999969482422,90.41999816894531,90.45999908447266,8242600
2023-09-13,87.63150787353516,91.22000122070312,91.88999938964844,90.4800033569336,90.5999984741211,5757800
2023-09-14,88.3277587890625,91.47000122070312,92.93000030517578,91.2699966430664,92.77999877929688,6506300
2023-09-15,86.18401336669922,89.25,91.13999938964844,88.86000061035156,90.51000213623047,19940500
2023-09-18,85.7784423828125,88.83000183105469,89.66999816894531,88.43000030517578,88.54000091552734,6647400
2023-09-19,85.14110565185547,88.16999816894531,88.83999633789062,87.79000091552734,88.44999694824219,7172100
2023-09-20,84.29135131835938,87.29000091552734,89.31999969482422,87.29000091552734,88.5199966430664,6935300
2023-09-21,82.42764282226562,85.36000061035156,86.13999938964844,85.3499984741211,86.04000091552734,10652500
2023-09-22,82.6980209350586,85.63999938964844,86.7699966430664,85.44999694824219,86.25,7967200
2023-09-25,83.27741241455078,86.23999786376953,86.23999786376953,85.0199966430664,85.38999938964844,8758000
2023-09-26,81.39439392089844,84.29000091552734,85.2300033569336,84.0199966430664,84.94999694824219,8877600
2023-09-27,82.50489044189453,85.44000244140625,85.55999755859375,84.0999984741211,85.16999816894531,7860700
2023-09-28,83.44156646728516,86.41000366210938,87.12999725341797,84.9800033569336,85.25,6647700
2023-09-29,83.91472625732422,86.9000015258789,88.02999877929688,86.69999694824219,87.75,7338300
2023-10-02,84.63896942138672,87.6500015258789,88.41999816894531,87.0199966430664,87.18000030517578,6305000
2023-10-03,82.47592163085938,85.41000366210938,87.31999969482422,85.05999755859375,87.0,8201700
2023-10-04,83.692626953125,86.66999816894531,86.76000213623047,85.37999725341797,85.47000122070312,7658500
2023-10-05,84.04026794433594,87.02999877929688,87.94000244140625,86.52999877929688,86.83000183105469,6651700
2023-10-06,86.2226333618164,89.29000091552734,90.0199966430664,87.37999725341797,88.08999633789062,9777100
2023-10-09,85.93293762207031,88.98999786376953,89.33999633789062,88.04000091552734,88.80000305175781,4781300
2023-10-10,87.4972915649414,90.61000061035156,90.66000366210938,89.13999938964844,89.2699966430664,7182900
2023-10-11,88.83953857421875,92.0,92.01000213623047,90.62999725341797,91.26000213623047,8051700
2023-10-12,89.24510955810547,92.41999816894531,93.44000244140625,91.83999633789062,92.51000213623047,8897800
2023-10-13,87.3524398803711,90.45999908447266,92.94000244140625,90.19999694824219,92.75,7985100
2023-10-16,88.0863265991211,91.22000122070312,91.9000015258789,90.43000030517578,90.4800033569336,8791800
2023-10-17,87.87389373779297,91.0,91.69999694824219,88.5199966430664,89.80999755859375,7997100
2023-10-18,86.52197265625,89.5999984741211,90.01000213623047,88.58000183105469,88.87999725341797,9982700
2023-10-19,89.7182846069336,92.91000366210938,94.76000213623047,92.36000061035156,93.08999633789062,22751600
2023-10-20,88.1732406616211,91.30999755859375,94.31999969482422,91.08999633789062,92.0,12197300
2023-10-23,87.9801254272461,91.11000061035156,92.26000213623047,89.16000366210938,89.9800033569336,8227900
2023-10-24,88.49190521240234,91.63999938964844,92.0,90.86000061035156,91.19999694824219,7374800
2023-10-25,84.62931060791016,87.63999938964844,90.8499984741211,86.68000030517578,90.80000305175781,13027100
2023-10-26,84.44584655761719,87.44999694824219,88.13999938964844,86.54000091552734,87.12000274658203,9377300
2023-10-27,83.03599548339844,85.98999786376953,87.77999877929688,85.88999938964844,87.54000091552734,12480700
2023-10-30,83.10359954833984,86.05999755859375,88.30000305175781,86.0,87.30999755859375,9785500
2023-10-31,83.3449935913086,86.30999755859375,86.43000030517578,84.94999694824219,86.1500015258789,9004900
2023-11-01,84.7838134765625,87.80000305175781,87.87000274658203,86.33999633789062,86.47000122070312,9508800
2023-11-02,87.37175750732422,90.4800033569336,91.05000305175781,89.47000122070312,90.4000015258789,11032600
2023-11-03,88.6367416381836,91.79000091552734,92.44999694824219,90.83999633789062,91.6500015258789,9226700
2023-11-06,89.41893005371094,92.5999984741211,92.61000061035156,91.29000091552734,92.0,8402700
2023-11-07,89.23545837402344,92.41000366210938,93.05000305175781,91.75,92.25,6241300
2023-11-08,88.83953857421875,92.0,93.44000244140625,91.93000030517578,93.33000183105469,6537700
2023-11-09,88.47259521484375,91.62000274658203,93.37000274658203,91.5999984741211,92.62999725341797,8166000
2023-11-10,94.0926513671875,97.44000244140625,97.75,93.61000061035156,94.04000091552734,19281700
2023-11-13,93.10768127441406,96.41999816894531,97.18000030517578,95.72000122070312,97.01000213623047,9526300
2023-11-14,95.51216125488281,98.91000366210938,99.69000244140625,97.94999694824219,98.0,13873200
2023-11-15,95.40593719482422,98.80000305175781,100.69999694824219,98.41999816894531,99.94999694824219,10422900
2023-11-16,95.15486907958984,98.54000091552734,99.0999984741211,97.91000366210938,98.23999786376953,8459000
2023-11-17,96.15914154052734,99.58000183105469,99.72000122070312,98.31999969482422,98.94000244140625,7243000
2023-11-20,96.52608489990234,99.95999908447266,100.58999633789062,99.54000091552734,99.9000015258789,6448900
2023-11-21,95.02934265136719,98.41000366210938,100.1500015258789,98.23999786376953,100.0,10112600
2023-11-22,95.2610855102539,98.6500015258789,99.6500015258789,97.94999694824219,98.72000122070312,7413500
2023-11-24,94.4692611694336,97.83000183105469,98.7300033569336,97.47000122070312,98.4800033569336,4297600
2023-11-27,93.87056732177734,97.20999908447266,97.55000305175781,96.41999816894531,97.41999816894531,6856100
2023-11-28,94.6141128540039,97.9800033569336,98.25,97.23999786376953,97.87000274658203,6358100
2023-11-29,95.48318481445312,98.87999725341797,99.7300033569336,98.5999984741211,99.0,7091100
2023-11-30,93.96711730957031,97.30999755859375,98.9800033569336,96.9000015258789,98.93000030517578,9681400
2023-12-01,95.1645278930664,98.55000305175781,98.77999877929688,97.0199966430664,97.69999694824219,7500400
2023-12-04,93.67742919921875,97.01000213623047,97.19999694824219,95.25,97.05000305175781,10619400
2023-12-05,93.3684310913086,96.69000244140625,97.0199966430664,95.87999725341797,96.45999908447266,8009600
2023-12-06,94.48857116699219,97.8499984741211,98.56999969482422,97.44999694824219,97.80000305175781,11262300
2023-12-07,95.87911224365234,99.29000091552734,99.63999938964844,97.88999938964844,97.95999908447266,11373700
2023-12-08,96.90270233154297,100.3499984741211,100.37000274658203,98.94999694824219,99.12000274658203,10572500
2023-12-11,97.48208618164062,100.94999694824219,101.20999908447266,99.37000274658203,99.56999969482422,9482800
2023-12-12,98.10975646972656,101.5999984741211,101.6500015258789,99.94999694824219,100.1500015258789,7378600
2023-12-13,98.61190032958984,102.12000274658203,102.68000030517578,100.91000366210938,101.4000015258789,8988800
2023-12-14,100.36697387695312,103.44999694824219,103.80999755859375,102.80000305175781,103.3499984741211,10074500
2023-12-15,99.48411560058594,102.54000091552734,104.76000213623047,102.38999938964844,103.5,16379200
2023-12-18,99.86246490478516,102.93000030517578,103.30999755859375,102.08000183105469,102.83999633789062,5660600
2023-12-19,100.77446746826172,103.87000274658203,103.9800033569336,103.08999633789062,103.23999786376953,8498500
2023-12-20,97.05860137939453,100.04000091552734,103.08999633789062,99.94000244140625,102.69999694824219,10814100
2023-12-21,99.49380493164062,102.55000305175781,102.72000122070312,101.16000366210938,101.30000305175781,9068200
2023-12-22,100.075927734375,103.1500015258789,103.58999633789062,102.70999908447266,102.93000030517578,5566400
2023-12-26,101.3371810913086,104.44999694824219,104.95999908447266,103.56999969482422,103.61000061035156,6407500
2023-12-27,101.53121948242188,104.6500015258789,105.37000274658203,104.08000183105469,105.05000305175781,5889700
2023-12-28,101.5797348022461,104.69999694824219,105.5199966430664,104.69999694824219,105.0,5335100
2023-12-29,100.90058898925781,104.0,104.97000122070312,103.66999816894531,104.72000122070312,4409600
2024-01-02,98.50418853759766,101.52999877929688,102.62000274658203,100.58999633789062,102.25,9020900
2024-01-03,97.18472290039062,100.16999816894531,101.25,99.66000366210938,100.33999633789062,6650600
2024-01-04,96.17571258544922,99.12999725341797,100.44000244140625,99.12000274658203,99.52999877929688,7996700
2024-01-05,96.64141845703125,99.61000061035156,100.63999938964844,98.80000305175781,99.0,7347300
2024-01-08,99.19304656982422,102.23999786376953,102.79000091552734,100.5,100.62999725341797,12455600
2024-01-09,98.85346221923828,101.88999938964844,101.97000122070312,100.20999908447266,101.05000305175781,7764000
2024-01-10,97.79595184326172,100.80000305175781,102.77999877929688,99.9800033569336,102.5199966430664,6975700
2024-01-11,98.20343780517578,101.22000122070312,102.16000366210938,99.98999786376953,101.69999694824219,7862700
2024-01-12,98.22284698486328,101.23999786376953,102.37999725341797,100.87000274658203,100.88999938964844,6519700
2024-01-16,98.64002990722656,101.66999816894531,102.3499984741211,100.19999694824219,100.52999877929688,11185500
2024-01-17,99.88186645507812,102.94999694824219,103.33000183105469,100.0,100.87000274658203,17649500
2024-01-18,109.66148376464844,113.02999877929688,113.38999938964844,109.4800033569336,111.19999694824219,58783700
2024-01-19,110.79661560058594,114.19999694824219,115.1500015258789,111.0199966430664,113.22000122070312,37812600
2024-01-22,109.66148376464844,113.02999877929688,115.0999984741211,112.5199966430664,114.77999877929688,17755500
2024-01-23,110.72869110107422,114.12999725341797,114.62000274658203,113.16000366210938,113.5199966430664,11667900
2024-01-24,113.0474624633789,116.5199966430664,118.8499984741211,114.61000061035156,115.33000183105469,21859200
2024-01-25,113.08625793457031,116.55999755859375,118.83999633789062,116.4800033569336,118.0199966430664,15485300
2024-01-26,113.76541900634766,117.26000213623047,118.04000091552734,116.30000305175781,116.9000015258789,10196400
2024-01-29,113.4937515258789,116.9800033569336,117.87000274658203,115.76000213623047,117.16999816894531,10042200
2024-01-30,112.6011734008789,116.05999755859375,118.01000213623047,115.55999755859375,116.36000061035156,11030800
2024-01-31,109.59355163574219,112.95999908447266,114.73999786376953,112.87999725341797,113.5,12853900
2024-02-01,110.0107421875,113.38999938964844,114.02999877929688,112.61000061035156,113.80000305175781,8807600
2024-02-02,112.30040740966797,115.75,115.95999908447266,113.91999816894531,114.86000061035156,10044000
2024-02-05,115.24980926513672,118.79000091552734,119.54000091552734,116.58000183105469,117.12999725341797,13267600
2024-02-06,115.82223510742188,119.37999725341797,120.98999786376953,118.27999877929688,120.12000274658203,11503800
2024-02-07,121.25534057617188,124.9800033569336,125.0,120.0,120.01000213623047,18172500
2024-02-08,129.7445526123047,133.72999572753906,134.75,126.11000061035156,127.0,33367000
2024-02-09,129.14305114746094,133.11000061035156,135.1699981689453,130.58999633789062,134.5,16984200
2024-02-12,126.572021484375,130.4600067138672,133.50999450683594,130.25999450683594,133.27000427246094,14203800
2024-02-13,123.74874877929688,127.55000305175781,129.9199981689453,126.4800033569336,127.93000030517578,14494000
2024-02-14,125.41748046875,129.27000427246094,130.7899932861328,127.95999908447266,129.6300048828125,13069700
2024-02-15,125.18462371826172,129.02999877929688,131.1300048828125,128.35000610351562,130.8000030517578,12554000
2024-02-16,122.91437530517578,126.69000244140625,128.63999938964844,125.80999755859375,127.12999725341797,13104400
2024-02-20,121.59489440917969,125.33000183105469,127.05999755859375,124.1500015258789,126.88999938964844,12038800
2024-02-21,121.60459899902344,125.33999633789062,125.37999725341797,122.91000366210938,124.43000030517578,11469700
2024-02-22,125.22345733642578,129.07000732421875,131.47999572753906,129.0,129.69000244140625,17014100
2024-02-23,125.66973876953125,129.52999877929688,131.00999450683594,127.7300033569336,130.5,10123300
2024-02-26,126.74665069580078,130.63999938964844,131.22999572753906,128.55999755859375,130.02000427246094,9526700
2024-02-27,124.75775909423828,128.58999633789062,131.97000122070312,128.58999633789062,130.77000427246094,8851800
2024-02-28,123.58381652832031,127.37999725341797,128.5800018310547,126.6500015258789,128.5,6519100
2024-02-29,124.83536529541016,128.6699981689453,129.19000244140625,127.1500015258789,128.02999877929688,9369900
2024-03-01,129.90948486328125,133.89999389648438,136.64999389648438,130.10000610351562,130.1300048828125,24393000
2024-03-04,134.1395721435547,138.25999450683594,141.99000549316406,137.67999267578125,139.94000244140625,26544600
2024-03-05,130.94761657714844,134.97000122070312,137.42999267578125,133.72999572753906,137.1199951171875,13694700
2024-03-06,137.35093688964844,141.57000732421875,144.0,138.61000061035156,138.8000030517578,22292700
2024-03-07,144.75350952148438,149.1999969482422,151.60000610351562,144.14999389648438,144.89999389648438,34675700
2024-03-08,142.0078582763672,146.3699951171875,158.39999389648438,144.92999267578125,153.89999389648438,43856900
2024-03-11,134.8769073486328,139.02000427246094,144.39999389648438,138.92999267578125,143.6199951171875,29227100
2024-03-12,140.09658813476562,144.39999389648438,146.6999969482422,140.57000732421875,144.52000427246094,21218500
2024-03-13,137.9039306640625,142.13999938964844,143.22999572753906,141.3699951171875,143.0500030517578,12923100
2024-03-14,135.4590301513672,139.6199951171875,143.10000610351562,139.02000427246094,142.61000061035156,14961900
2024-03-15,132.897705078125,136.97999572753906,137.6999969482422,134.6300048828125,135.44000244140625,22751200
2024-03-18,133.10617065429688,136.63999938964844,141.5399932861328,136.61000061035156,140.17999267578125,14732900
2024-03-19,131.3819580078125,134.8699951171875,136.27000427246094,133.02999877929688,135.3000030517578,17341100
2024-03-20,133.21334838867188,136.75,137.30999755859375,135.00999450683594,136.52999877929688,12750200
2024-03-21,135.843505859375,139.4499969482422,142.60000610351562,139.0399932861328,142.5500030517578,17809400
2024-03-22,136.90530395507812,140.5399932861328,141.33999633789062,139.11000061035156,139.39999389648438,9944100
2024-03-25,136.6033477783203,140.22999572753906,141.67999267578125,139.25999450683594,140.16000366210938,9922200
2024-03-26,135.249267578125,138.83999633789062,140.9600067138672,138.63999938964844,140.61000061035156,10786400
2024-03-27,133.15489196777344,136.69000244140625,139.27999877929688,135.14999389648438,138.86000061035156,13842800
2024-03-28,132.5314483642578,136.0500030517578,136.8000030517578,135.44000244140625,135.67999267578125,10019400
2024-04-01,137.8307647705078,141.49000549316406,142.9600067138672,137.0500030517578,137.2899932861328,14222700
2024-04-02,136.5936279296875,140.22000122070312,141.0399932861328,139.35000610351562,140.3800048828125,9869200
2024-04-03,138.3275604248047,142.0,142.92999267578125,138.38999938964844,138.5800018310547,9707500
2024-04-04,136.04808044433594,139.66000366210938,146.75,139.42999267578125,144.0,15759500
2024-04-05,137.70413208007812,141.36000061035156,142.0,138.9199981689453,140.0,8263600
2024-04-08,139.0971221923828,142.7899932861328,146.0,142.75999450683594,145.24000549316406,16307400
2024-04-09,141.6396484375,145.39999389648438,148.1699981689453,142.9499969482422,146.25999450683594,18443400
2024-04-10,142.43846130371094,146.22000122070312,148.42999267578125,145.25999450683594,146.6300048828125,18861300
2024-04-11,143.39306640625,147.1999969482422,147.55999755859375,144.1300048828125,147.1999969482422,11818800
2024-04-12,138.8341064453125,142.52000427246094,146.50999450683594,142.14999389648438,145.0,12024000
2024-04-15,136.51564025878906,140.13999938964844,145.47999572753906,139.8800048828125,145.02000427246094,13458800
2024-04-16,136.18446350097656,139.8000030517578,140.5399932861328,137.05999755859375,137.88999938964844,14218200
2024-04-17,135.4343719482422,139.02999877929688,142.57000732421875,137.36000061035156,141.1300048828125,18823200
2024-04-18,128.84921264648438,132.27000427246094,135.1300048828125,130.3000030517578,132.88999938964844,39306100
2024-04-19,124.39738464355469,127.69999694824219,131.5500030517578,126.63999938964844,129.3699951171875,28284000
2024-04-22,126.39437103271484,129.75,130.66000366210938,125.77999877929688,126.75,18556800
2024-04-23,129.97918701171875,133.42999267578125,133.7100067138672,130.66000366210938,131.36000061035156,12573800
2024-04-24,129.53109741210938,132.97000122070312,136.2899932861328,131.5399932861328,136.08999633789062,15558000
2024-04-25,133.04774475097656,136.5800018310547,137.83999633789062,128.86000061035156,130.0,18034300
2024-04-26,134.7232666015625,138.3000030517578,138.74000549316406,135.9499969482422,136.80999755859375,9453400
2024-04-29,134.91807556152344,138.5,138.64999389648438,135.91000366210938,138.0,9997100
2024-04-30,133.78807067871094,137.33999633789062,139.6999969482422,137.25999450683594,137.94000244140625,10980600
2024-05-01,131.45016479492188,134.94000244140625,139.42999267578125,133.2100067138672,137.4199981689453,12561800
2024-05-02,132.706787109375,136.22999572753906,136.74000549316406,133.22000122070312,135.60000610351562,9261900
2024-05-03,137.89894104003906,141.55999755859375,142.11000061035156,138.75999450683594,138.89999389648438,13264300
2024-05-06,139.13609313964844,142.8300018310547,142.8300018310547,139.80999755859375,140.47000122070312,8601600
2024-05-07,137.46058654785156,141.11000061035156,142.2899932861328,140.50999450683594,141.8699951171875,8682900
2024-05-08,139.8861846923828,143.60000610351562,144.25999450683594,140.8000030517578,141.11000061035156,10202300
2024-05-09,139.0971221923828,142.7899932861328,143.35000610351562,141.1300048828125,142.94000244140625,8012700
2024-05-10,145.39981079101562,149.25999450683594,150.5,146.92999267578125,147.22000122070312,23671400
2024-05-13,142.62351989746094,146.41000366210938,148.44000244140625,146.3000030517578,148.02000427246094,8278700
2024-05-14,148.02024841308594,151.9499969482422,152.00999450683594,146.25,146.49000549316406,12316500
2024-05-15,151.5563507080078,155.5800018310547,156.0,152.72999572753906,153.36000061035156,14027100
2024-05-16,148.29296875,152.22999572753906,155.05999755859375,152.2100067138672,154.10000610351562,13394100
2024-05-17,147.75721740722656,151.67999267578125,154.0,150.83999633789062,154.0,7711200
2024-05-20,149.57884216308594,153.5500030517578,154.24000549316406,150.82000732421875,151.6699981689453,9261200
2024-05-21,149.6957550048828,153.6699981689453,153.99000549316406,151.9499969482422,152.3000030517578,7919400
2024-05-22,152.11160278320312,156.14999389648438,157.22999572753906,154.5399932861328,155.8800048828125,13455200
2024-05-23,153.02728271484375,157.08999633789062,160.77999877929688,155.8699951171875,159.17999267578125,20873000
2024-05-24,155.86204528808594,160.0,160.66000366210938,156.7100067138672,157.1999969482422,11908200
2024-05-28,155.28729248046875,159.41000366210938,160.3800048828125,157.60000610351562,159.67999267578125,13964400
2024-05-29,150.34841918945312,154.33999633789062,156.8800048828125,153.2100067138672,156.75,15780000
2024-05-30,149.00411987304688,152.9600067138672,154.0500030517578,151.88999938964844,153.58999633789062,9687800
2024-05-31,147.13377380371094,151.0399932861328,152.5,147.80999755859375,151.47999572753906,13782600
2024-06-03,150.942626953125,154.9499969482422,157.14999389648438,152.4600067138672,155.1199951171875,12924400
2024-06-04,148.52679443359375,152.47000122070312,153.7899932861328,150.99000549316406,153.39999389648438,10066700
2024-06-05,158.70652770996094,162.9199981689453,163.72999572753906,157.9499969482422,158.58999633789062,23192600
2024-06-06,157.87850952148438,162.07000732421875,164.6999969482422,160.36000061035156,164.52000427246094,14819100
2024-06-07,160.1385040283203,164.38999938964844,166.1199951171875,161.9600067138672,163.57000732421875,14023300
2024-06-10,163.81100463867188,168.16000366210938,169.83999633789062,162.4199981689453,164.0,12418900
2024-06-11,161.42437744140625,165.7100067138672,168.41000366210938,163.7899932861328,168.17999267578125,11508600
2024-06-12,168.50634765625,172.97999572753906,176.05999755859375,171.5399932861328,173.36000061035156,20309500
2024-06-13,168.96954345703125,172.91000366210938,174.07000732421875,170.50999450683594,172.9499969482422,15591800
2024-06-14,168.5786895751953,172.50999450683594,173.63999938964844,170.36000061035156,172.0,9192500
2024-06-17,173.2008819580078,177.24000549316406,178.6699981689453,173.47999572753906,177.83999633789062,18593700
2024-06-18,175.59500122070312,179.69000244140625,184.86000061035156,178.99000549316406,180.02000427246094,27155100
2024-06-20,171.38327026367188,175.3800048828125,183.1699981689453,173.5,182.5800018310547,28403200
2024-06-21,169.99563598632812,173.9600067138672,177.47999572753906,172.2100067138672,172.7100067138672,20175600
2024-06-24,163.9857635498047,167.80999755859375,171.4199981689453,167.1199951171875,170.42999267578125,19741700
2024-06-25,168.66661071777344,172.60000610351562,172.63999938964844,169.00999450683594,169.9499969482422,13346800
2024-06-26,168.14871215820312,172.07000732421875,173.69000244140625,170.1999969482422,172.1199951171875,11901500
2024-06-27,167.71873474121094,171.6300048828125,175.47999572753906,171.14999389648438,173.7899932861328,10864600
2024-06-28,169.84902954101562,173.80999755859375,176.82000732421875,172.80999755859375,172.80999755859375,11216100
2024-07-01,168.4027557373047,172.3300018310547,175.3000030517578,170.4499969482422,174.24000549316406,10717000
2024-07-02,171.69595336914062,175.6999969482422,176.7100067138672,171.02999877929688,171.1300048828125,10655500
2024-07-03,178.3312225341797,182.49000549316406,182.49000549316406,177.8800048828125,177.99000549316406,11808700
2024-07-05,179.79705810546875,183.99000549316406,185.0800018310547,182.3000030517578,184.13999938964844,11372900
2024-07-08,182.3768768310547,186.6300048828125,192.8000030517578,185.1300048828125,190.0,22582400
2024-07-09,180.31495666503906,184.52000427246094,188.44000244140625,182.5,188.08999633789062,19935200
2024-07-10,186.6961212158203,191.0500030517578,191.4199981689453,186.6999969482422,188.27999877929688,19293500
2024-07-11,180.29542541503906,184.5,193.47000122070312,183.00999450683594,193.08999633789062,21584200
2024-07-12,183.0804901123047,187.35000610351562,190.3800048828125,182.75,183.07000732421875,19220300
2024-07-15,180.9990234375,185.22000122070312,190.05999755859375,184.0800018310547,188.67999267578125,15683100
2024-07-16,181.8003387451172,186.0399932861328,189.58999633789062,185.02000427246094,188.27000427246094,16663300
2024-07-17,167.2985076904297,171.1999969482422,176.5800018310547,170.50999450683594,175.22000122070312,45052600
2024-07-18,167.95323181152344,171.8699951171875,178.69000244140625,164.50999450683594,175.5,52903600
2024-07-19,161.9922637939453,165.77000427246094,170.52000427246094,165.22000122070312,169.1699981689453,22585300
2024-07-22,165.49069213867188,169.35000610351562,170.8800048828125,166.17999267578125,166.61000061035156,21037200
2024-07-23,165.94996643066406,169.82000732421875,171.5399932861328,167.97000122070312,169.4199981689453,11690700
2024-07-24,156.15829467773438,159.8000030517578,165.4499969482422,159.58999633789062,165.08999633789062,19536600
2024-07-25,156.62738037109375,160.27999877929688,163.39999389648438,152.11000061035156,158.16000366210938,25731800
2024-07-26,158.24952697753906,161.94000244140625,164.58999633789062,159.19000244140625,164.3000030517578,13089200
2024-07-29,156.363525390625,160.00999450683594,163.22999572753906,158.6300048828125,162.67999267578125,12663100
2024-07-30,151.01817321777344,154.5399932861328,161.14999389648438,152.5500030517578,160.44000244140625,22018000
2024-07-31,162.02157592773438,165.8000030517578,166.64999389648438,162.07000732421875,163.77000427246094,19860400
2024-08-01,154.57521057128906,158.17999267578125,167.6699981689453,156.83999633789062,163.47999572753906,21095600
2024-08-02,146.44483947753906,149.86000061035156,153.86000061035156,146.88999938964844,151.25,31095300
2024-08-05,144.57835388183594,147.9499969482422,150.0,133.57000732421875,133.86000061035156,31193100
2024-08-06,151.8488006591797,155.38999938964844,157.7100067138672,147.72000122070312,150.44000244140625,24528100
2024-08-07,151.5067901611328,155.0399932861328,162.64999389648438,154.52000427246094,161.5500030517578,22379000
2024-08-08,160.80006408691406,164.5500030517578,164.75,155.5399932861328,159.27000427246094,18889600
2024-08-09,163.31149291992188,167.1199951171875,167.8000030517578,163.24000549316406,166.32000732421875,20519400
2024-08-12,163.8098602294922,167.6300048828125,169.52999877929688,165.5399932861328,166.0,14727300
2024-08-13,168.41253662109375,172.33999633789062,172.4499969482422,166.33999633789062,168.0,15243500
2024-08-14,166.09654235839844,169.97000122070312,172.50999450683594,167.19000244140625,171.8800048828125,11510300
2024-08-15,169.99563598632812,173.9600067138672,175.44000244140625,170.82000732421875,172.42999267578125,15393500
2024-08-16,170.56240844726562,174.5399932861328,175.0,172.25,173.38999938964844,10710000
2024-08-19,171.45162963867188,175.4499969482422,175.4499969482422,171.10000610351562,174.75999450683594,11511000
2024-08-20,168.11935424804688,172.0399932861328,175.39999389648438,169.85000610351562,175.39999389648438,13555500
2024-08-21,167.53305053710938,171.44000244140625,173.0800018310547,169.91000366210938,170.36000061035156,9434800
2024-08-22,162.64700317382812,166.44000244140625,173.27999877929688,166.05999755859375,172.0,13546100
2024-08-23,167.37667846679688,171.27999877929688,173.2899932861328,167.9199981689453,169.0,12189100
2024-08-26,165.21705627441406,169.07000732421875,171.0500030517578,167.82000732421875,170.3800048828125,9611300
2024-08-27,166.663330078125,170.5500030517578,170.5800018310547,165.0399932861328,166.4199981689453,9186000
2024-08-28,165.34410095214844,169.1999969482422,172.47000122070312,166.1999969482422,171.32000732421875,10581400
2024-08-29,165.29522705078125,169.14999389648438,175.4199981689453,167.50999450683594,168.64999389648438,13213200
2024-08-30,167.787109375,171.6999969482422,172.22999572753906,168.75,170.05999755859375,9481400
2024-09-03,156.83258056640625,160.49000549316406,168.67999267578125,159.8000030517578,168.0,18464400
2024-09-04,157.20391845703125,160.8699951171875,163.8800048828125,158.9499969482422,159.3000030517578,11317400
2024-09-05,159.96942138671875,163.6999969482422,164.58999633789062,161.0500030517578,161.5399932861328,10260600
2024-09-06,153.24624633789062,156.82000732421875,165.41000366210938,156.00999450683594,164.88999938964844,14964400
2024-09-09,159.07040405273438,162.77999877929688,163.10000610351562,160.25,160.75999450683594,10339000
2024-09-10,158.72837829589844,162.42999267578125,162.88999938964844,157.69000244140625,162.88999938964844,11910800
2024-09-11,166.35061645507812,170.22999572753906,170.3800048828125,161.4199981689453,163.8000030517578,15059500
2024-09-12,168.14158630371094,171.42999267578125,172.14999389648438,169.0,170.60000610351562,13399900
2024-09-13,169.19105529785156,172.5,174.77000427246094,171.4499969482422,172.24000549316406,8787800
2024-09-16,165.83665466308594,169.0800018310547,170.55999755859375,166.77000427246094,169.91000366210938,12194300
2024-09-17,164.1398468017578,167.35000610351562,170.24000549316406,166.36000061035156,169.35000610351562,8629100
2024-09-18,164.07119750976562,167.27999877929688,171.60000610351562,167.0,168.4600067138672,9116000
2024-09-19,172.83970642089844,176.22000122070312,177.77999877929688,172.6300048828125,174.3800048828125,15855000
2024-09-20,170.74075317382812,174.0800018310547,176.02000427246094,173.64999389648438,174.8699951171875,18429800
2024-09-23,171.40769958496094,174.75999450683594,175.39999389648438,173.6999969482422,174.83999633789062,5794200
2024-09-24,178.4794158935547,181.97000122070312,182.77999877929688,177.0500030517578,179.5,14576100
2024-09-25,178.8521270751953,182.35000610351562,183.82000732421875,181.2100067138672,181.52000427246094,8280900
2024-09-26,183.24618530273438,186.8300018310547,189.3300018310547,183.8000030517578,188.5,15103400
2024-09-27,174.55613708496094,177.97000122070312,185.94000244140625,177.39999389648438,185.83999633789062,17908400
2024-09-30,170.33860778808594,173.6699981689453,176.82000732421875,171.92999267578125,174.27000427246094,13540200
2024-10-01,168.7693328857422,172.07000732421875,175.99000549316406,170.77999877929688,175.30999755859375,11850200
2024-10-02,172.4277801513672,175.8000030517578,176.97000122070312,170.7899932861328,172.9600067138672,11164400
2024-10-03,176.03717041015625,179.47999572753906,180.7899932861328,175.1199951171875,175.8000030517578,12555000
2024-10-04,177.68496704101562,181.16000366210938,181.22999572753906,177.5500030517578,179.6999969482422,9993800
2024-10-07,180.97068786621094,184.50999450683594,185.0,180.92999267578125,181.60000610351562,12054200
2024-10-08,182.4811553955078,186.0500030517578,186.5399932861328,182.02999877929688,184.9600067138672,10394200
2024-10-09,183.55023193359375,187.13999938964844,188.0,182.25999450683594,187.8000030517578,11925000
2024-10-10,182.21633911132812,185.77999877929688,187.0800018310547,184.39999389648438,185.86000061035156,6443800
2024-10-11,187.14984130859375,190.80999755859375,191.49000549316406,188.00999450683594,188.1699981689453,12163900
2024-10-14,188.52297973632812,192.2100067138672,194.25,190.5,190.61000061035156,11714400
2024-10-15,183.54042053222656,187.1300048828125,193.6199951171875,184.25,192.9600067138672,21812700
2024-10-16,183.8837127685547,187.47999572753906,190.00999450683594,186.66000366210938,189.77999877929688,18689200
2024-10-17,201.89154052734375,205.83999633789062,212.60000610351562,201.97000122070312,203.35000610351562,62274700
2024-10-18,196.92860412597656,200.77999877929688,205.9499969482422,200.75999450683594,205.9499969482422,21030800
2024-10-21,198.07615661621094,201.9499969482422,203.44000244140625,199.66000366210938,200.80999755859375,14820000
2024-10-22,194.67269897460938,198.47999572753906,200.1699981689453,197.11000061035156,199.07000732421875,11165100
2024-10-23,197.00704956054688,200.86000061035156,203.1300048828125,196.22999572753906,196.67999267578125,16535700
2024-10-24,194.13327026367188,197.92999267578125,200.5,197.41000366210938,198.9600067138672,9935800
2024-10-25,199.5375518798828,203.44000244140625,205.1999969482422,200.0,200.25,13434900
2024-10-28,190.9456024169922,194.67999267578125,199.74000549316406,194.52000427246094,199.25999450683594,20135300
2024-10-29,193.16226196289062,196.94000244140625,198.7899932861328,193.60000610351562,194.38999938964844,13779100
2024-10-30,190.74945068359375,194.47999572753906,195.4499969482422,192.61000061035156,194.3800048828125,10007800
2024-10-31,186.885009765625,190.5399932861328,192.86000061035156,187.66000366210938,192.86000061035156,13062700
2024-11-01,189.24879455566406,192.9499969482422,198.1699981689453,192.5500030517578,194.1999969482422,12691200
2024-11-04,187.8854522705078,191.55999755859375,194.36000061035156,190.60000610351562,193.6999969482422,10917300
2024-11-05,192.00486755371094,195.75999450683594,198.33999633789062,193.49000549316406,193.5800018310547,10339200
2024-11-06,189.51361083984375,193.22000122070312,194.25999450683594,188.5,192.0399932861328,19834900
2024-11-07,197.33071899414062,201.19000244140625,202.00999450683594,196.25,196.30999755859375,14865200
2024-11-08,197.3405303955078,201.1999969482422,206.61000061035156,200.02000427246094,203.88999938964844,13112100
2024-11-11,190.32769775390625,194.0500030517578,198.1999969482422,191.49000549316406,197.9600067138672,16610000
2024-11-12,188.0914306640625,191.77000427246094,194.0,189.72000122070312,193.8300018310547,11819000
2024-11-13,183.07945251464844,186.66000366210938,192.47999572753906,186.5,192.44000244140625,13882200
2024-11-14,184.8841552734375,188.5,192.66000366210938,187.5399932861328,188.39999389648438,11453900
2024-11-15,182.44190979003906,186.00999450683594,188.8000030517578,184.80999755859375,188.17999267578125,9834800
2024-11-18,183.8837127685547,187.47999572753906,188.0,183.49000549316406,184.35000610351562,10681500
2024-11-19,186.03172302246094,189.6699981689453,190.02000427246094,188.02000427246094,189.1300048828125,9390100
2024-11-20,184.746826171875,188.36000061035156,188.85000610351562,184.05999755859375,188.85000610351562,10624500
2024-11-21,187.5716094970703,191.24000549316406,192.3000030517578,186.74000549316406,189.41000366210938,18137300
2024-11-22,186.433837890625,190.0800018310547,193.0,189.42999267578125,192.9499969482422,8838900
2024-11-25,181.5297393798828,185.0800018310547,188.25,183.7100067138672,188.08999633789062,14380000
2024-11-26,180.31353759765625,183.83999633789062,185.89999389648438,182.3300018310547,185.39999389648438,10186600
2024-11-27,177.71435546875,181.19000244140625,182.4499969482422,178.0500030517578,182.0,9895200
2024-11-29,181.1177978515625,184.66000366210938,186.9499969482422,181.17999267578125,181.50999450683594,8045300
2024-12-02,190.67095947265625,194.39999389648438,195.2899932861328,188.94000244140625,189.33999633789062,16646900
2024-12-03,195.07485961914062,198.88999938964844,199.0,192.60000610351562,193.5,11217700
2024-12-04,196.84031677246094,200.69000244140625,202.60000610351562,198.27000427246094,199.85000610351562,12761100
2024-12-05,200.3810577392578,204.3000030517578,205.6300048828125,200.75,201.25,12483700
2024-12-06,199.12562561035156,203.02000427246094,203.19000244140625,199.92999267578125,202.0,9672900
2024-12-09,195.34947204589844,199.1699981689453,203.1300048828125,198.97999572753906,200.92999267578125,9699700
2024-12-10,188.25816345214844,191.94000244140625,199.91000366210938,190.3699951171875,199.10000610351562,15307900
2024-12-11,190.8671417236328,194.60000610351562,196.0,193.25999450683594,194.6699981689453,9027600
2024-12-12,188.3837127685547,191.4600067138672,195.4199981689453,191.2899932861328,194.6300048828125,7944900
2024-12-13,197.76058959960938,200.99000549316406,202.5399932861328,197.27000427246094,198.50999450683594,19477000
2024-12-16,198.9708251953125,202.22000122070312,205.5,200.8699951171875,203.1999969482422,15139300
2024-12-17,197.43588256835938,200.66000366210938,202.39999389648438,197.47000122070312,201.0,11169400
2024-12-18,192.41781616210938,195.55999755859375,205.24000549316406,193.9600067138672,203.0,14721100
2024-12-19,191.51260375976562,194.63999938964844,198.57000732421875,193.9499969482422,198.39999389648438,10553400
2024-12-20,194.0413055419922,197.2100067138672,198.0800018310547,191.97999572753906,192.60000610351562,16170100
2024-12-23,204.02822875976562,207.36000061035156,208.0500030517578,200.91000366210938,201.0,17847000
2024-12-24,203.0147705078125,206.3300018310547,207.1999969482422,204.5500030517578,205.9199981689453,7634500
2024-12-26,199.7973175048828,203.05999755859375,208.16000366210938,202.88999938964844,205.5,8044900
2024-12-27,198.39028930664062,201.6300048828125,204.5,199.0500030517578,204.5,10664400
2024-12-30,197.1702117919922,200.38999938964844,201.97000122070312,198.47999572753906,199.83999633789062,11235200
2024-12-31,194.3168182373047,197.49000549316406,201.77999877929688,197.36000061035156,200.7899932861328,6427900
2025-01-02,198.34109497070312,201.5800018310547,203.77000427246094,196.69000244140625,197.0,10951400
2025-01-03,205.2581329345703,208.61000061035156,208.8000030517578,203.6999969482422,204.10000610351562,10261900
2025-01-06,216.4749755859375,220.00999450683594,222.1999969482422,215.69000244140625,218.77000427246094,24339900
2025-01-07,208.02297973632812,211.4199981689453,221.47999572753906,211.32000732421875,221.24000549316406,17010000
2025-01-08,203.79208374023438,207.1199951171875,210.3000030517578,205.9199981689453,209.97000122070312,13262700
2025-01-10,205.02198791503906,208.3699951171875,209.97999572753906,203.22999572753906,207.60000610351562,17265200
2025-01-13,198.1246337890625,201.36000061035156,203.58999633789062,200.0500030517578,200.52000427246094,16612400
2025-01-14,198.2131805419922,201.4499969482422,206.25999450683594,198.5,205.19000244140625,14182900
2025-01-15,203.4772186279297,206.8000030517578,209.0399932861328,199.35000610351562,202.49000549316406,18286500
2025-01-16,211.33883666992188,214.7899932861328,221.9499969482422,213.1699981689453,218.88999938964844,38539600
2025-01-17,208.10169982910156,211.5,215.67999267578125,211.05999755859375,215.1699981689453,21606100
2025-01-21,215.18601989746094,218.6999969482422,220.14999389648438,212.0500030517578,214.4600067138672,19061300
2025-01-22,219.61370849609375,223.1999969482422,225.42999267578125,219.30999755859375,221.9499969482422,17294500
2025-01-23,221.01087951660156,224.6199951171875,224.6999969482422,219.41000366210938,220.10000610351562,8986800
2025-01-24,218.31491088867188,221.8800048828125,226.39999389648438,220.9600067138672,226.22000122070312,13183800
2025-01-27,189.22003173828125,192.30999755859375,207.0,187.6699981689453,197.0399932861328,68667500
2025-01-28,199.1479034423828,202.39999389648438,202.83999633789062,192.4600067138672,195.64999389648438,31738800
2025-01-29,199.0790557861328,202.3300018310547,206.4499969482422,199.75,204.49000549316406,15199500
2025-01-30,204.80552673339844,208.14999389648438,209.6199951171875,205.4199981689453,206.57000732421875,13539000
2025-01-31,205.9567413330078,209.32000732421875,215.0,208.1999969482422,209.92999267578125,15746900
2025-02-03,196.58969116210938,199.8000030517578,204.99000549316406,197.97999572753906,199.6300048828125,17719800
2025-02-04,200.7714080810547,204.0500030517578,205.75,202.0800018310547,204.07000732421875,12692900
2025-02-05,205.21878051757812,208.57000732421875,210.47999572753906,203.8300018310547,206.0,10997800
2025-02-06,207.1177520751953,210.5,211.17999267578125,207.0,210.05999755859375,8491400
2025-02-07,202.80813598632812,206.1199951171875,213.17999267578125,205.72000122070312,213.00999450683594,11616200
2025-02-10,204.60873413085938,207.9499969482422,209.97999572753906,206.52999877929688,208.0,9296500
2025-02-11,205.3860626220703,208.74000549316406,209.83999633789062,201.0,205.1300048828125,9224500
2025-02-12,203.06396484375,206.3800048828125,207.07000732421875,203.00999450683594,204.89999389648438,7373700
2025-02-13,198.58706665039062,201.8300018310547,202.3000030517578,199.22999572753906,201.8800048828125,15580900
2025-02-14,200.62379455566406,203.89999389648438,206.25,197.4600067138672,199.97999572753906,23220300
2025-02-18,199.4824676513672,202.74000549316406,205.85000610351562,200.52000427246094,204.75999450683594,14988100
2025-02-19,197.72120666503906,200.9499969482422,202.60000610351562,200.02000427246094,202.00999450683594,13163100
2025-02-20,196.8848876953125,200.10000610351562,200.33999633789062,197.61000061035156,200.27999877929688,10639300
2025-02-21,195.0547637939453,198.24000549316406,202.69000244140625,196.00999450683594,201.3300018310547,13757300
2025-02-24,188.5706329345703,191.64999389648438,198.7899932861328,191.4600067138672,196.8800048828125,15114300
2025-02-25,186.32728576660156,189.3699951171875,193.52999877929688,187.47000122070312,190.64999389648438,20581000
2025-02-26,191.492919921875,194.6199951171875,196.0800018310547,191.08999633789062,191.08999633789062,14112300
2025-02-27,178.18031311035156,181.08999633789062,194.77000427246094,181.0800018310547,194.69000244140625,24219200
2025-02-28,177.62933349609375,180.52999877929688,182.16000366210938,175.52000427246094,179.30999755859375,27929400
2025-03-03,170.1907958984375,172.97000122070312,181.57000732421875,171.07000732421875,181.14999389648438,37403000
2025-03-04,177.1078338623047,180.0,183.60000610351562,174.17999267578125,175.05999755859375,29395200
2025-03-05,181.31907653808594,184.27999877929688,184.74000549316406,180.72000122070312,183.0,17334000
2025-03-06,173.02450561523438,175.85000610351562,181.5500030517578,175.7899932861328,178.5800018310547,17864300
2025-03-07,174.25442504882812,177.10000610351562,178.47000122070312,171.02000427246094,175.7899932861328,21012700
2025-03-10,167.90805053710938,170.64999389648438,174.88999938964844,167.91000366210938,172.47000122070312,18265100
2025-03-11,168.22293090820312,170.97000122070312,173.3300018310547,168.10000610351562,170.64999389648438,16561100
2025-03-12,174.3232879638672,177.1699981689453,178.1300048828125,174.75999450683594,175.60000610351562,14737600
2025-03-13,168.83294677734375,171.58999633789062,173.88999938964844,170.5,173.88999938964844,14381600
2025-03-14,171.29278564453125,174.08999633789062,174.3699951171875,171.92999267578125,172.64999389648438,11449400
2025-03-17,173.4082489013672,176.24000549316406,177.16000366210938,173.82000732421875,173.9499969482422,9678100
2025-03-18,171.01193237304688,173.1300048828125,174.5800018310547,170.42999267578125,174.3800048828125,9986000
2025-03-19,171.63421630859375,173.75999450683594,175.72999572753906,171.74000549316406,173.0,10678500
2025-03-20,175.29884338378906,177.47000122070312,178.6699981689453,174.5500030517578,174.85000610351562,12209700
2025-03-21,174.56787109375,176.72999572753906,177.1999969482422,173.7899932861328,174.91000366210938,9993200
2025-03-24,178.94369506835938,181.16000366210938,182.92999267578125,179.67999267578125,179.99000549316406,11440000
2025-03-25,178.68685913085938,180.89999389648438,182.50999450683594,179.8000030517578,182.47000122070312,8718800
2025-03-26,171.37741088867188,173.5,179.5500030517578,171.47000122070312,179.22999572753906,14612400
2025-03-27,166.1817626953125,168.24000549316406,171.61000061035156,167.5500030517578,171.38999938964844,17559100
2025-03-28,163.2283172607422,165.25,168.6300048828125,164.05999755859375,168.0399932861328,16332000
2025-03-31,163.9691619873047,166.0,166.1300048828125,159.72999572753906,160.36000061035156,19408300
2025-04-01,166.5768585205078,168.63999938964844,168.8699951171875,165.05999755859375,166.38999938964844,9180000
2025-04-02,168.30545043945312,170.38999938964844,171.75,166.35000610351562,166.85000610351562,10072700
2025-04-03,155.4546356201172,157.3800048828125,161.8000030517578,157.2100067138672,160.05999755859375,28370500
2025-04-04,145.00405883789062,146.8000030517578,151.30999755859375,144.83999633789062,150.88999938964844,36085100
2025-04-07,144.3817596435547,146.1699981689453,153.75,134.25,134.50999450683594,46388300
2025-04-08,139.64048767089844,141.3699951171875,152.61000061035156,138.97999572753906,151.97999572753906,30479700
2025-04-09,156.80784606933594,158.75,160.6199951171875,137.89999389648438,140.1999969482422,45612500
2025-04-10,149.28109741210938,151.1300048828125,156.0,146.91000366210938,155.5,24503500
2025-04-11,155.1582794189453,157.0800018310547,158.00999450683594,153.25,156.0,19632200
2025-04-14,153.93345642089844,155.83999633789062,158.58999633789062,154.02999877929688,158.3000030517578,17509400
2025-04-15,155.4052276611328,157.3300018310547,158.25,156.0500030517578,156.49000549316406,14306600
2025-04-16,149.81446838378906,151.6699981689453,153.5399932861328,148.49000549316406,150.60000610351562,23806100
2025-04-17,149.8836212158203,151.74000549316406,157.5,151.4499969482422,156.0500030517578,27239900
2025-04-21,146.0510711669922,147.86000061035156,150.27999877929688,145.83999633789062,149.99000549316406,15170500
2025-04-22,149.5477752685547,151.39999389648438,152.60000610351562,147.44000244140625,148.0,12668600
2025-04-23,155.87937927246094,157.80999755859375,160.3800048828125,156.0,159.3699951171875,17667900
2025-04-24,162.17141723632812,164.17999267578125,164.5500030517578,157.38999938964844,157.77999877929688,18761100
2025-04-25,163.08018493652344,165.10000610351562,165.91000366210938,161.16000366210938,163.92999267578125,14654800
2025-04-28,161.40097045898438,163.39999389648438,165.32000732421875,160.5,165.0,11415600
2025-04-29,162.46774291992188,164.47999572753906,166.0,163.5,164.3800048828125,9830100
2025-04-30,164.6507110595703,166.69000244140625,166.9199981689453,161.75,163.5399932861328,10073000
2025-05-01,170.60694885253906,172.72000122070312,174.77999877929688,170.9499969482422,172.8000030517578,22670600
2025-05-02,177.08670043945312,179.27999877929688,180.64999389648438,177.13999938964844,179.8000030517578,21691200
2025-05-05,174.24191284179688,176.39999389648438,180.0800018310547,176.25,179.0,14618900
2025-05-06,170.17233276367188,172.27999877929688,174.74000549316406,170.58999633789062,172.60000610351562,14565600
2025-05-07,172.40467834472656,174.5399932861328,175.97999572753906,171.3699951171875,174.10000610351562,9682500
2025-05-08,173.0763702392578,175.22000122070312,177.4499969482422,173.66000366210938,175.33999633789062,10343000
2025-05-09,174.36045837402344,176.52000427246094,180.4600067138672,176.47000122070312,179.8000030517578,11582800
2025-05-12,184.69248962402344,186.97999572753906,189.1699981689453,184.61000061035156,187.27999877929688,22064900
2025-05-13,191.6167449951172,193.99000549316406,194.27999877929688,187.72000122070312,187.72000122070312,19996000
2025-05-14,192.37728881835938,194.75999450683594,196.22000122070312,193.22999572753906,195.27999877929688,12359000
2025-05-15,191.84393310546875,194.22000122070312,194.49000549316406,191.6300048828125,193.10000610351562,10241800
2025-05-16,191.84393310546875,194.22000122070312,195.0800018310547,192.57000732421875,194.52999877929688,9146700
2025-05-19,191.13270568847656,193.5,193.5,188.80999755859375,189.0,10144400
2025-05-20,191.0833282470703,193.4499969482422,193.72999572753906,190.80999755859375,191.8000030517578,7054100
2025-05-21,189.4140167236328,191.75999450683594,195.27000427246094,190.52999877929688,193.10000610351562,7375700
2025-05-22,193.78981018066406,196.19000244140625,196.8300018310547,191.33999633789062,191.33999633789062,11825000
2025-05-23,189.63131713867188,191.97999572753906,192.8000030517578,190.02999877929688,192.02000427246094,9403100
2025-05-27,195.26158142089844,197.67999267578125,198.30999755859375,193.6999969482422,194.10000610351562,12228200
2025-05-28,193.7404327392578,196.13999938964844,198.07000732421875,195.47999572753906,196.08999633789062,17787600
2025-05-29,194.73806762695312,197.14999389648438,199.8000030517578,196.0800018310547,199.4600067138672,14609900
2025-05-30,190.95492553710938,193.32000732421875,195.91000366210938,190.55999755859375,195.77000427246094,11998300
2025-06-02,192.45632934570312,194.83999633789062,195.16000366210938,192.1999969482422,193.0399932861328,7447400
2025-06-03,195.19244384765625,197.61000061035156,198.1699981689453,193.63999938964844,194.35000610351562,9548300
2025-06-04,199.923828125,202.39999389648438,204.02999877929688,200.3800048828125,201.3800048828125,13531100
2025-06-05,200.85232543945312,203.33999633789062,205.75999450683594,202.27999877929688,204.8800048828125,12214300
2025-06-06,202.66981506347656,205.17999267578125,206.2899932861328,203.22999572753906,203.5800018310547,8532000
2025-06-09,204.46755981445312,207.0,209.27000427246094,205.8699951171875,206.39999389648438,11472300
2025-06-10,209.86077880859375,212.4600067138672,213.22999572753906,209.9600067138672,211.61000061035156,14514000
2025-06-11,211.480712890625,214.10000610351562,217.42999267578125,212.9499969482422,215.0,13326400
2025-06-12,213.57249450683594,215.42999267578125,215.8800048828125,211.91000366210938,212.9199981689453,9796100
2025-06-13,209.27984619140625,211.10000610351562,213.25999450683594,209.39999389648438,210.11000061035156,10152500
2025-06-16,213.8203582763672,215.67999267578125,217.60000610351562,212.72999572753906,213.0,10932900
2025-06-17,212.0557098388672,213.89999389648438,215.94000244140625,213.5,213.88999938964844,8389700
2025-06-18,211.65914916992188,213.5,215.1699981689453,212.88999938964844,214.6999969482422,6932000
2025-06-20,207.70355224609375,209.50999450683594,215.5,208.14999389648438,215.1999969482422,16992000
2025-06-23,208.506591796875,210.32000732421875,210.58999633789062,206.1999969482422,206.6300048828125,7535500
2025-06-24,218.1923370361328,220.08999633789062,220.3699951171875,213.8800048828125,214.38999938964844,14814700
2025-06-25,220.81948852539062,222.74000549316406,223.5,220.8000030517578,220.8000030517578,9168400
2025-06-26,222.0785369873047,224.00999450683594,225.22000122070312,222.6999969482422,224.97999572753906,7982200
2025-06-27,226.59922790527344,228.57000732421875,228.8800048828125,224.02999877929688,224.3000030517578,13133000
2025-06-30,224.5371551513672,226.49000549316406,228.14999389648438,224.8000030517578,227.44000244140625,9279800
2025-07-01,222.7427520751953,224.67999267578125,228.60000610351562,221.17999267578125,227.42999267578125,9990200
2025-07-02,231.58584594726562,233.60000610351562,233.82000732421875,224.0,224.47999572753906,12012500
2025-07-03,232.77549743652344,234.8000030517578,237.5800018310547,233.27000427246094,233.8699951171875,7779600
2025-07-07,227.19403076171875,229.1699981689453,232.5500030517578,227.44000244140625,231.6300048828125,13817500
2025-07-08,225.8953399658203,227.86000061035156,230.3300018310547,227.5399932861328,229.77999877929688,8854400
2025-07-09,229.8410186767578,231.83999633789062,233.27000427246094,230.24000549316406,230.4499969482422,9475300
2025-07-10,227.77894592285156,229.75999450683594,233.0500030517578,227.77000427246094,232.77999877929688,13124700
2025-07-11,228.41343688964844,230.39999389648438,232.27000427246094,229.39999389648438,231.0,8817800
2025-07-14,226.69834899902344,228.6699981689453,229.85000610351562,226.30999755859375,229.3300018310547,10673500
2025-07-15,234.90695190429688,236.9499969482422,237.7100067138672,233.85000610351562,234.4600067138672,14270100
2025-07-16,235.51170349121094,237.55999755859375,238.30999755859375,234.14999389648438,236.39999389648438,15092800
2025-07-17,243.48239135742188,245.60000610351562,248.27999877929688,241.38999938964844,245.7899932861328,27395700
2025-07-18,238.32720947265625,240.39999389648438,245.97000122070312,238.69000244140625,245.30999755859375,16252000
2025-07-21,236.79058837890625,238.85000610351562,242.33999633789062,238.7100067138672,240.1199951171875,11971800
2025-07-22,232.5772247314453,234.60000610351562,238.0,231.75999450683594,237.8300018310547,11919500
2025-07-23,238.25782775878906,240.3300018310547,240.5,236.3800048828125,238.52000427246094,9885400
2025-07-24,239.51687622070312,241.60000610351562,241.9499969482422,238.02999877929688,240.2100067138672,9081900
2025-07-25,243.48239135742188,245.60000610351562,246.24000549316406,240.94000244140625,241.32000732421875,11593400
2025-07-28,240.65695190429688,242.75,243.9499969482422,241.0500030517578,243.0,11892200
2025-07-29,239.2491912841797,241.3300018310547,243.97000122070312,239.82000732421875,241.5,9411500
2025-07-30,240.8155975341797,242.91000366210938,244.57000732421875,241.22000122070312,242.1199951171875,6823800
2025-07-31,239.5366973876953,241.6199951171875,247.41000366210938,239.8000030517578,245.97999572753906,13490700
2025-08-01,233.1819610595703,235.2100067138672,237.19000244140625,231.83999633789062,235.6199951171875,13549800
2025-08-04,236.9392852783203,239.0,239.0,236.38999938964844,237.91000366210938,6450700
2025-08-05,230.46559143066406,232.47000122070312,238.6300048828125,230.1699981689453,238.3300018310547,11868900
2025-08-06,229.3750762939453,231.3699951171875,232.1999969482422,228.82000732421875,231.02999877929688,9457200
2025-08-07,240.52806091308594,242.6199951171875,247.83999633789062,240.8000030517578,244.47000122070312,17691000
2025-08-08,239.74488830566406,241.8300018310547,243.16000366210938,238.97000122070312,243.16000366210938,10552500
2025-08-11,240.0026397705078,242.08999633789062,245.35000610351562,241.5399932861328,242.0399932861328,8272900
2025-08-12,242.18365478515625,244.2899932861328,244.77000427246094,241.6999969482422,243.72000122070312,7295800
2025-08-13,239.35824584960938,241.44000244140625,246.42999267578125,239.94000244140625,246.42999267578125,7971900
2025-08-14,238.9220428466797,241.0,241.3800048828125,236.82000732421875,237.97000122070312,11040500
2025-08-15,236.82032775878906,238.8800048828125,240.8000030517578,237.25999450683594,240.3300018310547,8155500
2025-08-18,239.32852172851562,241.41000366210938,242.86000061035156,239.99000549316406,239.99000549316406,6919800
2025-08-19,230.693603515625,232.6999969482422,240.1699981689453,232.5800018310547,240.02000427246094,14594700
2025-08-20,226.62896728515625,228.60000610351562,229.02999877929688,223.6999969482422,228.13999938964844,17165200
2025-08-21,225.3699188232422,227.3300018310547,230.3300018310547,226.25999450683594,228.14999389648438,7449100
2025-08-22,230.98109436035156,232.99000549316406,234.4499969482422,226.1699981689453,228.0,10299500
2025-08-25,233.5586700439453,235.58999633789062,237.27999877929688,232.25,234.3000030517578,7655000
2025-08-26,236.6616973876953,238.72000122070312,238.8300018310547,235.72999572753906,236.3699951171875,9793100
2025-08-27,237.22677612304688,239.2899932861328,239.39999389648438,235.44000244140625,236.8699951171875,9516400
2025-08-28,236.215576171875,238.27000427246094,240.66000366210938,236.0,236.3000030517578,8466200
2025-08-29,228.87937927246094,230.8699951171875,235.9499969482422,230.5800018310547,235.83999633789062,15526000
2025-09-02,226.42076110839844,228.38999938964844,229.33999633789062,225.6300048828125,226.14999389648438,13974900
2025-09-03,229.3948974609375,231.38999938964844,232.4499969482422,228.60000610351562,231.52000427246094,7198500
2025-09-04,233.1819610595703,235.2100067138672,235.30999755859375,230.3000030517578,231.35000610351562,6241900
2025-09-05,241.31126403808594,243.41000366210938,244.5500030517578,237.89999389648438,240.24000549316406,14056600
2025-09-08,245.0586700439453,247.19000244140625,247.8800048828125,241.6199951171875,241.99000549316406,12986600
2025-09-09,248.75650024414062,250.9199981689453,254.72999572753906,246.92999267578125,246.92999267578125,13443400
2025-09-10,258.1944274902344,260.44000244140625,264.5799865722656,257.75,258.8699951171875,18822400
2025-09-11,256.6776123046875,258.9100036621094,261.6400146484375,258.2300109863281,260.3500061035156,10005000
2025-09-12,257.0939636230469,259.3299865722656,260.95001220703125,258.3800048828125,260.8500061035156,8496600
2025-09-15,259.1263122558594,261.3800048828125,262.79998779296875,258.75,260.0,8147700
2025-09-16,260.62005615234375,262.05999755859375,266.44000244140625,260.6099853515625,265.9200134277344,10381900
2025-09-17,261.3460693359375,262.7900085449219,264.80999755859375,259.7300109863281,264.3399963378906,10422000
2025-09-18,267.1639099121094,268.6400146484375,270.5400085449219,257.9800109863281,258.0,16917300
2025-09-19,263.41461181640625,264.8699951171875,266.57000732421875,262.80999755859375,266.3699951171875,17640200
2025-09-22,271.1319885253906,272.6300048828125,276.3599853515625,265.45001220703125,266.5400085449219,15630300
2025-09-23,281.1566162109375,282.7099914550781,286.0,280.0,282.3999938964844,17830300
2025-09-24,279.1676025390625,280.7099914550781,281.2099914550781,276.7200012207031,280.30999755859375,10231000
2025-09-25,275.1398620605469,276.6600036621094,277.1400146484375,270.19000244140625,273.1199951171875,11863400
2025-09-26,271.85797119140625,273.3599853515625,275.5,270.6199951171875,273.8900146484375,10451900
2025-09-29,271.7287292480469,273.2300109863281,279.8699951171875,273.2300109863281,276.489990234375,8046200
2025-09-30,277.75543212890625,279.2900085449219,279.489990234375,273.8299865722656,275.32000732421875,8348800
2025-10-01,286.88494873046875,288.4700012207031,290.4800109863281,277.1700134277344,278.44000244140625,14620100
2025-10-02,286.52691650390625,288.1099853515625,296.7200012207031,287.0299987792969,296.5199890136719,10198000
2025-10-03,290.58453369140625,292.19000244140625,296.05999755859375,290.489990234375,292.8599853515625,10572500
2025-10-06,300.7384033203125,302.3999938964844,307.29998779296875,299.94000244140625,300.010009765625,15785000
2025-10-07,292.4143981933594,294.0299987792969,307.1000061035156,293.2799987792969,306.6199951171875,13081000
2025-10-08,302.8467712402344,304.5199890136719,306.3999938964844,293.9800109863281,295.0,12821200
2025-10-09,298.2322692871094,299.8800048828125,302.8299865722656,297.4200134277344,302.30999755859375,10259900
2025-10-10,279.11785888671875,280.6600036621094,300.20001220703125,280.3299865722656,299.9599914550781,23398000
2025-10-13,301.2257385253906,302.8900146484375,304.6300048828125,292.32000732421875,298.239990234375,20318300
2025-10-14,294.3139343261719,295.94000244140625,301.75,291.3399963378906,295.6300048828125,16567900
2025-10-15,303.03570556640625,304.7099914550781,306.6099853515625,300.07000732421875,306.2900085449219,20788000
2025-10-16,298.1924743652344,299.8399963378906,311.3699951171875,296.69000244140625,310.92999267578125,26341500
2025-10-17,293.4586181640625,295.0799865722656,303.29998779296875,294.9200134277344,298.3999938964844,17633300
2025-10-20,296.06427001953125,297.70001220703125,303.6499938964844,297.05999755859375,300.0,13391600
2025-10-21,292.89178466796875,294.510009765625,299.3699951171875,293.6600036621094,299.0,11190500
2025-10-22,287.292724609375,288.8800048828125,295.20001220703125,284.3999938964844,293.0,15409100
2025-10-23,289.1325378417969,290.7300109863281,294.0899963378906,289.6300048828125,289.79998779296875,10379900
2025-10-24,293.33929443359375,294.9599914550781,297.95001220703125,294.3900146484375,295.57000732421875,8747000
2025-10-27,296.6112365722656,298.25,300.4800109863281,293.69000244140625,298.6499938964844,13615000
2025-10-28,299.8731994628906,301.5299987792969,302.1300048828125,296.0799865722656,298.32000732421875,11804200
2025-10-29,303.41363525390625,305.0899963378906,307.9599914550781,302.3800048828125,305.79998779296875,16177300
2025-10-30,301.55389404296875,303.2200012207031,307.30999755859375,300.82000732421875,303.0799865722656,14507100
2025-10-31,298.77923583984375,300.42999267578125,307.67999267578125,296.67999267578125,305.989990234375,12667900
2025-11-03,303.18487548828125,304.8599853515625,310.1199951171875,302.1199951171875,302.5899963378906,12466600
2025-11-04,292.4342956542969,294.04998779296875,301.989990234375,293.510009765625,296.8800048828125,16224300
2025-11-05,292.02655029296875,293.6400146484375,298.2200012207031,291.5,292.6199951171875,10502500
2025-11-06,287.65069580078125,289.239990234375,294.6400146484375,287.3800048828125,294.1000061035156,11516900
2025-11-07,284.92578125,286.5,287.8900146484375,277.1300048828125,285.2099914550781,15715700
2025-11-10,293.6475830078125,295.2699890136719,297.1300048828125,291.75,294.3599853515625,10869200
2025-11-11,289.57012939453125,291.1700134277344,294.9200134277344,288.9100036621094,292.05999755859375,9666300
2025-11-12,289.02313232421875,290.6199951171875,294.8699951171875,289.5799865722656,293.70001220703125,9715900
2025-11-13,280.6494445800781,282.20001220703125,289.5,280.0,289.1700134277344,13827600
2025-11-14,283.2550048828125,284.82000732421875,286.8599853515625,273.2300109863281,275.9100036621094,11486800
2025-11-17,280.46044921875,282.010009765625,286.5299987792969,279.79998779296875,281.44000244140625,10227100
2025-11-18,276.38299560546875,277.9100036621094,280.19000244140625,272.7200012207031,277.54998779296875,11850400
2025-11-19,280.8184814453125,282.3699951171875,284.54998779296875,276.32000732421875,276.9200134277344,11179200
2025-11-20,275.9752197265625,277.5,292.8500061035156,276.4100036621094,292.2099914550781,15747300
2025-11-21,273.54864501953125,275.05999755859375,278.69000244140625,266.82000732421875,272.80999755859375,20872800
2025-11-24,283.0760192871094,284.6400146484375,285.05999755859375,273.19000244140625,273.19000244140625,13570300
2025-11-25,283.1157531738281,284.67999267578125,285.3999938964844,273.0799865722656,282.7300109863281,13726800
2025-11-26,288.36676025390625,289.9599914550781,292.80999755859375,287.7300109863281,289.1000061035156,12220300
2025-11-28,289.9082336425781,291.510009765625,292.6700134277344,289.0,292.4800109863281,5515400
2025-12-01,286.0992736816406,287.67999267578125,291.1600036621094,283.19000244140625,286.9200134277344,7713000
2025-12-02,290.48504638671875,292.0899963378906,294.5,289.17999267578125,292.0,10746400
2025-12-03,293.8266296386719,295.45001220703125,296.6199951171875,286.07000732421875,292.17999267578125,9599200
2025-12-04,291.3204650878906,292.92999267578125,294.0299987792969,290.20001220703125,293.9800109863281,6753000
2025-12-05,293.1006164550781,294.7200012207031,300.79998779296875,293.25,296.04998779296875,10275300
2025-12-08,300.2113342285156,301.8699951171875,302.6199951171875,296.7200012207031,301.20001220703125,16643100
2025-12-09,301.7428894042969,303.4100036621094,304.67999267578125,298.5,299.989990234375,11349100
2025-12-10,308.4359130859375,310.1400146484375,313.9800109863281,302.5,305.3699951171875,12429200
2025-12-11,303.993408203125,304.8500061035156,305.8399963378906,299.6400146484375,305.32000732421875,15028400
2025-12-12,291.21942138671875,292.0400085449219,304.2799987792969,290.9800109863281,304.2799987792969,19306100
2025-12-15,286.9314880371094,287.739990234375,295.79998779296875,287.54998779296875,295.1499938964844,12082400
2025-12-16,286.0639343261719,286.8699951171875,288.4599914550781,283.32000732421875,287.260009765625,11418400
2025-12-17,276.1817626953125,276.9599914550781,289.1000061035156,275.0799865722656,288.5299987792969,16823000
2025-12-18,283.88006591796875,284.67999267578125,287.1600036621094,281.75,285.0,11260300
2025-12-19,288.1380920410156,288.95001220703125,292.1700134277344,286.3800048828125,286.3800048828125,12735800
2025-12-22,292.4559020996094,293.2799987792969,295.010009765625,291.2099914550781,294.6700134277344,6091100
2025-12-23,296.1156311035156,296.95001220703125,297.9100036621094,292.20001220703125,293.3999938964844,6802300
2025-12-24,297.96038818359375,298.79998779296875,299.1600036621094,296.2300109863281,297.739990234375,2753900
2025-12-26,301.9890441894531,302.8399963378906,303.3800048828125,298.5199890136719,299.8999938964844,5125900
2025-12-29,300.074462890625,300.9200134277344,304.5,298.6499938964844,301.7799987792969,6205100
2025-12-30,298.7381896972656,299.5799865722656,304.54998779296875,299.45001220703125,302.3599853515625,6190600
2025-12-31,303.0361328125,303.8900146484375,307.3900146484375,303.42999267578125,304.0,8175100
2026-01-02,318.7119140625,319.6099853515625,321.5899963378906,311.70001220703125,311.9800109863281,18526900
2026-01-05,321.3445129394531,322.25,331.25,321.5,330.3999938964844,17446300
2026-01-06,326.50994873046875,327.42999267578125,333.0799865722656,324.5899963378906,330.2200012207031,15599600
2026-01-07,317.7845458984375,318.67999267578125,326.29998779296875,318.5400085449219,324.6700134277344,11744800
2026-01-08,317.1164245605469,318.010009765625,324.5,316.1400146484375,324.3900146484375,10850800
2026-01-09,322.72064208984375,323.6300048828125,324.7699890136719,318.25,319.8299865722656,12325100
2026-01-12,330.8377685546875,331.7699890136719,333.54998779296875,321.05999755859375,322.1000061035156,12714800
2026-01-13,330.2793273925781,331.2099914550781,336.4200134277344,330.7799987792969,332.8699951171875,11473600
2026-01-14,326.19085693359375,327.1099853515625,329.8599853515625,324.82000732421875,329.8599853515625,11210800
2026-01-15,340.6800537109375,341.6400146484375,351.3299865722656,337.9200134277344,342.80999755859375,42188500
2026-01-16,341.4378967285156,342.3999938964844,349.8500061035156,341.4599914550781,346.510009765625,18246100
2026-01-20,326.24072265625,327.1600036621094,342.1499938964844,326.8999938964844,340.7900085449219,22809900
2026-01-21,325.2036437988281,326.1199951171875,333.6400146484375,325.67999267578125,333.42999267578125,16789800
2026-01-22,326.45013427734375,327.3699951171875,335.04998779296875,326.8999938964844,333.4200134277344,12801000
2026-01-23,333.9290466308594,334.8699951171875,337.1499938964844,331.3699951171875,332.07000732421875,12904400
2026-01-26,331.7751159667969,332.7099914550781,335.1000061035156,330.2300109863281,332.7900085449219,8646400
2026-01-27,337.3893127441406,338.3399963378906,341.25,334.55999755859375,336.5,11298100
2026-01-28,341.3381652832031,342.29998779296875,345.5,338.6600036621094,343.0299987792969,12140100
2026-01-29,338.59588623046875,339.54998779296875,343.739990234375,328.20001220703125,339.79998779296875,13844800
2026-01-30,329.63116455078125,330.55999755859375,339.8999938964844,329.1000061035156,335.4200134277344,12028100
2026-02-02,340.40081787109375,341.3599853515625,344.20001220703125,329.1000061035156,330.760009765625,12459100
2026-02-03,334.80657958984375,335.75,347.04998779296875,330.0199890136719,345.07000732421875,12540000
2026-02-04,324.82470703125,325.739990234375,338.79998779296875,319.07000732421875,335.6000061035156,18176000
2026-02-05,329.8006896972656,330.7300109863281,334.57000732421875,319.6499938964844,322.82000732421875,14812000
2026-02-06,347.8697814941406,348.8500061035156,349.7200012207031,336.6499938964844,337.5,17025500
2026-02-09,354.4113464355469,355.4100036621094,359.6000061035156,347.79998779296875,348.760009765625,14594900
2026-02-10,360.89306640625,361.9100036621094,364.760009765625,356.3900146484375,364.3299865722656,14622100
2026-02-11,373.0388488769531,374.0899963378906,379.5799865722656,368.3900146484375,370.0799865722656,18651300
2026-02-12,367.065673828125,368.1000061035156,380.0,322.1000061035156,379.0,16835400
2026-02-13,365.33056640625,366.3599853515625,371.1099853515625,360.7699890136719,369.1499938964844,10468200
2026-02-17,363.1766662597656,364.20001220703125,366.20001220703125,356.239990234375,361.8699951171875,10063800
2026-02-18,361.2420959472656,362.260009765625,369.3900146484375,360.7099914550781,363.8599853515625,7310500
2026-02-19,359.3773498535156,360.3900146484375,362.79998779296875,357.44000244140625,359.7200012207031,6346500
2026-02-20,369.49884033203125,370.5400085449219,372.20001220703125,359.1000061035156,359.7799987792969,9009200
2026-02-23,369.000244140625,370.0400085449219,373.42999267578125,366.4599914550781,367.010009765625,9550200
2026-02-24,384.66607666015625,385.75,389.17999267578125,376.04998779296875,379.3999938964844,13269500
2026-02-25,386.6405334472656,387.7300109863281,390.2099914550781,384.8299865722656,390.2099914550781,10948400
2026-02-26,375.751220703125,376.80999755859375,386.4700012207031,369.70001220703125,386.17999267578125,14535700
2026-02-27,373.5274658203125,374.5799865722656,376.67999267578125,368.6199951171875,370.1400146484375,9186600
2026-03-02,368.07281494140625,369.1099853515625,373.1000061035156,364.6499938964844,365.3599853515625,12571600
2026-03-03,352.13775634765625,353.1300048828125,355.9800109863281,344.1400146484375,349.54998779296875,18580200
2026-03-04,356.4356384277344,357.44000244140625,361.0899963378906,354.54998779296875,357.42999267578125,12131100
2026-03-05,352.8656921386719,353.8599853515625,359.4700012207031,343.79998779296875,354.8999938964844,16249800
2026-03-06,337.9377746582031,338.8900146484375,348.7200012207031,336.69000244140625,343.5,13803000
2026-03-09,347.72021484375,348.70001220703125,349.3999938964844,331.9200134277344,335.6000061035156,19182800
2026-03-10,346.1147155761719,347.0899963378906,353.5,344.30999755859375,348.4700012207031,12985600
2026-03-11,353.563720703125,354.55999755859375,357.3500061035156,350.3599853515625,353.92999267578125,10683300
2026-03-12,335.7638854980469,336.7099914550781,346.8900146484375,336.3800048828125,345.92999267578125,17549400
2026-03-13,337.359375,338.30999755859375,344.5199890136719,336.2200012207031,343.9200134277344,17299900
2026-03-16,339.2740173339844,340.2300109863281,344.6300048828125,339.82000732421875,341.25,11123500
2026-03-17,345.9800109863281,345.9800109863281,346.760009765625,338.3999938964844,340.6000061035156,11434600
2026-03-18,339.57000732421875,339.57000732421875,347.95001220703125,339.3399963378906,345.7799987792969,12632600
2026-03-19,338.7900085449219,338.7900085449219,339.8999938964844,325.19000244140625,329.2200012207031,15411600
2026-03-20,329.239990234375,329.239990234375,337.6000061035156,325.8999938964844,336.67999267578125,17424200
2026-03-23,338.45001220703125,338.45001220703125,343.4100036621094,331.1000061035156,331.1000061035156,15857200
2026-03-24,343.25,343.25,344.8800048828125,334.0199890136719,335.57000732421875,9725000
2026-03-25,347.75,347.75,350.45001220703125,343.5,346.0,12166900
2026-03-26,326.1099853515625,326.1099853515625,340.9100036621094,325.3699951171875,339.82000732421875,14560200
2026-03-27,326.739990234375,326.739990234375,329.55999755859375,322.30999755859375,324.8299865722656,14484500
2026-03-30,316.5,316.5,329.6000061035156,313.79998779296875,327.20001220703125,15740000
2026-03-31,337.95001220703125,337.95001220703125,338.4100036621094,321.1400146484375,322.30999755859375,18488000
2026-04-01,341.489990234375,341.489990234375,348.67999267578125,339.75,343.8999938964844,15011600
2026-04-02,339.0400085449219,339.0400085449219,342.07000732421875,326.79998779296875,326.8399963378906,8994600
2026-04-06,341.760009765625,341.760009765625,344.20001220703125,338.6199951171875,339.75,5884800
2026-04-07,345.32000732421875,345.32000732421875,345.5299987792969,335.6499938964844,339.44000244140625,6823500
2026-04-08,365.8999938964844,365.8999938964844,374.29998779296875,359.239990234375,370.2900085449219,16356900
2026-04-09,365.489990234375,365.489990234375,368.1700134277344,360.7200012207031,363.29998779296875,9246000
2026-04-10,370.6000061035156,370.6000061035156,378.0,369.75,375.5899963378906,13168200
2026-04-13,369.57000732421875,369.57000732421875,371.4599914550781,366.04998779296875,370.260009765625,9596300
2026-04-14,379.8900146484375,379.8900146484375,382.1600036621094,373.2200012207031,379.0400085449219,12859500
2026-04-15,375.1000061035156,375.1000061035156,381.9800109863281,372.2099914550781,381.4100036621094,14955500
2026-04-16,363.3500061035156,363.3500061035156,370.20001220703125,360.54998779296875,368.8599853515625,26405800
2026-04-17,370.5,370.5,375.5799865722656,365.1400146484375,373.20001220703125,18419400
2026-04-20,366.239990234375,366.239990234375,370.07000732421875,364.25,369.2200012207031,11638300
2026-04-21,368.0799865722656,368.0799865722656,370.75,365.1099853515625,368.0799865722656,9808200
2026-04-22,387.44000244140625,387.44000244140625,387.9100036621094,370.6400146484375,371.7799987792969,16317200
2026-04-23,382.6600036621094,382.6600036621094,388.760009765625,375.80999755859375,384.25,12224900
2026-04-24,402.4599914550781,402.4599914550781,409.489990234375,393.8500061035156,396.1400146484375,21603600
2026-04-27,404.9800109863281,404.9800109863281,414.5,400.3999938964844,413.75,16561200
2026-04-28,392.3399963378906,392.3399963378906,397.8699951171875,384.70001220703125,392.1199951171875,14715800
2026-04-29,393.8299865722656,393.8299865722656,395.8500061035156,388.17999267578125,392.9100036621094,10313000
2026-04-30,396.05999755859375,396.05999755859375,398.7900085449219,385.7099914550781,397.80999755859375,12788100
2026-05-01,397.6700134277344,397.6700134277344,403.989990234375,392.1300048828125,393.44000244140625,9926400
2026-05-04,401.6099853515625,401.6099853515625,407.70001220703125,395.20001220703125,404.5199890136719,9978500
2026-05-05,394.4100036621094,394.4100036621094,406.1300048828125,392.6000061035156,404.6000061035156,14579000
2026-05-06,419.5,419.5,419.70001220703125,400.6499938964844,402.3999938964844,17736400
2026-05-07,414.1499938964844,414.1499938964844,420.0,408.1099853515625,418.0899963378906,13403200
2026-05-08,411.67999267578125,411.67999267578125,417.0,400.8800048828125,416.95001220703125,18531200
2026-05-11,404.5400085449219,404.5400085449219,407.7300109863281,398.19000244140625,406.739990234375,14680000
2026-05-12,397.2799987792969,397.2799987792969,402.239990234375,386.1199951171875,397.75,18121800
2026-05-13,399.79998779296875,399.79998779296875,404.67999267578125,391.4700012207031,398.2699890136719,13127800
2026-05-14,417.7200012207031,417.7200012207031,421.9700012207031,402.1000061035156,403.2099914550781,18577100
2026-05-15,404.3500061035156,404.3500061035156,409.8699951171875,398.8299865722656,406.5,11868600
2026-05-18,395.95001220703125,395.95001220703125,406.8800048828125,391.04998779296875,406.8800048828125,12117200
2026-05-19,392.6099853515625,392.6099853515625,398.8800048828125,385.05999755859375,389.510009765625,14083000
2026-05-20,401.6199951171875,401.6199951171875,403.8800048828125,395.95001220703125,397.0,10254300
2026-05-21,407.1499938964844,407.1499938964844,411.4599914550781,399.510009765625,399.510009765625,8937900
2026-05-22,404.5199890136719,404.5199890136719,410.6700134277344,402.8599853515625,409.42999267578125,7111900
2026-05-26,412.32000732421875,412.32000732421875,416.489990234375,410.07000732421875,413.1199951171875,10132000
2026-05-27,422.7300109863281,422.7300109863281,430.54998779296875,415.3800048828125,427.0199890136719,14695600
2026-05-28,424.8599853515625,424.8599853515625,427.6000061035156,414.7099914550781,422.2200012207031,8905800
2026-05-29,418.45001220703125,418.45001220703125,430.44000244140625,417.25,427.07000732421875,11232300
2026-06-01,435.6300048828125,435.6300048828125,449.3900146484375,422.5,424.8800048828125,18009700
